Title,Title (exact),Title screen,Title screen (exact),ID,Region,Release date,Developer,Publisher,Tags,MD5,SHA1,SHA256,SHA512
007: Everything or Nothing,=,007: Everything or Nothing,007: Everything or Nothing エブリシング オア ナッシング,007everythingornothinggba,Japan,2004-02-11,Griptonite,Electronic Arts,#players:4:vs #genre:action>runandgun:adventure:shmup>i #addon:link>gbacable>gbalinkcable #embedded:backup>eeprom #save:backup #based:movie #lang:ja,55354d9e3bc9c1fa682b5110e5ed1544,6e4e9be9a07580ef267be9c2ea1bd0730b3be44a,1c3ee2537a19fc88537f29d3aa6a08104a350e1fc87fe16da70f041ba0c13031,9dcc0b23635905e7a27da85d4794738ff704dac138d7c657f3960b7c2d9d70768b7b1fc2ed6769945cdbcd29a3b2f33f2d65fcf7fb20682bdf63aefc518f475b
007: Everything or Nothing,=,007: Everything or Nothing,=,007everythingornothinggba,USA,2003-11-17,Griptonite,Electronic Arts,#players:1 #genre:action>runandgun:adventure:shmup>i #addon:link>gbacable #embedded:backup>eeprom #save:backup #based:movie #lang:en:fr:de,b63b2244edc2385ae1eab9c8ee448c6f,fc6163f99b71b05c10686a0d29010b31274e1dc4,45d0003d5612d4f0a4b57adcf7ddbe6bb10c1e7f7c01f02472967fc690cf6676,eb37903d33c5fd78b04f26b37807d0982b413b497db11d75a706b39d3d5b25d72edddb2cd263036fc3d986a3224bd817fc9b64fa7e6143155341c6ac5060d0f4
007: Everything or Nothing,=,007: Everything or Nothing,=,007everythingornothinggba,Europe,2003-12-05,Griptonite,Electronic Arts,#players:1 #genre:action>runandgun:adventure:shmup>i #addon:link>gbacable #embedded:backup>eeprom #save:backup #based:movie #lang:en:fr:de,b63b2244edc2385ae1eab9c8ee448c6f,fc6163f99b71b05c10686a0d29010b31274e1dc4,45d0003d5612d4f0a4b57adcf7ddbe6bb10c1e7f7c01f02472967fc690cf6676,eb37903d33c5fd78b04f26b37807d0982b413b497db11d75a706b39d3d5b25d72edddb2cd263036fc3d986a3224bd817fc9b64fa7e6143155341c6ac5060d0f4
007: NightFire,=,007: NightFire,=,007nightfire,USA,2003-03-18,JV Games,Electronic Arts,#players:1 #genre:shooting>fps #embedded:backup>eeprom #save:backup #based:movie #port:nintendo>gamecube #lang:en:fr:de,71259fb2bf7adeb9b5d8c84619a2531e,f4363923181b71448ddd6e28ac72d30b3ecfc019,b39b223cfa5a6e19de3f7c3a9aca254a41eb2eebcf2718c8e0d0575291f7e903,4cd42c70dfb86d1588814e69be146b8d0fb1a8c9aededc16eaea16def9111984fe936664cf3c3f550206dc337188b0d13162579c92b0a4a670f84a6200cb6351
007: NightFire,=,007: NightFire,=,007nightfire,Europe,2003-03-28,JV Games,Electronic Arts,#players:1 #genre:shooting>fps #embedded:backup>eeprom #save:backup #based:movie #lang:en:fr:de,71259fb2bf7adeb9b5d8c84619a2531e,f4363923181b71448ddd6e28ac72d30b3ecfc019,b39b223cfa5a6e19de3f7c3a9aca254a41eb2eebcf2718c8e0d0575291f7e903,4cd42c70dfb86d1588814e69be146b8d0fb1a8c9aededc16eaea16def9111984fe936664cf3c3f550206dc337188b0d13162579c92b0a4a670f84a6200cb6351
2 Disney Games: Disney Sports: Skateboarding + Disney Sports: Football,=,Disney Sports: Football / Disney Sports: Skateboarding,=,2disneygamesskateboardingfootball,Europe,2005-12-22,KCEO,BVG,#players:4:coop:vs #genre:sports>soccer>skateboarding #addon:link>gbalinkcable #embedded:backup>eeprom #save:backup #based:disney #search:feature>mickey>donald #compilation:disneysportssoccer:disneysportsskateboarding #lang:en:fr:de:es:it,65f0e74f89304841252b598a708a65ff,04e81e2488e988810332eb215651ef7e57c95bf3,f97c95207d4128429f9117239bc341b410de881f0c8fa156d94db0159f2250a7,0cd114274bbcf2d7fb323142f7603a4e0ae979032f6ca727762113748933736715a294827adcfa7538c2ba12db5a32b2e7b7e9e80a815417c0d9cb6802c1ce7f
2 Disney Games: Lilo & Stitch 2 + Peter Pan: Return to Never·Land,2 Disney Games: Disney's Lilo & Stitch 2 + Disney's Peter Pan: Return to Never·Land,Peter Pan: Return to Never·Land / Lilo & Stitch 2,Disney's Peter Pan: Return to Never·Land / Disney's Lilo & Stitch 2,2disneygamesliloandstitch2peterpanreturntoneverland,Europe,2005-09-15,Climax/Crawfish,Disney,#players:1 #genre:action>platformer>runandgun:puzzle:shooting>rail #embedded:backup>eeprom #save:backup #based:movie:disney #compilation:liloandstitch2haemstervielhavoc:peterpanreturntoneverland #lang:en:fr:de:es:it:nl,596df9a6f24ed99fe5e064ffd9382726,4b0455173b592407db9460b7e38fb209fd549772,dec6185535078388bbcd1a397aa5ddbea8314da6c04f7a263332b9fce8d28ef8,a9e6fa960c580fbcd54f2e16e608ba051448d948c0eb599ef6da914557a5f8291a97b89466bdb93ae1acceca8e5c63cd66ab0f82633f3e6cdaa8ce6c1f6f6c62
2 Game Pack! Hot Wheels: Stunt Track Challenge / Hot Wheels: World Race,=,Hot Wheels: Stunt Track Challenge / Hot Wheels: World Race,=,2gamepackhotwheelsstunttrackchallengeworldrace,USA,2006-08-30,Razorback/Climax,DSI,#players:4:vs #genre:racing>combat #addon:link>gbalinkcable #save:password #based:movie #compilation:hotwheelsstunttrackchallenge:hotwheelsworldrace #lang:en,4daf3d378d5f91277f43a5555829fdc7,717b2a739c8932374ab48a9c2bbd76a44b4cf2f3,a78615db60a1f4e17cf518328049a46d27e07090d1f2920451cecf2ab80fcec3,d5c7190ae7d128f23b4ce485c658db5d666fb997c4cd454b30273aae798b4c80da505bb2493d8af56df38c14224c69456ad967fa06ba3c8cb2805b28202ff985
2 Game Pack! Hot Wheels: Stunt Track Challenge / Hot Wheels: World Race,=,Hot Wheels: Stunt Track Challenge / Hot Wheels: World Race,=,2gamepackhotwheelsstunttrackchallengeworldrace,Europe,2006-11-24,Razorback/Climax,Zoo,#players:4:vs #genre:racing>combat #addon:link>gbalinkcable #save:password #based:movie #compilation:hotwheelsstunttrackchallenge:hotwheelsworldrace #lang:en,4daf3d378d5f91277f43a5555829fdc7,717b2a739c8932374ab48a9c2bbd76a44b4cf2f3,a78615db60a1f4e17cf518328049a46d27e07090d1f2920451cecf2ab80fcec3,d5c7190ae7d128f23b4ce485c658db5d666fb997c4cd454b30273aae798b4c80da505bb2493d8af56df38c14224c69456ad967fa06ba3c8cb2805b28202ff985
2 Game Pack! Matchbox Missions: Air‚ Land and Sea Rescue & Emergency Response,=,Emergency Response / Air‚ Land & Sea Rescue,=,2gamepackmatchboxmissions,Europe,2006-09-08,Gravity-i,Zoo,#players:1 #genre:minigames:racing #save:password #based #lang:en:fr:de:es:it,f008f97617b59e221f8135838f7ddcee,7f42797df47182a3e6e7aed89a6fd98577d759e0,fddaa5251d900255a8b73a6618e94862c19d2964a6b5830e280f5cd92f11c22e,bcd88f6b8e680dfd9cd1ac057efd2560655e6aea693239cd62595a0501ce230a73ea25e46beb9ecff0f1783aa7e38f03b8ed4787c4a906b83a47cfedcd10bc81
2 Game Pack! Matchbox Missions: Air‚ Land and Sea Rescue / Emergency Response,=,Emergency Response / Air‚ Land & Sea Rescue,=,2gamepackmatchboxmissions,USA,2006-08-30,Gravity-i,DSI,#players:1 #genre:minigames:racing #save:password #based #lang:en,adf9efca75fad810c13a5fb3326dddd2,ac9919f32220e128d3df9a6201374f16ab15e301,f5fc6723dc5e43b70f60570776d347d1e4ae5f74fe50698f7afd1c85511becb2,0f5c458a6a67fd69d1bea3dda91d052b83f967e419b43fe0ef1845f35e77ceb7a523bc3139d91c565cc1b49497e6b8e5b094bf8af0bba0044b7b02236db07b75
2 Game Pack! Uno & Skip-Bo,=,Uno / Skip-Bo,=,2gamepackunoskipbo,Europe,2003-12-01,Black Lantern,Zoo,#players:4:coop:vs #genre:board>cards:sim>cardgame #based #lang:en:fr:de:es:it,cc83423c84419fe4011caf03e84b2e64,1cfac0ff2d526030050f4a6f5157398d58199b3d,dd12c3586d3ec8f2b47ddb61c911a5fb4271bae4e57e7110ac75fb01a440f7d8,f22e37d171d49d4ca36465aa0c0d4f985181e8d41bea789a7fb38d024ac039c6d93733bff6444620401c4e1b96cfa762d05edd87faf4b9148300f5ce2b26ebe6
2 Game Pack! Uno / Skip-Bo,=,Uno / Skip-Bo,=,2gamepackunoskipbo,USA,2003-10-02,Black Lantern,DSI,#players:4:coop:vs #genre:board>cards:sim>cardgame #based #lang:en,cf66c71bcc65c5e0ee20c666df8d6540,76f85ac10c7ba7f00503fba4d41fb709b5b9cd22,10db686936fc7306d2932f7a8c8917a44be6fdd7875283b10af275e02c95256c,b9bb077841711c5f2d944ef4bb008059d6ec871e00fe1fc5fed37cc46c448191c7da50389d890d7f1a125fa22d22748a82d7b75bb31c914f9a0208705da45f1b
2 Games in 1: Alla Ricerca di Nemo + Alla Ricerca di Nemo: L'Avventura Continua!,2 Games in 1: Disney・Pixar: Alla Ricerca di Nemo + Disney・Pixar: Alla Ricerca di Nemo: L'Avventura Continua!,Alla Ricerca di Nemo / Alla Ricerca di Nemo: L'Avventura Continua!,Disney・Pixar: Alla Ricerca di Nemo / Alla Ricerca di Nemo: L'Avventura Continua!,2gamesinonefindingnemo,Italy,2005-10-21,Vicarious Visions/Altron,THQ,#players:2:vs #genre:action>platformer:minigames:shmup>h:puzzle:rhythm #save:password #based:movie:disney #compilation:findingnemo:findingnemothecontinuingadventures #reboxed #lang:it:es:en:sv:da,2cede728164ea50342d41a554ef36a02,a7b8aa7f3cd86b664f314650206d9043806e9b22,6d490728f51b181c4a39d904fadc65160867fb401d19f79b66afe1710168e82c,44ef3082e4e10ac5a5add691c5ccb2cf42059b753392871e255dcfc7f1bf3ef53dd39c1d77079f379e95af67c47093556206602703769236b450b1b1208300ed
2 Games in 1: Alla Ricerca di Nemo + Gli Incredibili: Una ‟Normale” Famiglia di Supereroi,2 Games in 1: Disney・Pixar: Alla Ricerca di Nemo + Gli Incredibili: Una ‟Normale” Famiglia di Supereroi,Alla Ricerca di Nemo / Gli Incredibili: Una ‟Normale” Famiglia di Supereroi,Disney・Pixar: Alla Ricerca di Nemo / Gli Incredibili: Una ‟Normale” Famiglia di Supereroi,2gamesin1findingnemotheincredibles,Italy,2007,Vicarious Visions/Helixe/Factor 5,THQ,#players:1 #genre:action>platformer:brawler #save:password #based:movie:disney #compilation:findingnemo:theincredibles #lang:it:es,0ae1a89caba4997b5059eaf8f8763727,ddeaf412f9f252c1a071955c517d1e36fd39aeb0,1e3048f8631a0c46834e12a1117609f63da7c0cea40328613f91b4c20287ad31,2087374ee305e4d0cb7eced097458e10dae52c777ffb890e1bdf4f10d5841592afeff8fa42df157e14a301974e2192b7e22296c1849aed88d92e27b7a7a0ac15
2 Games in 1: Brother Bear + The Lion King,2 Games in 1: Disney's Brother Bear + Disney's The Lion King,Brother Bear / The Lion King,Disney's Brother Bear / Disney's The Lion King,2gamesin1brotherbearthelionking1andahalf,Europe,2005-01-18,Vicarious Visions,THQ,#players:1 #genre:action>platformer #embedded:backup>eeprom #save:backup #based:movie:disney #compilation:brotherbear:thelionking1andahalf #lang:en:fr:de:es:it:nl:sv:da,630a51526ddb738fdc8392aa1c2e6500,a4e6b2f004678d387600ac46a2e57fe497dc4f18,df66803cabd01ddc16c3525740077684e60421391bb71b914093f5131dcdd8a9,ccd30861c1a7fbb63d70d359fad84825b2f2fa6435d04ef79f829dd7a6e3a4d203209a0aa1b0653ef24ce0eb3b2bfe4069511d4bdc7ad634debd711efa60ee65
2 Games in 1: Bären Brüder + Der König der Löwen,2 Games in 1: Disneys Bären Brüder + Disneys Der König der Löwen,Bären Brüder / Der König der Löwen,Disneys Bären Brüder / Disney: Der König der Löwen,2gamesin1brotherbearthelionking1andahalf,Germany,2005-01-18,Vicarious Visions,THQ,#players:1 #genre:action>platformer #embedded:backup>eeprom #save:backup #based:movie:disney #compilation:brotherbear:thelionking1andahalf #reboxed #lang:en:fr:de:es:it:nl:sv:da,630a51526ddb738fdc8392aa1c2e6500,a4e6b2f004678d387600ac46a2e57fe497dc4f18,df66803cabd01ddc16c3525740077684e60421391bb71b914093f5131dcdd8a9,ccd30861c1a7fbb63d70d359fad84825b2f2fa6435d04ef79f829dd7a6e3a4d203209a0aa1b0653ef24ce0eb3b2bfe4069511d4bdc7ad634debd711efa60ee65
2 Games in 1: Frère des Ours + Le Roi Lion,2 Games in 1: Disney: Frère des Ours + Disney: Le Roi Lion,Frère des Ours / Le Roi Lion,Disney: Frère des Ours / Disney: Le Roi Lion,2gamesin1brotherbearthelionking1andahalf,France,2005-01-18,Vicarious Visions,THQ,#players:1 #genre:action>platformer #embedded:backup>eeprom #save:backup #based:movie:disney #compilation:brotherbear:thelionking1andahalf #reboxed #lang:en:fr:de:es:it:nl:sv:da,630a51526ddb738fdc8392aa1c2e6500,a4e6b2f004678d387600ac46a2e57fe497dc4f18,df66803cabd01ddc16c3525740077684e60421391bb71b914093f5131dcdd8a9,ccd30861c1a7fbb63d70d359fad84825b2f2fa6435d04ef79f829dd7a6e3a4d203209a0aa1b0653ef24ce0eb3b2bfe4069511d4bdc7ad634debd711efa60ee65
2 Games in 1: Hermano Oso + El Rey León,2 Games in 1: Disney: Hermano Oso + Disney: El Rey León,Hermano Oso / El Rey León,Disney: Hermano Oso / Disney: El Rey León,2gamesin1brotherbearthelionking1andahalf,Spain,2005-01-18,Vicarious Visions,THQ,#players:1 #genre:action>platformer #embedded:backup>eeprom #save:backup #based:movie:disney #compilation:brotherbear:thelionking1andahalf #reboxed #lang:en:fr:de:es:it:nl:sv:da,630a51526ddb738fdc8392aa1c2e6500,a4e6b2f004678d387600ac46a2e57fe497dc4f18,df66803cabd01ddc16c3525740077684e60421391bb71b914093f5131dcdd8a9,ccd30861c1a7fbb63d70d359fad84825b2f2fa6435d04ef79f829dd7a6e3a4d203209a0aa1b0653ef24ce0eb3b2bfe4069511d4bdc7ad634debd711efa60ee65
2 Games in 1: Koda‚ Fratello Orso + Il Re Leone,2 Games in 1: Disney: Koda‚ Fratello Orso + Disney: Il Re Leone,Koda‚ Fratello Orso / Il Re Leone,Disney: Koda‚ Fratello Orso / Disney: Il Re Leone,2gamesin1brotherbearthelionking1andahalf,Italy,2005-01-18,Vicarious Visions,THQ,#players:1 #genre:action>platformer #embedded:backup>eeprom #save:backup #based:movie:disney #compilation:brotherbear:thelionking1andahalf #reboxed #lang:en:fr:de:es:it:nl:sv:da,630a51526ddb738fdc8392aa1c2e6500,a4e6b2f004678d387600ac46a2e57fe497dc4f18,df66803cabd01ddc16c3525740077684e60421391bb71b914093f5131dcdd8a9,ccd30861c1a7fbb63d70d359fad84825b2f2fa6435d04ef79f829dd7a6e3a4d203209a0aa1b0653ef24ce0eb3b2bfe4069511d4bdc7ad634debd711efa60ee65
2 Games in 1: Bären Brüder + Disneys Prinzessinnen,2 Games in 1: Disneys Bären Brüder + Disneys Prinzessinnen,Bären Brüder / Disneys Prinzessinnen,Disneys Bären Brüder / Disneys Prinzessinnen,2gamesin1brotherbeardisneyprincess,Germany,2005-05-11,Vicarious Visions/Art,THQ,#players:1 #genre:action>platformer:adventure #embedded:backup>eeprom #save:backup:password #based:movie:disney #compilation:brotherbear:disneyprincess #lang:de:en:fr:es:it:nl:sv:da,2fcdf9b4f16219242bf5cdd34336f0e6,16b3fa898912ab677c664d0edc96f516d89447e7,17220d41a1e5cdd9b9dfba7ddb7c422c4ad0c7dbde2744b387ea20246123a1a2,a4eb269c3fc17e1c73cf3cdd77f0fd9842eb0705eda6da2e93f86f95e54ab11508dafeff8db674f051c7295cdeb970fe7edf2d31be97889e0732473d958c8072
2 Games in 1: Brother Bear + Disney Princess,2 Games in 1: Disney's Brother Bear + Disney Princess,Brother Bear / Disney Princess,Disney's Brother Bear / Disney Princess,2gamesin1brotherbeardisneyprincess,Europe,2005-05-11,Vicarious Visions/Art,THQ,#players:1 #genre:action>platformer:adventure #embedded:backup>eeprom #save:backup:password #based:movie:disney #compilation:brotherbear:disneyprincess #lang:en:fr:de:es:it:nl:sv:da,b48cfda5bd9b7efe4f0c23f5e65d2c95,fe5b91f970adcc1cceea35d38dd174b5b328755d,d1e3705a53dd573c71301ea262f2832b66838f6f48d4772d5db7f737bd1c7c28,c0dbcbc738fad0f86eec3fa72582ec6658d1224befae5b74eebb515980fe47754b35170e85249e896273348ca8abe194626d854095a4d1395791e61a99ce00be
2 Games in 1: Buscando a Nemo + Buscando a Nemo: La Aventura Continúa,2 Games in 1: Disney・Pixar: Buscando a Nemo + Disney・Pixar: Buscando a Nemo: La Aventura Continúa,Buscando a Nemo / Buscando a Nemo: La Aventura Continúa,Disney・Pixar: Buscando a Nemo / Buscando a Nemo: La Aventura Continúa,2gamesinonefindingnemo,Spain,2005-10-21,Vicarious Visions/Altron,THQ,#players:2:vs #genre:action>platformer:minigames:shmup>h:puzzle:rhythm #save:password #based:movie:disney #compilation:findingnemo:findingnemothecontinuingadventures #lang:es:it:en:sv:da,2cede728164ea50342d41a554ef36a02,a7b8aa7f3cd86b664f314650206d9043806e9b22,6d490728f51b181c4a39d904fadc65160867fb401d19f79b66afe1710168e82c,44ef3082e4e10ac5a5add691c5ccb2cf42059b753392871e255dcfc7f1bf3ef53dd39c1d77079f379e95af67c47093556206602703769236b450b1b1208300ed
2 Games in 1: Buscando a Nemo + Los Increíbles,2 Games in 1: Disney・Pixar: Buscando a Nemo + Los Increíbles,Buscando a Nemo / Los Increíbles,Disney・Pixar: Buscando a Nemo / Los Increíbles,2gamesin1findingnemotheincredibles,Spain,2007,Vicarious Visions/Helixe/Factor 5,THQ,#players:1 #genre:action>platformer:brawler #save:password #based:movie:disney #compilation:findingnemo:theincredibles #lang:es:it,aceaffd0c62017a1bb4df5817b61a0a7,eb6eed6ac64ec225cd14294c4d2a82ba3d524c24,d22a168daa70e71688e6719e86f2cb197c6322a5cc213bc9aa2ec04ac7db8fd2,d49a4e698ece40119c6a8ebd035e411eb5a7443e50a0161b98c96fddd88e716f4d175d4ed093053c9bd3d5e269e5f3e4c66596dcaa55a471e968d1d4492bb224
2 Games in 1: Cartoon Network Block Party / Cartoon Network Speedway: Double Value!,=,Cartoon Network Block Party / Cartoon Network Speedway,=,2gamesin1cartoonnetworkblockpartyspeedway,USA,2005-04,Monkeystone/One Man Band/Digital Creations,Majesco,#players:4:vs #genre:racing>combat:board>party:minigames:sim>fishing:rhythm>dance:shooting>gallery:racing:sports>skateboarding #addon:link>gbalinkcable #save:password #based #compilation:cartoonnetworkblockparty:cartoonnetworkspeedway #lang:en,0d750defe01da931beb8148a71be112e,b0d9b18157f7e8ec139f04f9ae9508d00fa39313,373e971fd47aa608616cc1e3eab725319fad2e832167a51d87308f391e87a328,23e6a7b754e7eaba7b37212e407f0b0ec8a97598438a83c1ae44c9fa89f1d4ebc3a5213320c16b8c38ef61f8556ebec03ca224491173920b185dbc9ff0ae5a38
2 Games in 1: Columns Crown + ChuChu Rocket!,=,Columns Crown / ChuChu Rocket!,=,2gamesin1columnscrownchuchurocket,Europe,2008-11-28,WOW/Sonic Team,THQ/SEGA,#players:4:vs #genre:action:puzzle>drop #addon:link>gbalinkcable #embedded:backup>flashram #save:backup #port:sega>dreamcast #compilation:columnscrown:chuchurocket #lang:en:ja:fr:de:es,3d1f1a4dbe50b9ec4c83c323ee7cca7a,1f2960aa527b332348f8e770ea8e792bc6da2813,86fc0c622d85f405e33b59cfc93125e78d70ef1a249fb20510be613f3f04834f,0e3bff376e4289d8c8c881efc2c8633e6a700ef3f1ae4faff957bc366cc4687a5205e4685b3c49ccd0fc712aa2c81659676efe52689ff73d2a9c80d1c51228bf
2 Games in 1: Die Monster AG + Findet Nemo,2 Games in 1: Disney・Pixar: Die Monster AG + Disney・Pixar: Findet Nemo,Die Monster AG / Findet Nemo,Disney・Pixar: Die Monster AG / Disney・Pixar: Findet Nemo,2gamesin1findingnemomonstersinc,Germany,2004-11-23,Vicarious Visions/Natsume,THQ,#players:1 #genre:action>platformer:adventure #save:password #based:movie:disney #compilation:monstersincgba:findingnemo #lang:de,e715d170842826522a7827a89e61998c,294bfc9810ff83cc0b1fbed152d3e80ba219fb80,73374c72b04c5fb886b166e7aa6d019442efcec5c6eb4d1d4364823b8445a8ca,3c63ae7c4e7aeb8c31d10fc2b10712f7e7412df32e55b36ef60309f2ded883c10a782850cd46b75e5d215d9f8993ed5a87dcb85734488350d159ffaf56228f75
2 Games in 1: Disney Princesas + El Rey León,2 Games in 1: Disney Princesas + Disney: El Rey León,Disney Princesas / El Rey León,Disney Princesas / Disney: El Rey León,2gamesin1disneyprincessthelionking1andahalf,Spain,2004-12-01,Art/Vicarious Visions,THQ,#players:1 #genre:action>platformer:adventure #embedded:backup>eeprom #save:backup:password #based:movie:disney #compilation:disneyprincess:thelionking1andahalf #lang:es:en:fr:de:it:nl:sv:da,2b4d29e64f0ab440877488d91bb67ae9,dc90c8a0784b4572cb7ad1e882d03b9d382170d8,a9f47f6eb0368c8b62d0c9a526cab94d3bbbe8c4b86463622351c36db534bef7,27ac335379bf23927b6d90b219cd80918b739160797b0d682ee4253b53cf6202917f11e1126c4b3fb45053d9e0d26b930d940adbab8e18ffb3ba5cfc7cc47df0
2 Games in 1: Disney Princess + The Lion King,2 Games in 1: Disney Princess + Disney's The Lion King,Disney Princess / The Lion King,Disney Princess / Disney's The Lion King,2gamesin1disneyprincessthelionking1andahalf,Europe,2004-12-01,Art/Vicarious Visions,THQ,#players:1 #genre:action>platformer:adventure #embedded:backup>eeprom #save:backup:password #based:movie:disney #compilation:disneyprincess:thelionking1andahalf #lang:en:fr:de:es:it:nl:sv:da,65110a08ba48afa16c8693e88d62c10b,c10f28e821f6820c1d8fe34798172c0131180004,4fcd8f319cc101791cbcb2c4e384c23a657968cc21ae716e457c4f1b568f7217,bf82c45e86380272dc01d1b60ae6b44f5709be9236313b6283948b26fb2c6591ea68cd2bc4fee19e2378b8e8ecbc330dbcf8101ee1c87451cf6891189646331c
2 Games in 1: Disney Princesse + Le Roi Lion,2 Games in 1: Disney Princesse + Disney: Le Roi Lion,Disney Princesse / Le Roi Lion,Disney Princesse / Disney: Le Roi Lion,2gamesin1disneyprincessthelionking1andahalf,France,2004-12-01,Art/Vicarious Visions,THQ,#players:1 #genre:action>platformer:adventure #embedded:backup>eeprom #save:backup:password #based:movie:disney #compilation:disneyprincess:thelionking1andahalf #lang:fr:en:de:es:it:nl:sv:da,6f95dd3e97e52d41c5ba69adf8e506af,d11eb620645fcac8d18a9e384d0c6ccf134d01c2,d98a22b074237cea59dd5b4c773b55c6aaeb378468b53f368e3f5919b25bc623,fe0e1265d6e9e490664c7a4676823787632d1dbcc35df72bef4677693aa85906c41977c142d36a527026157a12aa6ae1cbfc249aa28516260e9d67677d660f62
2 Games in 1: Disney Principesse + Il Re Leone,2 Games in 1: Disney Principesse + Disney: Il Re Leone,Disney Principesse / Il Re Leone,Disney Principesse / Disney: Il Re Leone,2gamesin1disneyprincessthelionking1andahalf,Italy,2004-12-01,Art/Vicarious Visions,THQ,#players:1 #genre:action>platformer:adventure #embedded:backup>eeprom #save:backup:password #based:movie:disney #compilation:disneyprincess:thelionking1andahalf #lang:it:en:fr:de:es:nl:sv:da,68999d263abcf3274b5c7c7f95814b70,6d7e860a0a5b3df1e2a68b46cb77e01dbf225a56,6b821c8cf792f587c4862f62842eb293586e6fdbddb9c01c81e7cf9b72a37864,0fb4b49f1bc21cf715bbaf3b19158e507165d13ff149c8d1993017fc03d8cd1670bcb0dff317f9c63f39c6f4d711fb705d4e04a6ed1575331cfde10e2a53d620
2 Games in 1: Disneys Prinzessinnen + Der König der Löwen,2 Games in 1: Disneys Prinzessinnen + Disneys Der König der Löwen,Disneys Prinzessinnen / Der König der Löwen,Disneys Prinzessinnen / Disney: Der König der Löwen,2gamesin1disneyprincessthelionking1andahalf,Germany,2004-12-01,Art/Vicarious Visions,THQ,#players:1 #genre:action>platformer:adventure #embedded:backup>eeprom #save:backup:password #based:movie:disney #compilation:disneyprincess:thelionking1andahalf #lang:de:en:fr:es:it:nl:sv:da,6c1cd0e60faebda42b2804d749e351e2,3da2e3756bc0adf52c3dfb30ae2c70b53b062d54,52f671719765677aa4a421adf5d7eeeb1256d8bab06fbf682e732adfbf426f18,caf9c0d2d5e4b2733209a33e5f277a35bf69c660f549e33648e5f35e3e9a564c144b40590e2820c65a7e8582747284b21394837dde22361a5172f0654d7b1547
2 Games in 1: Dr. Mario / Puzzle League,=,Dr. Mario & Puzzle League,=,drmarioandpaneldepon,Europe,2005-11-25,TOSE/Intelligent Systems,Nintendo,#players:2:vs #genre:puzzle>drop #addon:link>gbalinkcable #embedded:backup>eeprom #save:backup #search:feature>mario #compilation:drmario:paneldepon #port:nintendo>famicom>superfamicom #lang:en:fr:de:es:it,ec06f494be2a51170d7fd439bee5a057,df2918198ee3a5dd4a36b8cc28269e958de5e1ee,d4f2161b051b37403e5fbf41de03e572d7b1c707842877a0887a6ed27847a6d9,4f87570b77f7289d1f9a7e3077420cb084ad03c22213e3f949c815d23c3ee2b6e62c1291ae1d123e69c04abfe32addcb538ec0abb370692bd5f2004fda163bd5
2 Games in 1: Findet Nemo + Die Unglaublichen,2 Games in 1: Disney・Pixar: Findet Nemo + Die Unglaublichen,Findet Nemo / Die Unglaublichen,Disney・Pixar: Findet Nemo / Die Unglaublichen,2gamesin1findingnemotheincredibles,Germany,2007,Vicarious Visions/Helixe/Factor 5,THQ,#players:1 #genre:action>platformer:brawler #save:password #based:movie:disney #compilation:findingnemo:theincredibles #lang:de,82507fd4f17734ae8f48072cbd5ef4e2,5048638791d849de5370af48088d3b0f497736da,921696a0c5f7b18435a7818be735a4e7fd951af5ef2c103c5b5b816be06c2b3a,579525b0403db5a023c045ff32aab8ea38c3e69ea1ad51cb7ebaa33f2a91f21d5bad46107ad1ececd44aaca44b1512d37f80e53af997a635be62f1cb3f32d08c
2 Games in 1: Findet Nemo + Findet Nemo: Das Abenteuer Geht Weiter,2 Games in 1: Disney・Pixar: Findet Nemo + Disney・Pixar: Findet Nemo: Das Abenteuer Geht Weiter,Findet Nemo / Findet Nemo: Das Abenteuer Geht Weiter,Disney・Pixar: Findet Nemo / Findet Nemo: Das Abenteuer Geht Weiter,2gamesinonefindingnemo,Germany,2005-10-21,Vicarious Visions/Altron,THQ,#players:2:vs #genre:action>platformer:minigames:shmup>h:puzzle:rhythm #save:password #based:movie:disney #compilation:findingnemo:findingnemothecontinuingadventures #lang:de:fr:nl,4ba18d1ebadb424b3b944ae75dd322f0,e6f75d8108c9616a53853595123c787fcc5d83d0,c98da43dd648af6aa18573e7cd7548068570e21a5204e77863dd22f4e4ca72b7,16bf8af8337560f2e141724b8192829d02ef5d8965bcc199fa8101bf102cd34671605455a18747646466a2e19a2cf5a5ab75cda669ec5a0f6bf04f9ec6e3ee39
2 Games in 1: Finding Nemo + Finding Nemo: The Continuing Adventures,2 Games in 1: Disney・Pixar: Finding Nemo + Disney・Pixar: Finding Nemo: The Continuing Adventures,Finding Nemo / Finding Nemo: The Continuing Adventures,Disney・Pixar: Finding Nemo / Finding Nemo: The Continuing Adventures,2gamesinonefindingnemo,Europe,2005-10-21,Vicarious Visions/Altron,THQ,#players:2:vs #genre:action>platformer:minigames:shmup>h:puzzle:rhythm #save:password #based:movie:disney #compilation:findingnemo:findingnemothecontinuingadventures #lang:en:es:it:sv:da,ee2d0ffd5ed6588537e7590540d5cf21,5d7d2f148d7a35906e9ecb3408a5658a8c8040e8,7a29bd4eeff08975e5c7481f46744840ae684d572aeeaf312f36c59cfa447e59,11b2af210f494798573b7e931af400ea7c0a4fdd9ed929af0c61490fad39a4aee921fd6614c26fd15a21f2767fd0e233106f1b15569467eecec0f07b3a5ec6b9
2 Games in 1: Finding Nemo + Finding Nemo: The Continuing Adventures,2 Games in 1: Disney・Pixar: Finding Nemo + Disney・Pixar: Finding Nemo: The Continuing Adventures,Finding Nemo / Finding Nemo: The Continuing Adventures,Disney・Pixar: Finding Nemo / Finding Nemo: The Continuing Adventures,2gamesinonefindingnemo,Netherlands,2005-10-21,Vicarious Visions/Altron,THQ,#players:2:vs #genre:action>platformer:minigames:shmup>h:puzzle:rhythm #save:password #based:movie:disney #compilation:findingnemo:findingnemothecontinuingadventures #reboxed #lang:nl:fr:de,a217dda835c51021e8b2e68b773e1170,379fba0051efdbb6cc24e0db56096a6ebebab795,88b8a6e1858e5144e893370fe58dc068152eed6e6d77069cd1595b2efad5b6e6,5bec8581fc764deeeb5a998d45cfdea56320378df69fd994530375db59fb9eb819966a6f25a8fafd22aca273682b24375b7fc230146d5714483a66def4fe31f5
2 Games in 1: Finding Nemo / Monsters‚ Inc. Double Pack,2 Games in 1: Disney・Pixar: Finding Nemo / Disney・Pixar: Monsters‚ Inc. Double Pack,Finding Nemo / Monsters‚ Inc.,Disney・Pixar: Finding Nemo / Disney・Pixar: Monsters‚ Inc.,2gamesin1findingnemomonstersinc,USA,2005-06-06,Vicarious Visions/Natsume,THQ,#players:1 #genre:action>platformer:adventure #save:password #based:movie:disney #compilation:monstersincgba:findingnemo #lang:en,a1d5334b1b3dd31431eb232716ec8519,6cba6375bf0214dc60c03c33f53fac4c3180a94e,78266941da152537fb3a0bea9155734e18946760664f2c74c7facfc5fc8a49e1,44e6739ac76b752d2e5360db92644e6a7a1b8673a13dade7b5fd751182022bc9fb7f9d2e6d5521e2f7b6964340aab86bdd8f4e7cc4079cd35b4bc04181b0c138
2 Games in 1: Finding Nemo + The Incredibles,2 Games in 1: Disney・Pixar: Finding Nemo + The Incredibles,Finding Nemo / The Incredibles,Disney・Pixar: Finding Nemo / The Incredibles,2gamesin1findingnemotheincredibles,Europe,2007,Vicarious Visions/Helixe/Factor 5,THQ,#players:1 #genre:action>platformer:brawler #save:password #based:movie:disney #compilation:findingnemo:theincredibles #lang:en,e46d84fc7d150d0e9a378b788a6b5c92,5899447fc865afb716e189fabc9315489985d010,a50c8a3715fd59e43daea98c172fbdb4f4019881c6649c3acd5601b16e2e9305,afbc9bf8c2723cbaee69879c81106e2d83dbee9a9a95f266f103aa5051b8758c6f5b86995394e07e7bc2618314276638650f52e37ecbf3f5c8dc84bf0aab1e19
2 Games in 1: Finding Nemo + The Incredibles,2 Games in 1: Disney・Pixar: Finding Nemo + The Incredibles,Finding Nemo / The Incredibles,Disney・Pixar: Finding Nemo / The Incredibles,2gamesin1findingnemotheincredibles,Netherlands,2007,Vicarious Visions/Helixe/Factor 5,THQ,#players:1 #genre:action>platformer:brawler #save:password #based:movie:disney #compilation:findingnemo:theincredibles #reboxed #lang:nl:fr,fe2f3e4d3b15c8776c45fd7ef060df89,2a02888c0f14fe35881ec175a8bc7220e78f2559,e906cbdbf37d7aee0bb4c0c0c03741ea95812b5430a39a91e1d114f73c0e072d,52ce9b1e17529fbbccb9ee145db7a08a9f2a920cebfb190ae096b76a06fbcf6d46f0de1b1eaabb10b17c206f1ef32541570cd44eb55e757dad14f6e1d94be84d
2 Games in 1: Frère des Ours + Disney Princesse,2 Games in 1: Disney: Frère des Ours + Disney Princesse,Frère des Ours / Disney Princesse,Disney: Frère des Ours / Disney Princesse,2gamesin1brotherbeardisneyprincess,France,2005-05-11,Vicarious Visions/Art,THQ,#players:1 #genre:action>platformer:adventure #embedded:backup>eeprom #save:backup:password #based:movie:disney #compilation:brotherbear:disneyprincess #lang:fr:en:de:es:it:nl:sv:da,ca525800d38ac7f1096d69032c689015,ff663bd8c6a7ac80b57e4a997f616d28340df64c,326d0633a25fb5b095c31e9c8b6eb420dcbb6f0bc0581c2838e681d7802863e7,78f2ab8b0e5a57d87ceed55afffbe9e13664547efda33ebaf616c27cdcbafd6e1170c5251ef567404497bfc0670dc723c68ecbe5a3136c904e0567105bc5eac7
2 Games in 1: Golden Nugget Casino / Texas Hold 'em Poker: Double Value!,=,Golden Nugget Casino / Texas Hold 'em Poker,=,2gamesin1goldennuggetcasinotexasholdempoker,USA,2005-04-21,Pipe Dream/Skyworks,Majesco,#players:1 #genre:board>cards:parlor>jackpot #save:password #search:keyword>official #compilation:goldennuggetcasino:texasholdempoker #lang:en,291c1aa5d30affeb56ecd802b9e8d012,e0aaeecbe1d52611ca633a45b19cb4d7b4651b0e,509b939eff057accbe094449be2382e12ee3e2793ec5e807498b7996d55ad52b,917130f59ca10fe8b43f125d68fd70b5687072fe7cdfd970f45c9cfbcff995aae01b6fbcb3a5f977a05cc7c79c399ec7cf9eac12b9f1e28aadb9cf6fb4a72351
2 Games in 1: Hermano Oso + Disney Princesas,2 Games in 1: Disney: Hermano Oso + Disney Princesas,Hermano Oso / Disney Princesas,Disney: Hermano Oso / Disney Princesas,2gamesin1brotherbeardisneyprincess,Spain,2005-05-11,Vicarious Visions/Art,THQ,#players:1 #genre:action>platformer:adventure #embedded:backup>eeprom #save:backup:password #based:movie:disney #compilation:brotherbear:disneyprincess #lang:es:en:fr:de:it:nl:sv:da,279605b6241eca4461003b439df9e87f,051085b42548faeab8318e15cca4c71a6f48d4e8,8f8cdce43e7ad3473750fbe95a0bdf0c4e8913d1e2af4b9962e2a651d3f06c74,632d491f71edefb9e066f45eaf8d5da4eec49496d1461162bc4d6c944f2321cfa71e27f5c06fead7c762dc50c1ba962afe068ca0ecacb072960232436d69da0c
2 Games in 1: Hot Wheels: Velocity X + Hot Wheels: World Race,=,Hot Wheels: Velocity X / Hot Wheels: World Race,=,hotwheelsvelocityxhotwheelsworldrace,Europe,2004-08-09,Saffire/Climax,THQ,#players:4:vs #genre:racing>combat #addon:link>gbalinkcable #save:password #based:movie #compilation:hotwheelsvelocityx:hotwheelsworldrace #lang:en,b714f4fa916ca53e24434eb7dbfed73b,04de405e87304241860c301e6f6bec791abb4795,c1e19a7174c000b3b871d98300448079aacc147b03378f95dfbe6a8f460245f6,c7683a8a30f7aed96f003006e3de14fe4f15aa1d00f260196f3c5f39005b439c7c3524f2bab99d1f885f79b038fa290629b6049312cc686a490490538c16ace1
2 Games in 1: Hot Wheels: Velocity X / Hot Wheels: World Race: Double Pack,=,Hot Wheels: Velocity X / Hot Wheels: World Race,=,hotwheelsvelocityxhotwheelsworldrace,USA,2005-09-22,Saffire/Climax,THQ,#players:4:vs #genre:racing>combat #addon:link>gbalinkcable #save:password #based:movie #compilation:hotwheelsvelocityx:hotwheelsworldrace #lang:en,9e95f7804e3b8011b89048f68e541db8,80fccdb4f09640f4eef3f793a016664ce3c5b9ec,df640e574ee25d92833a177a990caf05b9d954720b312d58c6fba788ebbba228,df45a856ddf0126a44347ef148ff48c6874c3ce24b0365845c18e78d68234e382f65793a45f807f8221b73d986e642aeb5157441c70f269f97794c1c1001235f
2 Games in 1: Knights' Kingdom + Bionicle,2 Games in 1: Lego Knights' Kingdom + Lego Bionicle,Knights' Kingdom / Bionicle,Lego Knights' Kingdom / Lego Bionicle,2gamesin1knightskingdombionicle,Europe,2005-05-31,Razorback/Möbius,THQ,#players:2:vs #genre:action>platformer:adventure #addon:link>gbalinkcable #save:password #based #lang:en:fr:de:da,15db64521ee01c3f0428fdb9798577c5,578ac431ae298b14d0b65d80fed09a47311cc597,bf1faf0f00e5705b13cb23d16650ccb8552a6858f3c82c00f91e6ec4f63b11c8,55d4f38a25bbee5bc0566e2fd93f3716f346a590536d84def389b97dd8c080da41d2933fac8ae3270b9e00cf04f9197fd761bbed4bf163d48caf83f1966d9399
2 Games in 1: Koda‚ Fratello Orso + Disney Principesse,2 Games in 1: Disney: Koda‚ Fratello Orso + Disney Principesse,Koda‚ Fratello Orso / Disney Principesse,Disney: Koda‚ Fratello Orso / Disney Principesse,2gamesin1brotherbeardisneyprincess,Italy,2005-05-11,Vicarious Visions/Art,THQ,#players:1 #genre:action>platformer:adventure #embedded:backup>eeprom #save:backup:password #based:movie:disney #compilation:brotherbear:disneyprincess #lang:it:en:fr:de:es:nl:sv:da,11fd08b9d7b232deef2519e951c65859,71a7be1ce275630d09da692b4299b4f90f82c0d6,231b477541af62adb0402e66f288d4f68af7ac52cea78fa683a51d4e01ed2696,496126246ac22a830e2bbc3c1f8c9e5002d8548af672c50ae0275bb9ae02c111c84924fa9cba54da74e3fd699cea2d252683f3c007da2f05840b0972a872f2d7
2 Games in 1: Le Monde de Nemo + Le Monde de Nemo: L'Aventure Continue!,2 Games in 1: Disney・Pixar: Le Monde de Nemo + Disney・Pixar: Le Monde de Nemo: L'Aventure Continue!,Le Monde de Nemo / Le Monde de Nemo: L'Aventure Continue!,Disney・Pixar: Le Monde de Nemo / Le Monde de Nemo: L'Aventure Continue!,2gamesinonefindingnemo,France,2005-10-21,Vicarious Visions/Altron,THQ,#players:2:vs #genre:action>platformer:minigames:shmup>h:puzzle:rhythm #save:password #based:movie:disney #compilation:findingnemo:findingnemothecontinuingadventures #lang:fr:nl:de,a217dda835c51021e8b2e68b773e1170,379fba0051efdbb6cc24e0db56096a6ebebab795,88b8a6e1858e5144e893370fe58dc068152eed6e6d77069cd1595b2efad5b6e6,5bec8581fc764deeeb5a998d45cfdea56320378df69fd994530375db59fb9eb819966a6f25a8fafd22aca273682b24375b7fc230146d5714483a66def4fe31f5
2 Games in 1: Le Monde de Nemo + Les Indestructibles,2 Games in 1: Disney・Pixar: Le Monde de Nemo + Les Indestructibles,Le Monde de Nemo / Les Indestructibles,Disney・Pixar: Le Monde de Nemo / Les Indestructibles,2gamesin1findingnemotheincredibles,France,2007,Vicarious Visions/Helixe/Factor 5,THQ,#players:1 #genre:action>platformer:brawler #save:password #based:movie:disney #compilation:findingnemo:theincredibles #lang:fr:nl,fe2f3e4d3b15c8776c45fd7ef060df89,2a02888c0f14fe35881ec175a8bc7220e78f2559,e906cbdbf37d7aee0bb4c0c0c03741ea95812b5430a39a91e1d114f73c0e072d,52ce9b1e17529fbbccb9ee145db7a08a9f2a920cebfb190ae096b76a06fbcf6d46f0de1b1eaabb10b17c206f1ef32541570cd44eb55e757dad14f6e1d94be84d
2 Games in 1: Lizzie McGuire + Disney Princesas,=,Lizzie McGuire / Disney Princesas,=,2gamesin1lizziemcguiredisneyprincess,Spain,2004-11-04,Digital Eclipse/Art,THQ,#players:1 #genre:action>platformer:adventure:minigames:board:puzzle:quiz #embedded:backup>eeprom #save:backup #lang:es,41cb1bcbd023024670bdadc4af092261,0e55f66efcad4fe80b75942c1d42a86fb8cbcb74,67326431194ca92579d463d4e839f17665dc5c7c0f946d0ebcd634a573865080,00a2620f24e0c76f346150ab27fd3b242743d018a79423bd630c8d42b2ddb2141721d4b88129bec5b8f00b0b767b16075a7500cb4ee5ac2d56eac843fe85133a
2 Games in 1: Lizzie McGuire + Disney Princess,=,Lizzie McGuire / Disney Princess,=,2gamesin1lizziemcguiredisneyprincess,Europe,2004-11-04,Digital Eclipse/Art,THQ,#players:1 #genre:action>platformer:adventure:minigames:board:puzzle:quiz #embedded:backup>eeprom #save:backup #lang:en,e21a85388112f840d560c8cf90f61bcc,5a5c56306cfce32fd04b330666272d2e9c88057f,c1ea753515eab45e7f19ac7e34433e707d784d9b0476661a92bc4c0c57b9f9c0,7045d86211ae9b176f65f17f4eb9c7ce8f60249be0fee7f097cc9350ebe96bf68657a58abb9be0a5d9de039fedaef8aa9b9bff0a1f1034415360b1adf8d47260
2 Games in 1: Monsters & Co. + Alla Ricerca di Nemo,2 Games in 1: Disney・Pixar: Monsters & Co. + Disney・Pixar: Alla Ricerca di Nemo,Monsters & Co. / Alla Ricerca di Nemo,Disney・Pixar: Monsters & Co. / Disney・Pixar: Alla Ricerca di Nemo,2gamesin1findingnemomonstersinc,Italy,2004-11-23,Vicarious Visions/Natsume,THQ,#players:1 #genre:action>platformer:adventure #save:password #based:movie:disney #compilation:monstersincgba:findingnemo #lang:it:en:fr:es,59287f4fb8d29bdc306e7f45b362cc4a,88c3f076f5381e87bbe61dd1566b3bba9b60fb41,aecac5b276f2d42cb2e204a09547e7cd241e9b84bf4b6d6406151188afca783d,a2d0ce0d14ffdcea5795f52db6efe5bccc79a600fca6a62fc79d0af3d10c5d32c98b9ff9018fb7d62a7b221dc00ea87df01394a52861606f50ab493204eb8a7d
2 Games in 1: Monsters en Co. + Finding Nemo,2 Games in 1: Disney・Pixar: Monsters en Co. + Disney・Pixar: Finding Nemo,Monsters en Co. / Finding Nemo,Disney・Pixar: Monsters en Co. / Disney・Pixar: Finding Nemo,2gamesin1findingnemomonstersinc,Netherlands,2004-11-23,Vicarious Visions/Natsume,THQ,#players:1 #genre:action>platformer:adventure #save:password #based:movie:disney #compilation:monstersincgba:findingnemo #lang:nl:en:es:fr,81cc6d957b21d039716751268f402fa8,7cccdd6b3e6e83d1bc481d09d52afbbfeb30da95,29ccb240c64de753137470c8760aa9fe91c75cf78fc3c9e7d16df16558aadf82,f2bf0a2108e4e2c3f436e698ac35f4a3528aae03b93a68d693cd3d2f9d2c8867e775abba88c00cca0f3406fa55ba2760aba3e9cd9db5c2b0372de0df2feeb683
2 Games in 1: Monsters‚ Inc. + Finding Nemo,2 Games in 1: Disney・Pixar: Monsters‚ Inc. + Disney・Pixar: Finding Nemo,Monsters‚ Inc. / Finding Nemo,Disney・Pixar: Monsters‚ Inc. / Disney・Pixar: Finding Nemo,2gamesin1findingnemomonstersinc,United Kingdom/Ireland,2004-11-23,Vicarious Visions/Natsume,THQ,#players:1 #genre:action>platformer:adventure #save:password #based:movie:disney #compilation:monstersincgba:findingnemo #lang:en,43dca05b7766662a4fe5a46e81f3592d,fda47644ba7c7601aa549cb4f2209b4ff687b116,84af0879e26c5e15525478ed5f159bb77079aa81272e92629424e1f582406a5b,d15766c87b6dc4243fe2c225826cc82131de8ff0352a239209bf1b3083902994c17a8a8e2e27e0b6e4d8da4ffda3e72567397c32b67af455eac0ee82156a399e
2 Games in 1: Monstres & Cie + Le Monde de Nemo,2 Games in 1: Disney・Pixar: Monstres & Cie + Disney・Pixar: Le Monde de Nemo,Monstres & Cie / Le Monde de Nemo,Disney・Pixar: Monstres & Cie / Disney・Pixar: Le Monde de Nemo,2gamesin1findingnemomonstersinc,France,2004-11-23,Vicarious Visions/Natsume,THQ,#players:1 #genre:action>platformer:adventure #save:password #based:movie:disney #compilation:monstersincgba:findingnemo #lang:fr:en:it:nl,31aaa9b8c76c220356b4bed887c1a318,5454105434346250936492971e1e1dae0420dffe,6c7d14b432e621e0c69687e962f0a5af0a4f7f5a4d6f279d8df1b939f3c27739,10b396224a43c4d86a9d7631595f0588eba97b7dbac7ab1a0b34bb28dc815bdb5ca480742315f2bb0baec9c8335f2acdf5274c7cfefb2f4a97758029cb17a3e5
2 Games in 1: Monstruos‚ S.A. + Buscando a Nemo,2 Games in 1: Disney・Pixar: Monstruos‚ S.A. + Disney・Pixar: Buscando a Nemo,Monstruos‚ S.A. / Buscando a Nemo,Disney・Pixar: Monstruos‚ S.A. / Disney・Pixar: Buscando a Nemo,2gamesin1findingnemomonstersinc,Spain,2004-11-23,Vicarious Visions/Natsume,THQ,#players:1 #genre:action>platformer:adventure #save:password #based:movie:disney #compilation:monstersincgba:findingnemo #lang:es:en:nl:it,17fa3b069564dd1dfc01ec579fccf0ad,77006bd92520439a7616d20ad9d4e2dd0b948b22,1c70a64102b28ca0bcf16351c7f82c5fc9e763e861b51400536e811a221361db,f2a7bc536956da1ae60fdb9628b8ba897b504e8d99c5e5c47389b6ee114d89f4435e56c8151c5de0427c966d192c9f32231f165680cfb4036e5645852d0e3a64
2 Games in 1: GT Advance 3: Pro Concept Racing + MotoGP: Ultimate Racing Technology,=,GT Advance 3: Pro Concept Racing / MotoGP,=,2gamesin1gtadvance3motogp,Europe,2004-10-22,M²TO/Visual Impact,THQ,#players:4:vs #genre:racing:sports>motogp #addon:link>gbalinkcable #embedded:backup>eeprom #save:backup:password #search:keyword>official #compilation:advancegt2:motogpgba #lang:en:fr:de:es:it,d3b699df6c6ca9bf3c3abb120fb3edd8,642bd76a9917ec5da2aeaa6b19d1693ab1032787,3c465755f0ebbc0c4280e7b49aed2203ad051111ea95256ba19a985a0a37493b,b7a8bc8c7cebf60f8c3f1058f72fe84b67ec9cc253b2ab6a6e347ae9e79c36bc2ae87c2d14dd731e07657c41b5d44e1db05583b8c04378067b648df0a994d15d
2 Games in 1: Power Rangers: La Force du Temps + Power Rangers: Ninja Storm,2 Games in 1: Saban's Power Rangers: La Force du Temps / Power Rangers: Ninja Storm,Power Rangers: La Force du Temps / Power Rangers: Ninja Storm,Saban's Power Rangers: La Force du Temps + Power Rangers: Ninja Storm,2gamesin1powerrangersninjastormtimeforce,France,2004-08-30,Vicarious Visions/Natsume,THQ,#players:1 #genre:action>hackandslash>platformer #save:password #compilation:powerrangersninjastorm:powerrangerstimeforcegba #lang:fr:en:de,d0aac762bc42a0133529ab72c8cc125c,3293d56ef14f868bce4089009014496fefe359da,d53c1e9a34c97e25883af5931fd328d7bc7fd4910e2ed273aaef6405ff866440,6bf6f9c05b8e937c8ea1547dd6f2eca847cd0a465c9e13af22edb3292fa4a1281ff4dee4fc14756ec91efcceccd4377fbc27f86da21d7c067b00266edb1ec00c
2 Games in 1: Power Rangers: Ninja Storm / Power Rangers: Time Force: Double Pack,=,Power Rangers: Ninja Storm / Power Rangers: Time Force,=,2gamesin1powerrangersninjastormtimeforce,USA,2005-03-22,Vicarious Visions/Natsume,THQ,#players:1 #genre:action>hackandslash>platformer #save:password #compilation:powerrangersninjastorm:powerrangerstimeforcegba #lang:en:de:fr,beaa0de66f48e52efcc97b50b7777dec,e8d8fd1cdb48ec4b0f83c38a95109ef1ccfe715d,3ff116124d13abb55966241e0becd12efc2cf03cf7241054019beae9278dcaf5,8f28ed0a2a1c704f556aa47e37b2cf87c0f732fb3fc2d60979891a0433d25939648f3a6fe474e4b1cbfa6ecdf2ede9477588529910b70a481f8eee7839f1185c
2 Games in 1: Power Rangers: Time Force + Power Rangers: Ninja Storm,2 Games in 1: Saban's Power Rangers: Time Force + Power Rangers: Ninja Storm,Power Rangers: Time Force / Power Rangers: Ninja Storm,Saban's Power Rangers: Time Force / Power Rangers: Ninja Storm,2gamesin1powerrangersninjastormtimeforce,Europe,2004-08-30,Vicarious Visions/Natsume,THQ,#players:1 #genre:action>hackandslash>platformer #save:password #compilation:powerrangersninjastorm:powerrangerstimeforcegba #lang:en:de:fr,903cfc3391a05624c48b8ded7d6b2efd,19d40824d436e9f275d942a4008ac7124129c78c,a1532c46bb325d540ae0b90ed9192504b500782ef36c3643d044e4cbfb3d0b73,404bbd3346fc031c3c97c60bb2cdd2121b9beb98fd1ddb3cb418031fd95e1788f267ba90e16ca424b5eedde3d6145a742fe667e78752623d12deece1aa899e22
2 Games in 1: Power Rangers: Time Force + Power Rangers: Ninja Storm,2 Games in 1: Saban's Power Rangers: Time Force + Power Rangers: Ninja Storm,Power Rangers: Time Force / Power Rangers: Ninja Storm,Saban's Power Rangers: Time Force / Power Rangers: Ninja Storm,2gamesin1powerrangersninjastormtimeforce,Germany,2004-08-30,Vicarious Visions/Natsume,THQ,#players:1 #genre:action>hackandslash>platformer #save:password #compilation:powerrangersninjastorm:powerrangerstimeforcegba #lang:de:en:fr,c8b81c5fe67f8235c03e350b8de53730,9c5e032616bda5936b07e3b052946d7c36bfb02a,a76371fd481ae5a4e35909d56e483af52460a06a5294303c587d8557c4b03e2d,5f04014b9fa2adc5a013e4633d8e3cdaf283b1b7af754e946c11e14ca7d0fd3a1c2129901f142711fcd4c64b8e971549764adf2d061ebb3364e008a6742aa4a1
2 Games in 1: Monster Trucks / Quad Desert Fury: Double Value!,=,Quad Desert Fury / Monster Trucks,=,2gamesin1monstertrucksquaddesertfury,USA,2005-04-25,Skyworks,Majesco,#players:1 #genre:racing #compilation:monstertrucks:quaddesertfury #lang:en,f493e3fe4dbe2b9ecde12ce9590a10e7,ac0d3528d5829097c71e819e96440ce125b17470,3cce15e2efdd4b398301721646cdd82f13e530676555577a1e3072b59f2a6c8a,58269bee78b130a56c7af3e243b8748d7666fbbc3cb6e049617204fca6c34ae5208848a6c5f9b2b55af1e50dfa084dfe02142504375291aa184b37b83cb09ed4
2 Games in 1: Scooby-Doo: The Motion Picture + Scooby-Doo 2: Desatado,=,Scooby-Doo / Scooby-Doo 2: Desatado,=,2gamesin1scoobydoo1and2monstersunleashed,Spain,2004-11-25,Helixe/Altron/Factor 5,THQ,#players:1 #genre:action>platformer:adventure #embedded:backup>eeprom #save:backup:password #based:movie #compilation:scoobydoo:scoobydoo2monstersunleashed #lang:es:en:fr:de:it,aaf042d4aa5852a653ea4416cc798101,8e68dd7021c73a3f54f7a47b12027d6364ce3790,5891a206d5df47e56da18a528ac2aa3cfbe1beb245e69674855c4311eac7ab69,8e674fbbbfc9f851734b458012f9fd88016615a9dcad969336599a0fa39d74efaaa668856fc32cd4d834ee6b212b7bcb1eb20d2b8b629d2e70bfe021ccafc82d
2 Games in 1: Scooby-Doo: The Motion Picture + Scooby-Doo 2: Les Monstres Se Dechainent,=,Scooby-Doo / Scooby-Doo 2: Les Monstres Se Dechainent,=,2gamesin1scoobydoo1and2monstersunleashed,France,2004-11-25,Helixe/Altron/Factor 5,THQ,#players:1 #genre:action>platformer:adventure #embedded:backup>eeprom #save:backup:password #based:movie #compilation:scoobydoo:scoobydoo2monstersunleashed #lang:fr:en:de:it:es,a46846238a4e41ab301f44a3e34d1779,503ca1459cf74ab625d4d9464528da320a4a02d1,6f2614eb2ae1c401a1429b0a1bbf7fc67813d7894955df1c58fbe35edb47de46,b4d7b020abc5d1a0e54d951049512697cb09871bdf8f392af27ccbcfff0ed71999fd4aaf84ab557b6b36a8870f023ecf12c0033c120e808529a4bc1bf2cb26b5
2 Games in 1: Scooby-Doo: The Motion Picture + Scooby-Doo 2: Monsters Unleashed,=,Scooby-Doo / Scooby-Doo 2: Monsters Unleashed,=,2gamesin1scoobydoo1and2monstersunleashed,Europe,2004-11-25,Helixe/Altron/Factor 5,THQ,#players:1 #genre:action>platformer:adventure #embedded:backup>eeprom #save:backup:password #based:movie #compilation:scoobydoo:scoobydoo2monstersunleashed #lang:en,1e7ee1cf52d5a507ab4a54ee1efad630,527f2411f2ed9215ed5527e41bcfcedf2dda2adb,5b9848ed34a145d967a3cdcb4a39f77a46de31c0ce60ce889695f7fbbff89067,d8e5bd285aacb4630e6d87b740013992155dabfb14f559146025250c136d1f51c14a681458af4db4b0f61293ccb54e5823d8f56cc0ba60a2addcce739f2ebc96
2 Games in 1: Scooby Doo / Scooby-Doo 2: Monsters Unleashed: Double Pack,=,Scooby-Doo / Scooby-Doo 2: Monsters Unleashed,=,2gamesin1scoobydoo1and2monstersunleashed,USA,2006-08-21,Helixe/Altron/Factor 5,THQ,#players:1 #genre:action>platformer:adventure #embedded:backup>eeprom #save:backup:password #based:movie #compilation:scoobydoo:scoobydoo2monstersunleashed #lang:en,6f1edd8d1a8091636a1685def759e602,2e7efcee9228ef3e3e7b1381976a956e64eaf198,8df19dc10b617ce67c4810628c3b84b188758fc70ed5d543c087609c8af33e96,2c64fcde3b3d59dff495389a5b5a68f7d8f60659dc9282044963e3d316f6e83247320a8249391af02ced1c708901d27a43edb0b2ff2357bbca10c335158a1346
2 Games in 1: Scooby-Doo and the Cyber Chase + Scooby-Doo! Mystery Mayhem,=,Scooby-Doo and the Cyber Chase / Scooby-Doo! Mystery Mayhem,=,2gamesin1scoobydooandthecyberchasemysterymayhem,Europe,2005-03-04,Software Creations/A2M,THQ,#players:1 #genre:action:adventure #embedded:backup>eeprom #save:backup:password #based:movie #compilation:scoobydooandthecyberchase:scoobydoomysterymayhem #lang:en:fr:de,5294d185a38489831f0acb78aba1030b,d60e1002bc8d436ceed5fedae63525703c00287a,b33385c49f786c34f5996685bf8b2e82cf63d6b230158dcb8c472d094dc47331,cb4945db2384a496c6ffed666ad6521fe38cac123e80f5c991d96ee14ebaac4429fff73aca124c09283c237dffdc6749e5fa0ec0e5429ebf257267884414e851
2 Games in 1: Scooby-Doo et la Cybertraque + Scooby-Doo! Le Livre Des Ténèbres,=,ScScooby-Doo et la Cybertraque / Scooby-Doo! Le Livre Des Ténèbres,=,2gamesin1scoobydooandthecyberchasemysterymayhem,France,2005-03-04,Software Creations/A2M,THQ,#players:1 #genre:action:adventure #embedded:backup>eeprom #save:backup:password #based:movie #compilation:scoobydooandthecyberchase:scoobydoomysterymayhem #reboxed #lang:en:fr:de,5294d185a38489831f0acb78aba1030b,d60e1002bc8d436ceed5fedae63525703c00287a,b33385c49f786c34f5996685bf8b2e82cf63d6b230158dcb8c472d094dc47331,cb4945db2384a496c6ffed666ad6521fe38cac123e80f5c991d96ee14ebaac4429fff73aca124c09283c237dffdc6749e5fa0ec0e5429ebf257267884414e851
2 Games in 1: Scooby-Doo and the Cyber Chase / Scooby-Doo! Mystery Mayhem: Double Pack,=,Scooby-Doo and the Cyber Chase / Scooby-Doo! Mystery Mayhem,=,2gamesin1scoobydooandthecyberchasemysterymayhem,USA,2005-03-08,Software Creations/A2M,THQ,#players:1 #genre:action:adventure #embedded:backup>eeprom #save:backup:password #based:movie #compilation:scoobydooandthecyberchase:scoobydoomysterymayhem #lang:en:fr:de,7bd5ae371d67113ad2c01109607b418b,78e1ac7414be6eba0c016d191df34e954a1d3bb6,c1b8c1ba5ab376563a91829ac4e8801382219854919e96208070a1ff5dbb0ada,066d4c7e8367b904b93fa0da53334c0c7e00d47b46df94e45e3fbb422c18bc6deafde4714f052441d3af9ccee0ca59278b49b66177560281bd629e75eb93c4c9
2 Games in 1: Sonic Advance + ChuChu Rocket!,=,Sonic Advance / ChuChu Rocket!,Sonic Advance ソニック アドバンス / ChuChu Rocket!,2gamesin1sonicadvancechuchurocket,Europe,2005-11-11,Sonic Team/Dimps/Wave Master,THQ,#players:4:vs #genre:action>platformer:puzzle #embedded:backup>flashram #save:backup #search:feature>sonic #port:sega>dreamcast #compilation:sonicadvance:chuchurocket #lang:ja:en:fr:de:es,efcd9b5848f494aaf49051c5d9e83054,028210706977bb6376e90fa241f88a6d836b72ec,68b4c1d09904107fbd71c2dab287dda4747e1530f525fd263942dcc38924c2af,92195e5cf6c1b1c7bacc3f7f8e3367bc383b8dae75cbca02804ccb1ffabed51a52c75dd5eb5918176e9bed85a5f99479165bcd7de4becbdafb269e1d1fa2af03
2 Games in 1: Sonic Advance + Sonic Battle,=,Sonic Advance / Sonic Battle,=,2gamesin1sonicadvancesonicbattle,Europe,2005-11-16,Sonic Team/Dimps/Wave Master,THQ,#players:4:vs #genre:action>platformer:fighting>melee:minigames #addon:link>gbalinkcable>gbacable #embedded:backup>flashram #save:backup #search:feature>sonic #compilation:sonicadvance:sonicbattle #lang:en:ja:fr:de:es:it,1f068b49fa0fff9f866abe2d0a965a89,2c22dd926f8064000f23c39787ea8579e022fcf8,722668237af632f8191019f3b910e0165f103afeaa00de4f6a6f52ab7f1a3ca3,141e0508df2130e740796ec7b74633a98d3f4c85bc1401873732a6fd99e329f67e90cfb36f4cb9ef85fb2ff0caaedfaaff1de07eb7aa4e831b4198a30c16894c
2 Games in 1: Sonic Advance + Sonic Pinball Party,=,Sonic Advance / Sonic Pinball Party,Sonic Advance ソニック アドバンス / Sonic Pinball Party,2gamesinonesonicadvancesonicpinballparty,Europe,2005-11-16,Dimps/Sonic Team/Jupiter/Wave Master,THQ,#players:4:vs #genre:action>platformer:parlor>pinball #addon:link>gbalinkcable>gbacable #embedded:backup>flashram #save:backup #search:feature>sonic #compilation:sonicadvance:sonicpinballparty #lang:en:ja:fr:de:es:it,9a5ee5bda6c5d01032ce459a8dbd2b57,2872ddc6bf2ead9f08abec66836ff8cb5c9b0909,699614b3fddd28b4fcfc77efab51e9774b7a1c488bb1c6259cd1e140cefee376,45184d61078309ff80e090fb9b0518ba00daa19d7de1dfbe84c2cccec9d565ae66b57a7f64ead2f05e3e576aa7cd564f14697d01ed69c62bcf41db62cde1e5a0
2 Games in 1: Sonic Battle + ChuChu Rocket!,=,Sonic Battle / ChuChu Rocket!,=,2gamesin1sonicbattlechuchurocket,Europe,2005-11-16,Sonic Team/Wave Master,THQ,#players:4:vs #genre:fighting>melee:action:puzzle:minigames #addon:link>gbalinkcable #embedded:backup>flashram #save:backup #search:feature>sonic #port:sega>dreamcast #compilation:sonicbattle:chuchurocket #lang:en:ja:fr:de:es:it,b7bd2a56bc92f5e04ea7bcbc2841c57e,2d1aceea9e69454cec89acdd764887d584c06877,c2e761660b68bcef39d589850059653df456078d051ec096dd753d185be09c11,7baaad34b200a55bd43cc8564ad9c159755b89909e5dcf0e1f5b058b421f95a6afb70642b1b4c496eeb3e575ff60ac44d7f4b74fbbe597a2a1740e637c4df4a4
2 Games in 1: Sonic Pinball Party + Sonic Battle,=,Sonic Pinball Party / Sonic Battle,=,2gamesin1sonicpinballpartysonicbattle,Europe,2005-11-11,Sonic Team/Jupiter/Wave Master,THQ,#players:4:vs #genre:parlor>pinball:fighting>melee #addon:link>gbalinkcable>gbacable #embedded:backup>flashram #save:backup #search:feature>sonic #compilation:sonicpinballparty:sonicbattle #lang:en:ja:fr:de:es:it,c8c20827e23977fa69ab7f0abbc08931,df086e816109a18d0f037e8c0aa7a2ae40677c14,d55f76fd79b790b4449e012adea5e628e103bb9f58b5136b2a0b16ad348d1127,574a11c68d288d815e31fc470b61795063665b6d9ca12c9bad751be87540f53f069612baf406092e0355761c130c671218cef82966b3a327dc22d3dfc37e28f2
2 Games in 1: Sonic Pinball Party + Columns Crown,=,Sonic Pinball Party / Columns Crown,=,2gamesin1sonicpinballpartycolumnscrown,Europe,2006-03-24,Sonic Team/WOW/Jupiter,THQ,#players:4:vs #genre:parlor>pinball:puzzle>drop #addon:link>gbalinkcable>gbacable #embedded:backup>flashram #save:backup #search:feature>sonic #compilation:sonicpinballparty:columnscrown #lang:en:ja:fr:de:es:it,6ce88b00f7ccf862f6386866dcc91558,81e94573f0eb2dc5dae5ab3eab9e2c30d3197203,8a934c3a58f9483f78513478f07343ba4b44bdf4907636eee587b93cfb93a106,31eafe7aa5e4de987c7b4476252aa6be5218fa8a45d6ab50155ed5127757960123358aab938df36b0ee79f45c59e1eb4d541598e0751352be8019c1ca227e582
2 Games in 1: SpongeBob SquarePants: Battle for Bikini Bottom + Jimmy Neutron: Boy Genius,=,SpongeBob SquarePants: Battle for Bikini Bottom / Jimmy Neutron: Boy Genius,=,2gamesin1spongebobsquarepantsbattleforbikinibottomjimmyneutronboygenius,Europe,2005-06-30,Vicarious Visions/Human Soft,THQ,#players:2:vs #genre:action>platformer:minigames:rhythm #addon:link>gbalinkcable #save:password #based:movie #compilation:spongebobsquarepantsbattleforbikinibottom:jimmyneutronboygenius #lang:en:fr:de:es,5c0cc78c521fb9d43a99f76b920980ab,11caf32f79b1fc0b7cee039f02793760c56a63be,404e2d29b4369216e23723865351a98575169b5720d4d621a27bd1aa98e2bf1b,535cfbc7f0fcceb328fd5d0124793984ecb6a729630f25a9f6a1545360672eaeaf6991fc2ac590141d2505b589d286cba74e241b81d1d90006be168a58ea04a5
2 Games in 1: Bob L'Éponge: Bataille pour Bikini Bottom + Jimmy Neutron: Un Garçon Génial,=,Bob L'Éponge: Bataille pour Bikini Bottom / Jimmy Neutron: Un Garçon Génial,=,2gamesin1spongebobsquarepantsbattleforbikinibottomjimmyneutronboygenius,France,2005-06-30,Vicarious Visions/Human Soft,THQ,#players:2:vs #genre:action>platformer:minigames:rhythm #addon:link>gbalinkcable #save:password #based:movie #compilation:spongebobsquarepantsbattleforbikinibottom:jimmyneutronboygenius #reboxed #lang:en:fr:de:es,5c0cc78c521fb9d43a99f76b920980ab,11caf32f79b1fc0b7cee039f02793760c56a63be,404e2d29b4369216e23723865351a98575169b5720d4d621a27bd1aa98e2bf1b,535cfbc7f0fcceb328fd5d0124793984ecb6a729630f25a9f6a1545360672eaeaf6991fc2ac590141d2505b589d286cba74e241b81d1d90006be168a58ea04a5
2 Games in 1: SpongeBob Schwammkopf: Schlacht um Bikini Bottom + Jimmy Neutron: Der Mutige Erfinder,=,SpongeBob Schwammkopf: Schlacht um Bikini Bottom / Jimmy Neutron: Der Mutige Erfinder,=,2gamesin1spongebobsquarepantsbattleforbikinibottomjimmyneutronboygenius,Germany,2005-06-30,Vicarious Visions/Human Soft,THQ,#players:2:vs #genre:action>platformer:minigames:rhythm #addon:link>gbalinkcable #save:password #based:movie #compilation:spongebobsquarepantsbattleforbikinibottom:jimmyneutronboygenius #reboxed #lang:en:fr:de:es,5c0cc78c521fb9d43a99f76b920980ab,11caf32f79b1fc0b7cee039f02793760c56a63be,404e2d29b4369216e23723865351a98575169b5720d4d621a27bd1aa98e2bf1b,535cfbc7f0fcceb328fd5d0124793984ecb6a729630f25a9f6a1545360672eaeaf6991fc2ac590141d2505b589d286cba74e241b81d1d90006be168a58ea04a5
2 Games in 1: SpongeBob SquarePants: Battle for Bikini Bottom / Nicktoons: Freeze Frame Frenzy: Double Pack,=,SpongeBob SquarePants: Battle for Bikini Bottom / Nicktoons: Freeze Frame Frenzy,=,2gamesin1spongebobsquarepantsbattleforbikinibottomnicktoonsfreezeframefrenzy,USA,2004-09-20,Vicarious Visions/Altron,THQ,#players:1 #genre:action>platformer:adventure #embedded:backup>eeprom #save:password:backup #based #compilation:spongebobsquarepantsbattleforbikinibottom:nicktoonsfreezeframefrenzy #lang:en,01f08a55412611f51ce89a1b90b3af11,56026a6d7290e7c09c9e9ac7083e4505ac9d31e5,fd3a8e2d1222b9f8415ecff2cc91060ddfa81d6039318fbe1a547468fc73c167,506c7aa854e955899e9f2ee22a196be9f53dcea36b3d220943ce0bec7fa5e9321c10d7fcb9e10c4949870318e5599465a535a20a006ba33b1d21970971443da3
2 Games in 1: SpongeBob SquarePants: Battle for Bikini Bottom / The Fairly OddParents! Breakin' da Rules: Double Pack,=,SpongeBob SquarePants: Battle for Bikini Bottom / The Fairly OddParents! Breakin' da Rules,=,2gamesinonespongebobsquarepantsbattleforbikinibottomthefairlyoddparentsbreakindarules,USA,2005-06-01,Vicarious Visions/Helixe/Factor 5,THQ,#players:1 #genre:action>platformer>runandgun #save:password #based #compilation:spongebobsquarepantsbattleforbikinibottom:thefairlyoddparentsbreakindarules #lang:en,86ae492f7c964724de06f7cbebe6437a,d9ba8b21696b3fe2ce5dc31b7f7a8837f52acab0,696f39fc0a886bb98de90b7df274d0f32f88e96367c4d620337d52b10f51206a,9eba242a802bf9b9fdd87f09fec58feab85c5f3fbae4327e7445905a1a27c84f50ad979ecd3287fd1578d144d2f921becbad177e20b5a6feb9d6c3d95df8f8be
2 Games in 1: SpongeBob SquarePants: SuperSponge + SpongeBob SquarePants: Revenge of the Flying Dutchman,=,SpongeBob SquarePants / SpongeBob SquarePants: Revenge of the Flying Dutchman,=,2gamesinonespongebobsuperspongerevengeoftheflyingdutchman,Europe,2004-12-07,Climax/Vicarious Visions,THQ,#players:1 #genre:action>platformer:minigames:rhythm #save:password #based #compilation:spongebobsquarepantsrevengeoftheflyingdutchman:spongebobsquarepantssupersponge #lang:en,f27ec053bccc03c8219a6d04169d402a,4b6abd4ed09674a1b1da191a2f2fbfad352da740,7c6e76f8ac9167b1c8be26536b5c6cf85e18cd43b3894a3650c9f308a46ad65e,114df69da3f90f8db02384dfd990bd4c52816385ceb2c75890900906426bdb80e4464bad5d675c91bf6a689aeb03957f1842966bd6e3c0817921552a84da5cb8
2 Games in 1: SpongeBob SquarePants: SuperSponge / SpongeBob SquarePants: Revenge of the Flying Dutchman: Double Pack,=,SpongeBob SquarePants / SpongeBob SquarePants: Revenge of the Flying Dutchman,=,2gamesinonespongebobsuperspongerevengeoftheflyingdutchman,USA,2005-03-08,Climax/Vicarious Visions,THQ,#players:1 #genre:action>platformer:minigames:rhythm #save:password #based #compilation:spongebobsquarepantsrevengeoftheflyingdutchman:spongebobsquarepantssupersponge #lang:en,fa11be8d9b3e6a4851d8f4538922082a,c7610e41fc97358f4fe156bfc0ef3a33e87c8a73,21282fb783d2e0bb2d4bb8875a43d1ec54b4902b981a5eb11406311ac4bf4085,12fe89781a93652b0823ba6f40c80a0cdd5d7f9cfc24100c686f4f18526bd6bedde79ee0248666ccdef5e5e06b519f4ac335306046d42e08387bff8754e105b3
2 Games in 1: SpongeBob SquarePants: SuperSponge + Les Razmoket Rencontrent les Delajungle,=,SpongeBob SquarePants / Les Razmoket Rencontrent les Delajungle,=,2gamesin1spongebobsquarepantssuperspongerugratsgowild,France,2005-03-04,Magellan/Climax,THQ,#players:1 #genre:adventure:minigames:action>platformer:racing:puzzle #save:password #based:movie #compilation:rugratsgowild:spongebobsquarepantssupersponge #lang:fr:en,dc8786aa2aa0b73b73cb1ad110ccf2e7,527a294a70ab8700f856cbf52b31538781f2b647,1253685d947dfa2439bac91d636e640ec4a5dacf0f19918b09c3fc47bac2a123,1258397b9a6636451c7f4e9e9b016fb739bae520583298e46034d9ea153516f9f31c352477418e71134755a06769f8eb7508f5c0b554975a4be43ac18fe0a12a
2 Games in 1: SpongeBob SquarePants: SuperSponge + Rugrats: Go Wild,=,SpongeBob SquarePants / Rugrats: Go Wild,=,2gamesin1spongebobsquarepantssuperspongerugratsgowild,Europe,2005-03-04,Magellan/Climax,THQ,#players:1 #genre:adventure:minigames:action>platformer:racing:puzzle #save:password #based:movie #compilation:rugratsgowild:spongebobsquarepantssupersponge #lang:en,9178687e7327cbb77458e1093d95cf1f,c4436fd09dddc226d9670b2f73121b893d33f418,e29dfc72286dae6d02d1a902a10f9b6953a6587ee30d0cc0cbacba05079a4442,dd8b9ba9e5493e89e217e7e20a665e6e37cf65d85d7dd46e06af976853a8d5a9ec1b713a71dd5d81267462cd985505cd01c5bcaf17102bd7826d8029bca860f7
2 Games in 1: SpongeBob SquarePants: SuperSponge + SpongeBob SquarePants: Battle for Bikini Bottom,=,SpongeBob SquarePants / SpongeBob SquarePants: Battle for Bikini Bottom,=,2gamesin1spongebobsuperspongebattleforbikinibottom,United Kingdom/Ireland,2004-10-21,Climax/Vicarious Visions,THQ,#players:1 #genre:action>platformer #save:password #based #compilation:spongebobsquarepantssupersponge:spongebobsquarepantsbattleforbikinibottom #lang:en,d1d4df6cf579a743171f39f06fb884fb,c9871f358482d4d463ecfc1914959b05119deb0e,483fd24cffcf4631e7f7243fe5d90d243ad526df141c7176f4e96764672fc190,199092cad0e6c0ac492f58d46844175095f99f312a8bb42f5da9af0f7e7165867fd1b7393302cfbe975f1e738ef1033cbd0e65d4614fb55833c65002fa639948
2 Games in 1: SpongeBob SquarePants: SuperSponge + SpongeBob SquarePants: Battle for Bikini Bottom,=,SpongeBob SquarePants / SpongeBob SquarePants: Battle for Bikini Bottom,=,2gamesin1spongebobsuperspongebattleforbikinibottom,Europe,2004-10-21,Climax/Vicarious Visions,THQ,#players:1 #genre:action>platformer #save:password #based #compilation:spongebobsquarepantssupersponge:spongebobsquarepantsbattleforbikinibottom #lang:en:fr:de,6f77e7bfa48f13113ed42aaafc791368,025dc7cf356a812e468b9fa66b6535448d0186ff,8c1fe6710809b1ad3c4a73d92a4d2019581cfc39231b23f0ab1097ceb987abe7,f012ba1f879c7d00db862b6f10459df9d8c9c9dd4b30550f70053c17deb5c35e07a91475b3cdcd94cca16ad4a2b260eb3384e49cc093f8c58912a4a2b4bec843
2 Games in 1: Bob L'Éponge: SuperSponge + Bob L'Éponge: Bataille pour Bikini Bottom,=,SpongeBob SquarePants / Bob L'Éponge: Bataille pour Bikini Bottom,=,2gamesin1spongebobsuperspongebattleforbikinibottom,France,2004-10-21,Climax/Vicarious Visions,THQ,#players:1 #genre:action>platformer #save:password #based #compilation:spongebobsquarepantssupersponge:spongebobsquarepantsbattleforbikinibottom #reboxed #lang:en:fr:de,6f77e7bfa48f13113ed42aaafc791368,025dc7cf356a812e468b9fa66b6535448d0186ff,8c1fe6710809b1ad3c4a73d92a4d2019581cfc39231b23f0ab1097ceb987abe7,f012ba1f879c7d00db862b6f10459df9d8c9c9dd4b30550f70053c17deb5c35e07a91475b3cdcd94cca16ad4a2b260eb3384e49cc093f8c58912a4a2b4bec843
2 Games in 1: SpongeBob Schwammkopf: SuperSponge + SpongeBob Schwammkopf: Schlacht um Bikini Bottom,=,SpongeBob SquarePants / SpongeBob Schwammkopf: Schlacht um Bikini Bottom,=,2gamesin1spongebobsuperspongebattleforbikinibottom,Germany,2004-10-21,Climax/Vicarious Visions,THQ,#players:1 #genre:action>platformer #save:password #based #compilation:spongebobsquarepantssupersponge:spongebobsquarepantsbattleforbikinibottom #reboxed #lang:en:fr:de,6f77e7bfa48f13113ed42aaafc791368,025dc7cf356a812e468b9fa66b6535448d0186ff,8c1fe6710809b1ad3c4a73d92a4d2019581cfc39231b23f0ab1097ceb987abe7,f012ba1f879c7d00db862b6f10459df9d8c9c9dd4b30550f70053c17deb5c35e07a91475b3cdcd94cca16ad4a2b260eb3384e49cc093f8c58912a4a2b4bec843
2 Games in 1: The Incredibles / Finding Nemo: The Continuing Adventures: Double Pack,2 Games in 1: Disney・Pixar: The Incredibles / Disney・Pixar: Finding Nemo: The Continuing Adventures: Double Pack,The Incredibles / Finding Nemo: The Continuing Adventures,=,2gamesin1theincrediblesfindingnemothecontinuingadventures,USA,2007-02-27,Altron/Helixe/Factor 5,THQ,#players:2:vs #genre:action:adventure:minigames:shmup>h:puzzle:rhythm #addon:link>gbalinkcable #save:password #based:movie:disney #compilation:theincredibles:findingnemothecontinuingadventures #lang:en,ce7a3a9fb7e863d58bb2c71ea2a7a0d5,118cd86f64151c67baf590b1030da2fc6c6ace16,d829c2299ba3e67bd7198a04c59c61691b8a7145232ab79e73ee86ad0f3bd150,0611a3eeca1a7ac629467093e371e0f358633d19d373983812d8473643d07f0a1a1c455abe58299a4de67bd008a35ba2d56d79015e68c249ddae2666786f7610
2 Games in 1: The SpongeBob SquarePants Movie + SpongeBob SquarePants and Friends in Freeze Frame Frenzy,=,The SpongeBob SquarePants Movie / SpongeBob SquarePants and Friends in Freeze Frame Frenzy,=,2gamesin1thespongebobsquarepantsmoviefreezeframefrenzy,Europe,2006-10-21,WayForward/Altron,THQ,#players:1 #genre:action>platformer:adventure #embedded:backup>eeprom #save:password:backup #based:movie #compilation:thespongebobsquarepantsmovie:nicktoonsfreezeframefrenzy #lang:en:fr:de:es:it:nl,61c2b1e42c45705bc19cb905ae25bd2d,0286e31772601f7c7420722e8fbf8a210d562a06,92557eb4c104a883d5cc66b59df1cc2c1368c0107608ea57cdff4738177cdd02,96f0c68bce544073aaef4b62cd3b954b956bc5e39ff0e98df3af716602dc7c77179df0d7e9711112fdf98b1cb64bb5d58c7b64422619c0f4dcf99d78235aeb8c
2 Games in 1: Bob L'Éponge: Le Film + Bob L'Eponge et ses amis: La Photo en Délire,=,Bob L'Éponge: Le Film / Bob L'Eponge et ses amis: La Photo en Délire,=,2gamesin1thespongebobsquarepantsmoviefreezeframefrenzy,France,2006-10-21,WayForward/Altron,THQ,#players:1 #genre:action>platformer:adventure #embedded:backup>eeprom #save:password:backup #based:movie #compilation:thespongebobsquarepantsmovie:nicktoonsfreezeframefrenzy #reboxed #lang:en:fr:de:es:it:nl,61c2b1e42c45705bc19cb905ae25bd2d,0286e31772601f7c7420722e8fbf8a210d562a06,92557eb4c104a883d5cc66b59df1cc2c1368c0107608ea57cdff4738177cdd02,96f0c68bce544073aaef4b62cd3b954b956bc5e39ff0e98df3af716602dc7c77179df0d7e9711112fdf98b1cb64bb5d58c7b64422619c0f4dcf99d78235aeb8c
2 Games in 1: De SpongeBob SquarePants Film + SpongeBob SquarePants en zijn Vrienden: De Gekke Camera,=,De SpongeBob SquarePants Film / SpongeBob SquarePants en zijn Vrienden: De Gekke Camera,=,2gamesin1thespongebobsquarepantsmoviefreezeframefrenzy,Netherlands,2006-10-21,WayForward/Altron,THQ,#players:1 #genre:action>platformer:adventure #embedded:backup>eeprom #save:password:backup #based:movie #compilation:thespongebobsquarepantsmovie:nicktoonsfreezeframefrenzy #reboxed #lang:en:fr:de:es:it:nl,61c2b1e42c45705bc19cb905ae25bd2d,0286e31772601f7c7420722e8fbf8a210d562a06,92557eb4c104a883d5cc66b59df1cc2c1368c0107608ea57cdff4738177cdd02,96f0c68bce544073aaef4b62cd3b954b956bc5e39ff0e98df3af716602dc7c77179df0d7e9711112fdf98b1cb64bb5d58c7b64422619c0f4dcf99d78235aeb8c
2 Games in 1: Der SpongeBob Schwammkopf Film + SpongeBob Schwammkopf und seine Freunde im Fotofieber,=,Der SpongeBob Schwammkopf Film / SpongeBob Schwammkopf und seine Freunde im Fotofieber,=,2gamesin1thespongebobsquarepantsmoviefreezeframefrenzy,Germany,2006-10-21,WayForward/Altron,THQ,#players:1 #genre:action>platformer:adventure #embedded:backup>eeprom #save:password:backup #based:movie #compilation:thespongebobsquarepantsmovie:nicktoonsfreezeframefrenzy #reboxed #lang:en:fr:de:es:it:nl,61c2b1e42c45705bc19cb905ae25bd2d,0286e31772601f7c7420722e8fbf8a210d562a06,92557eb4c104a883d5cc66b59df1cc2c1368c0107608ea57cdff4738177cdd02,96f0c68bce544073aaef4b62cd3b954b956bc5e39ff0e98df3af716602dc7c77179df0d7e9711112fdf98b1cb64bb5d58c7b64422619c0f4dcf99d78235aeb8c
2 Games in 1! Dragon Ball Z: Buu's Fury / Dragon Ball GT: Transformation,=,Dragon Ball Z: Buu's Fury / Dragon Ball GT: Transformation,=,2gamesin1dragonballzbuusfurygtransformation,USA,2006-03-29,Webfoot,Atari,#players:2:coop:vs #genre:rpg>a:brawler #addon:link>gbalinkcable>wirelessadapter #embedded:backup>eeprom #save:backup #based:manganime #compilation:dragonballzbuusfury:dragonballgttransformation #lang:en,89bbc0e48966feca4f22e2b31caad638,3733adaff49866a8fe01e23526f4f52ca39cbf58,6ae7ce9bb46c262423ea7a95f57cce742f1f05802f94b8706b174760e1791312,f42a84f6673665fecec884053438b526036d0bcea98356c82a405ff0e429da3bb00d58bbd22e2014e4cddde2a607b400eadaf9ad997fb21d80d5495c2ee9630a
2 Games in One! Dr. Mario / Puzzle League,=,Dr. Mario & Puzzle League,=,drmarioandpaneldepon,USA,2005-11-28,TOSE/Intelligent Systems,Nintendo,#players:2:vs #genre:puzzle>drop #addon:link>gbalinkcable #embedded:backup>eeprom #save:backup #search:feature>mario #compilation:drmario:paneldepon #port:nintendo>famicom>superfamicom #lang:en,279297081bab92bdc469f3b9127ab4fc,af6fdad72d3f4777338b77971f488c0f75b080c1,aa5326dd9110b3309e5e19408e2c4d5cbb15899292d502d4976bbe56f12ede07,1261309aa7d46010ac3e3ca8832b93596500a489f664091e3dba3a5b67de5ee861408e3c9d6b00fd29247ad08e399922eb1b70b5da60e9e9a731ebb3855f8833
2 Games Inside: Astérix & Obélix: Bash Them All! + Astérix & Obélix XXL,=,Astérix & Obélix: Bash Them All! / Astérix & Obélix XXL,=,2in1asterixandobleixbashthemallxxl,Europe,2005-06-23,Bit Managers/Velez & Dubail,Atari,#players:2:coop #genre:action>hackandslash>platformer:adventure:minigames #addon:link>gbalinkcable #embedded:backup>eeprom #save:backup:password #search:feature>asterix #port:nintendo>gameboy #compilation:asterixetobelixpafpartoutatis:asterixandobelixxxl #lang:en:fr:de:es:it:nl,eab287293bf4b62301119cfc3a9a9ccc,03b76e408e368be7a3ef041a22923a4d2754af6a,c953d372c151d147b5d9f82e126df49bf6df9105d3f72176a4b6b13bb1171daf,bc1185c0fd11599ae53077196513b97a1fb43a38761c2efa6a8eea8dead5471e74a7fe1b8328646e375d7a3e66b8a8b17b8cc2e87a644ee24e3b40be63caa395
2 in 1: Astérix & Obélix: Jetzt Geht's Rund! + Astérix & Obélix XXL,=,Astérix & Obélix: Jetzt Geht's Rund! / Astérix & Obélix XXL,=,2in1asterixandobleixbashthemallxxl,Germany,2005-06-23,Bit Managers/Velez & Dubail,Atari,#players:2:coop #genre:action>hackandslash>platformer:adventure:minigames #addon:link>gbalinkcable #embedded:backup>eeprom #save:backup:password #search:feature>asterix #port:nintendo>gameboy #compilation:asterixetobelixpafpartoutatis:asterixandobelixxxl #reboxed #lang:en:fr:de:es:it:nl,eab287293bf4b62301119cfc3a9a9ccc,03b76e408e368be7a3ef041a22923a4d2754af6a,c953d372c151d147b5d9f82e126df49bf6df9105d3f72176a4b6b13bb1171daf,bc1185c0fd11599ae53077196513b97a1fb43a38761c2efa6a8eea8dead5471e74a7fe1b8328646e375d7a3e66b8a8b17b8cc2e87a644ee24e3b40be63caa395
2 Jeux en 1: Astérix & Obélix: Paf! Par Toutatis! / Astérix & Obélix XXL,=,Astérix & Obélix: Paf! Par Toutatis! / Astérix & Obélix XXL,=,2in1asterixandobleixbashthemallxxl,France,2005-06-23,Bit Managers/Velez & Dubail,Atari,#players:2:coop #genre:action>hackandslash>platformer:adventure:minigames #addon:link>gbalinkcable #embedded:backup>eeprom #save:backup:password #search:feature>asterix #port:nintendo>gameboy #compilation:asterixetobelixpafpartoutatis:asterixandobelixxxl #reboxed #lang:en:fr:de:es:it:nl,eab287293bf4b62301119cfc3a9a9ccc,03b76e408e368be7a3ef041a22923a4d2754af6a,c953d372c151d147b5d9f82e126df49bf6df9105d3f72176a4b6b13bb1171daf,bc1185c0fd11599ae53077196513b97a1fb43a38761c2efa6a8eea8dead5471e74a7fe1b8328646e375d7a3e66b8a8b17b8cc2e87a644ee24e3b40be63caa395
2 Games Inside: V-Rally 3 + Stuntman,=,V-Rally 3 / Stuntman,=,2in1stuntmanvrally3,Europe,2006-06-20,Velez & Dubail,Atari,#players:2:vs #genre:racing:sim>driving:action:sports>rally #addon:link>gbalinkcable #embedded:backup>eeprom #save:backup #search:keyword>brand #port:sony>playstation2 #compilation:stuntman:vrally3 #lang:en:fr:de:es:it,64ee9a205b96f5b2945e1594e8b6defd,f116cc8e6a7f6dba49564031a2ac63d837d4f11b,bea5a43aa2a37fd6588e26545db61cd58ba0a2ded29589a573da908a6c19e2a3,4b66d5ae745e0990be379791ba4b5caa15c06a6287b6bd6d3ccc7baf9c555cba63e739c07cddf0fe75eb28828db81a093a745b5e08aa885abfd5aff77dfb1f12
2 in 1: V-Rally 3 + Stuntman,=,V-Rally 3 / Stuntman,=,2in1stuntmanvrally3,Germany,2006-06-20,Velez & Dubail,Atari,#players:2:vs #genre:racing:sim>driving:action:sports>rally #addon:link>gbalinkcable #embedded:backup>eeprom #save:backup #search:keyword>brand #port:sony>playstation2 #compilation:stuntman:vrally3 #reboxed #lang:en:fr:de:es:it,64ee9a205b96f5b2945e1594e8b6defd,f116cc8e6a7f6dba49564031a2ac63d837d4f11b,bea5a43aa2a37fd6588e26545db61cd58ba0a2ded29589a573da908a6c19e2a3,4b66d5ae745e0990be379791ba4b5caa15c06a6287b6bd6d3ccc7baf9c555cba63e739c07cddf0fe75eb28828db81a093a745b5e08aa885abfd5aff77dfb1f12
2 Jeux en 1: V-Rally 3 + Stuntman,=,V-Rally 3 / Stuntman,=,2in1stuntmanvrally3,France,2006-06-20,Velez & Dubail,Atari,#players:2:vs #genre:racing:sim>driving:action:sports>rally #addon:link>gbalinkcable #embedded:backup>eeprom #save:backup #search:keyword>brand #port:sony>playstation2 #compilation:stuntman:vrally3 #reboxed #lang:en:fr:de:es:it,64ee9a205b96f5b2945e1594e8b6defd,f116cc8e6a7f6dba49564031a2ac63d837d4f11b,bea5a43aa2a37fd6588e26545db61cd58ba0a2ded29589a573da908a6c19e2a3,4b66d5ae745e0990be379791ba4b5caa15c06a6287b6bd6d3ccc7baf9c555cba63e739c07cddf0fe75eb28828db81a093a745b5e08aa885abfd5aff77dfb1f12
2 in 1 Game Pack: Shark Tale & Shrek 2,2 in 1 Game Pack: DreamWorks' Shark Tale & Shrek 2,Shark Tale / Shrek 2,DreamWorks' Shark Tale / Shrek 2,2in1gamepacksharktaleshrek2,Europe,2005-08-25,Vicarious Visions,Activision,#players:1 #genre:action>platformer>hackandslash:adventure:minigames:rhythm:sports>decathlon:fighting #embedded:backup>eeprom #save:backup #based:movie #compilation:sharktale:shrek2 #lang:en:fr:de:es:it:sv,60c622e488935541ee0d7295bde1ff85,a9375826c46cdd1f78aecf8274db30110cd3d6d3,48072d27d2106e25cb1f5d873443805eb5905c598d6801121cac7dc93b456052,5a72a91a4436d04116c524770480a1c9ea1036d3fbf3af518a6bf1a57501a392a4c7ba8ce7610c1851311255115b9632e594714ff4b2ff3441ffc171a26748c5
2 Giochi in 1: Shark Tale & Shrek 2,2 Jeux en 1: DreamWorks' Shark Tale & Shrek 2,Shark Story / Shrek 2,DreamWorks' Shark Story / Shrek 2,2in1gamepacksharktaleshrek2,Italy,2005-08-25,Vicarious Visions,Activision,#players:1 #genre:action>platformer>hackandslash:adventure:minigames:rhythm:sports>decathlon:fighting #embedded:backup>eeprom #save:backup #based:movie #compilation:sharktale:shrek2 #reboxed #lang:en:fr:de:es:it:sv,60c622e488935541ee0d7295bde1ff85,a9375826c46cdd1f78aecf8274db30110cd3d6d3,48072d27d2106e25cb1f5d873443805eb5905c598d6801121cac7dc93b456052,5a72a91a4436d04116c524770480a1c9ea1036d3fbf3af518a6bf1a57501a392a4c7ba8ce7610c1851311255115b9632e594714ff4b2ff3441ffc171a26748c5
2 Jeux en 1: Gang de Requins & Shrek 2,2 Jeux en 1: DreamWorks' Gang de Requins & Shrek 2,Gang de Requins / Shrek 2,DreamWorks' Gang de Requins / Shrek 2,2in1gamepacksharktaleshrek2,France,2005-08-25,Vicarious Visions,Activision,#players:1 #genre:action>platformer>hackandslash:adventure:minigames:rhythm:sports>decathlon:fighting #embedded:backup>eeprom #save:backup #based:movie #compilation:sharktale:shrek2 #reboxed #lang:en:fr:de:es:it:sv,60c622e488935541ee0d7295bde1ff85,a9375826c46cdd1f78aecf8274db30110cd3d6d3,48072d27d2106e25cb1f5d873443805eb5905c598d6801121cac7dc93b456052,5a72a91a4436d04116c524770480a1c9ea1036d3fbf3af518a6bf1a57501a392a4c7ba8ce7610c1851311255115b9632e594714ff4b2ff3441ffc171a26748c5
Dos Juegos en Uno: El Espantatiburones & Shrek 2,Dos Juegos en Uno: DreamWorks' El Espantatiburones & Shrek 2,El Espantatiburones / Shrek 2,DreamWorks' El Espantatiburones / Shrek 2,2in1gamepacksharktaleshrek2,Spain,2005-08-25,Vicarious Visions,Activision,#players:1 #genre:action>platformer>hackandslash:adventure:minigames:rhythm:sports>decathlon:fighting #embedded:backup>eeprom #save:backup #based:movie #compilation:sharktale:shrek2 #reboxed #lang:en:fr:de:es:it:sv,60c622e488935541ee0d7295bde1ff85,a9375826c46cdd1f78aecf8274db30110cd3d6d3,48072d27d2106e25cb1f5d873443805eb5905c598d6801121cac7dc93b456052,5a72a91a4436d04116c524770480a1c9ea1036d3fbf3af518a6bf1a57501a392a4c7ba8ce7610c1851311255115b9632e594714ff4b2ff3441ffc171a26748c5
Zwei Spiele in Einem: Grosse Haie - Kleine Fische & Shrek 2,Zwei Spiele in Einem: DreamWorks' Grosse Haie - Kleine Fische & Shrek 2,Grosse Haie - Kleine Fische / Shrek 2,DreamWorks' Grosse Haie - Kleine Fische / Shrek 2,2in1gamepacksharktaleshrek2,Germany,2005-08-25,Vicarious Visions,Activision,#players:1 #genre:action>platformer>hackandslash:adventure:minigames:rhythm:sports>decathlon:fighting #embedded:backup>eeprom #save:backup #based:movie #compilation:sharktale:shrek2 #reboxed #lang:en:fr:de:es:it:sv,60c622e488935541ee0d7295bde1ff85,a9375826c46cdd1f78aecf8274db30110cd3d6d3,48072d27d2106e25cb1f5d873443805eb5905c598d6801121cac7dc93b456052,5a72a91a4436d04116c524770480a1c9ea1036d3fbf3af518a6bf1a57501a392a4c7ba8ce7610c1851311255115b9632e594714ff4b2ff3441ffc171a26748c5
2 in 1 Game Pack: Shark Tale / Shrek 2,2 in 1 Game Pack: DreamWorks' Shark Tale / Shrek 2,Shark Tale / Shrek 2,DreamWorks' Shark Tale / Shrek 2,2in1gamepacksharktaleshrek2,USA,2005-08-25,Vicarious Visions,Activision,#players:1 #genre:action>platformer>hackandslash:adventure:minigames:rhythm:sports>decathlon:fighting #embedded:backup>eeprom #save:backup #based:movie #compilation:sharktale:shrek2 #lang:en,48d89fe21745e62460d22354111ea6e0,226a4c2bbe400d00afd2fa1d02285fbd4ea5015c,6898b2b87b3a555af867f59e77820f44de21f403a5b1cd1d4c9ffcea1623e427,be0ae8c69dac8fd76655c08120fd44255b0a36c9d50f4075876f379a1d69da452bde10fe09166309b6bdd3e9aa0d32343854311a9a2084aa549567a00121a450
2 in 1 Game Pack: Spider-Man & Spider-Man 2,=,Spider-Man / Spider-Man 2,=,2in1gamepackspiderman1and2,Europe,2005-08-26,Digital Eclipse,Activision,#players:1 #genre:action>platformer>hackandslash:adventure #embedded:backup>eeprom #save:backup #based:movie:marvel #search:feature>spiderman #lang:en:fr:de:es:it,9b6a43ca9da8b177895f66420b208eca,287071f81572a95cf3a3b35fab93862733864c3e,cc3824308428b94d891c9966f2fbce0eec2db17a51121737adc9ff83a4c2101e,92600cd443204e58d6afd9c05f92f34ae05d3f0034ff247c7522ee146766ded2ac7979e412fba0a378300c5049ab09f0bcc93ccf90b649e52cf7fb025721e715
2 Giochi in 1: Spider-Man & Spider-Man 2,=,Spider-Man / Spider-Man 2,=,2in1gamepackspiderman1and2,Italy,2005-08-26,Digital Eclipse,Activision,#players:1 #genre:action>platformer>hackandslash:adventure #embedded:backup>eeprom #save:backup #based:movie:marvel #search:feature>spiderman #reboxed #lang:en:fr:de:es:it,9b6a43ca9da8b177895f66420b208eca,287071f81572a95cf3a3b35fab93862733864c3e,cc3824308428b94d891c9966f2fbce0eec2db17a51121737adc9ff83a4c2101e,92600cd443204e58d6afd9c05f92f34ae05d3f0034ff247c7522ee146766ded2ac7979e412fba0a378300c5049ab09f0bcc93ccf90b649e52cf7fb025721e715
2 Jeux en 1: Spider-Man & Spider-Man 2,=,Spider-Man / Spider-Man 2,=,2in1gamepackspiderman1and2,France,2005-08-26,Digital Eclipse,Activision,#players:1 #genre:action>platformer>hackandslash:adventure #embedded:backup>eeprom #save:backup #based:movie:marvel #search:feature>spiderman #reboxed #lang:en:fr:de:es:it,9b6a43ca9da8b177895f66420b208eca,287071f81572a95cf3a3b35fab93862733864c3e,cc3824308428b94d891c9966f2fbce0eec2db17a51121737adc9ff83a4c2101e,92600cd443204e58d6afd9c05f92f34ae05d3f0034ff247c7522ee146766ded2ac7979e412fba0a378300c5049ab09f0bcc93ccf90b649e52cf7fb025721e715
Dos Juegos en Uno: Spider-Man & Spider-Man 2,=,Spider-Man / Spider-Man 2,=,2in1gamepackspiderman1and2,Spain,2005-08-26,Digital Eclipse,Activision,#players:1 #genre:action>platformer>hackandslash:adventure #embedded:backup>eeprom #save:backup #based:movie:marvel #search:feature>spiderman #reboxed #lang:en:fr:de:es:it,9b6a43ca9da8b177895f66420b208eca,287071f81572a95cf3a3b35fab93862733864c3e,cc3824308428b94d891c9966f2fbce0eec2db17a51121737adc9ff83a4c2101e,92600cd443204e58d6afd9c05f92f34ae05d3f0034ff247c7522ee146766ded2ac7979e412fba0a378300c5049ab09f0bcc93ccf90b649e52cf7fb025721e715
Zwei Spiele in Einem: Spider-Man & Spider-Man 2,=,Spider-Man / Spider-Man 2,=,2in1gamepackspiderman1and2,Germany,2005-08-26,Digital Eclipse,Activision,#players:1 #genre:action>platformer>hackandslash:adventure #embedded:backup>eeprom #save:backup #based:movie:marvel #search:feature>spiderman #reboxed #lang:en:fr:de:es:it,9b6a43ca9da8b177895f66420b208eca,287071f81572a95cf3a3b35fab93862733864c3e,cc3824308428b94d891c9966f2fbce0eec2db17a51121737adc9ff83a4c2101e,92600cd443204e58d6afd9c05f92f34ae05d3f0034ff247c7522ee146766ded2ac7979e412fba0a378300c5049ab09f0bcc93ccf90b649e52cf7fb025721e715
2 in 1 Game Pack: Spider-Man / Spider-Man 2,=,Spider-Man / Spider-Man 2,=,2in1gamepackspiderman1and2,USA,2005-08-26,Digital Eclipse,Activision,#players:1 #genre:action>platformer>hackandslash:adventure #embedded:backup>eeprom #save:backup #based:movie:marvel #search:feature>spiderman #compilation:spidermanmovie:spiderman2movie #lang:en:fr:de:es,ddca8cbb4f44395795dbd1b175fecebb,1438db8336bd6204ad81011a7ed2b2e04850326a,2283ec877eacb743727ab335ef46c9e85205a734ac07cfffddcc84669a4c28f3,2de5c38200ea75c127c3bc4c85e8a4ef7fae6c94583c2874370e0e60a6c196b4b4f0392631ac76ca268ecd6518e4924f7841ea43ab0bbae79f3b59e6fbcb46fc
2 in 1 Game Pack: Spider-Man: Mysterio's Menace & X2: Wolverine's Revenge,=,Spider-Man: Mysterio's Menace / X2: Wolverine's Revenge,=,2in1gamepackspidermanmysteriosmenacex2wolverinesrevenge,Europe,2005-07-04,Vicarious Visions,Activision,#players:1 #genre:action>platformer>hackandslash:adventure #embedded:backup>eeprom #save:backup:password #based:movie:marvel #search:feature>spiderman>xmen #compilation:spidermanmysteriosmenace:x2wolverinesrevenge #lang:en,2b5e0ffa2eb716e2600282842c915fc0,50c0f0531c0eef9109fbd8424b1067534582316a,f980ba7a26aa6b59fddbb1badd343acd22350222f1f7a2864a46a8e3db309939,6143a8857d6c5839054d071f97775d92c3ed22830316bbe3f0cc3f77d74afeb63ab4982f2782902be750ef111e2cb0ad00b4101a89d7e8b746ba0b2feeae493e
2 Giochi in 1: Spider-Man: Mysterio's Menace & X2: Wolverine's Revenge,=,Spider-Man: Mysterio's Menace / X2: Wolverine's Revenge,=,2in1gamepackspidermanmysteriosmenacex2wolverinesrevenge,Italy,2005-07-04,Vicarious Visions,Activision,#players:1 #genre:action>platformer>hackandslash:adventure #embedded:backup>eeprom #save:backup:password #based:movie:marvel #search:feature>spiderman>xmen #compilation:spidermanmysteriosmenace:x2wolverinesrevenge #reboxed #lang:en,2b5e0ffa2eb716e2600282842c915fc0,50c0f0531c0eef9109fbd8424b1067534582316a,f980ba7a26aa6b59fddbb1badd343acd22350222f1f7a2864a46a8e3db309939,6143a8857d6c5839054d071f97775d92c3ed22830316bbe3f0cc3f77d74afeb63ab4982f2782902be750ef111e2cb0ad00b4101a89d7e8b746ba0b2feeae493e
Dos Juegos en Uno: Spider-Man: Mysterio's Menace & X2: Wolverine's Revenge,=,Spider-Man: Mysterio's Menace / X2: Wolverine's Revenge,=,2in1gamepackspidermanmysteriosmenacex2wolverinesrevenge,Spain,2005-07-04,Vicarious Visions,Activision,#players:1 #genre:action>platformer>hackandslash:adventure #embedded:backup>eeprom #save:backup:password #based:movie:marvel #search:feature>spiderman>xmen #compilation:spidermanmysteriosmenace:x2wolverinesrevenge #reboxed #lang:en,2b5e0ffa2eb716e2600282842c915fc0,50c0f0531c0eef9109fbd8424b1067534582316a,f980ba7a26aa6b59fddbb1badd343acd22350222f1f7a2864a46a8e3db309939,6143a8857d6c5839054d071f97775d92c3ed22830316bbe3f0cc3f77d74afeb63ab4982f2782902be750ef111e2cb0ad00b4101a89d7e8b746ba0b2feeae493e
2 in 1 Game Pack: Spider-Man: Mysterio's Menace / X2: Wolverine's Revenge,=,Spider-Man: Mysterio's Menace / X2: Wolverine's Revenge,=,2in1gamepackspidermanmysteriosmenacex2wolverinesrevenge,USA,2005-08-22,Vicarious Visions,Activision,#players:1 #genre:action>platformer>hackandslash:adventure #embedded:backup>eeprom #save:backup:password #based:movie:marvel #search:feature>spiderman>xmen #compilation:spidermanmysteriosmenace:x2wolverinesrevenge #lang:en,2b5e0ffa2eb716e2600282842c915fc0,50c0f0531c0eef9109fbd8424b1067534582316a,f980ba7a26aa6b59fddbb1badd343acd22350222f1f7a2864a46a8e3db309939,6143a8857d6c5839054d071f97775d92c3ed22830316bbe3f0cc3f77d74afeb63ab4982f2782902be750ef111e2cb0ad00b4101a89d7e8b746ba0b2feeae493e
2 in 1 Game Pack: Tony Hawk's Underground & Kelly Slater's Pro Surfer,=,Tony Hawk's Underground / Kelly Slater's Pro Surfer,=,2in1gamepacktonyhawksundergroundkellyslatersprosurfer,Europe,2006-07-13,Vicarious Visions/HotGen,Activision,#players:2:vs #genre:action:sports>skateboarding>surf #addon:link>gbalinkcable #embedded:backup>eeprom #save:backup #search:keyword>endorsed #compilation:tonyhawksunderground:kellyslatersprosurfer #lang:en,7cbfedc28a27fe3aee703b2444946946,ec1bb449b3d52b421e0ac3dfe3fdbce22822251a,612e1ab7ddefe853923cff83679ac0a54dd004677d9868c1d1ba3dce4cf120cd,9509ad1d3de52aa2b70d0bf19c0aaa44e8d25f6904cfeec79808c7a43a558cc2d8b49f502372266bdfa32620dcf16c083bf3ff4433e78cebe8df99f0fddc661c
Dos Juegos en Uno: Tony Hawk's Underground & Kelly Slater's Pro Surfer,=,Tony Hawk's Underground / Kelly Slater's Pro Surfer,=,2in1gamepacktonyhawksundergroundkellyslatersprosurfer,Spain,2006-07-13,Vicarious Visions/HotGen,Activision,#players:2:vs #genre:action:sports>skateboarding>surf #addon:link>gbalinkcable #embedded:backup>eeprom #save:backup #search:keyword>endorsed #compilation:tonyhawksunderground:kellyslatersprosurfer #reboxed #lang:en,7cbfedc28a27fe3aee703b2444946946,ec1bb449b3d52b421e0ac3dfe3fdbce22822251a,612e1ab7ddefe853923cff83679ac0a54dd004677d9868c1d1ba3dce4cf120cd,9509ad1d3de52aa2b70d0bf19c0aaa44e8d25f6904cfeec79808c7a43a558cc2d8b49f502372266bdfa32620dcf16c083bf3ff4433e78cebe8df99f0fddc661c
Zwei Spiele in Einem: Tony Hawk's Underground & Kelly Slater's Pro Surfer,=,Tony Hawk's Underground / Kelly Slater's Pro Surfer,=,2in1gamepacktonyhawksundergroundkellyslatersprosurfer,Germany,2006-07-13,Vicarious Visions/HotGen,Activision,#players:2:vs #genre:action:sports>skateboarding>surf #addon:link>gbalinkcable #embedded:backup>eeprom #save:backup #search:keyword>endorsed #compilation:tonyhawksunderground:kellyslatersprosurfer #reboxed #lang:en,7cbfedc28a27fe3aee703b2444946946,ec1bb449b3d52b421e0ac3dfe3fdbce22822251a,612e1ab7ddefe853923cff83679ac0a54dd004677d9868c1d1ba3dce4cf120cd,9509ad1d3de52aa2b70d0bf19c0aaa44e8d25f6904cfeec79808c7a43a558cc2d8b49f502372266bdfa32620dcf16c083bf3ff4433e78cebe8df99f0fddc661c
2 in 1 Game Pack: Tony Hawk's Underground / Kelly Slater's Pro Surfer,=,Tony Hawk's Underground / Kelly Slater's Pro Surfer,=,2in1gamepacktonyhawksundergroundkellyslatersprosurfer,USA,2006-06-15,Vicarious Visions/HotGen,Activision,#players:2:vs #genre:action:sports>skateboarding>surf #addon:link>gbalinkcable #embedded:backup>eeprom #save:backup #search:keyword>endorsed #compilation:tonyhawksunderground:kellyslatersprosurfer #lang:en,7cbfedc28a27fe3aee703b2444946946,ec1bb449b3d52b421e0ac3dfe3fdbce22822251a,612e1ab7ddefe853923cff83679ac0a54dd004677d9868c1d1ba3dce4cf120cd,9509ad1d3de52aa2b70d0bf19c0aaa44e8d25f6904cfeec79808c7a43a558cc2d8b49f502372266bdfa32620dcf16c083bf3ff4433e78cebe8df99f0fddc661c
2 Jeux en 1: Titeuf: Ze Gag Machine + Titeuf: Méga Compet',=,Titeuf: Ze Gag Machine / Titeuf: Méga Compet',=,2jeuxen1titeufzegagmachinemegacompet,France,2005-06-24,3D Light Team/Dream On Studio,Atari,#players:2:vs #genre:action:adventure:minigames:shmup:rhythm #save:password #based #compilation:titeufzegagmachine:titeufmegacompet #lang:fr,762e95819d0ea7039df160ae6e8c5635,fed9a0252bc840589944fef23909995065fbe9c5,a3c35b4b690aeeb806b357a3ccbda03657704ed6e062e6451800129179734ad6,0676470e886913ce8dad326ff6cf62013924bd2f8b5e33d75b6b75f2d0c2bf909377ceffee929b9b208487fc6a8c6f29d7b85700cf880068a77428f27b003dc2
2-in-1 Fun Pack: Madagascar / Shrek 2,2-in-1 Fun Pack: DreamWorks Madagascar / DreamWorks Shrek 2,Madagascar / Shrek 2,=,2in1funpackmadagascarshrek2,Europe,2006-08-17,Vicarious Visions,Activision,#players:1 #genre:action>platformer>hackandslash:adventure #embedded:backup>eeprom #save:backup #based:movie #compilation:madagascar:shrek2 #lang:en,0af8fb79e9986400fd05dacf0a4373e8,efa765b63bc0203c0635d71c7cabcfb7a67fb3c7,79c791f2652057fcfbc89db3e13f5c7a0696228951e8ba2460a9fabd4ddab874,1fa3809a30188fbb12ff50b19e447af829f399ec6b9311f09c7f0f36e7b0d754eb9c5d7d703d73acd622320eabbb1dc073f3c4bb4a8dafa4f00be1794d2706e8
2-in-1 Fun Pack: Madagascar / Shrek 2,2-in-1 Fun Pack: DreamWorks Madagascar / DreamWorks Shrek 2,Madagascar / Shrek 2,=,2in1funpackmadagascarshrek2,USA,2006-08-01,Vicarious Visions,Activision,#players:1 #genre:action>platformer>hackandslash:adventure #embedded:backup>eeprom #save:backup #based:movie #compilation:madagascar:shrek2 #lang:en,a160e317dcbd117035214cb47f35c466,a072de6b8af91239ea8348e9c6951f9f51ac0388,a175113ea14290f23fc9437cf03576d57159e352d1da6a1d63eef2ae0dc48293,812ed2f9a8419af43c6553207a92e0d4a52d53c46df6751edc11c51b1689efc5315d093cc9293c20bb578b7eec32c8bcb2d244ae770a579f0848942f6256beac
2-in-1 Fun Pack: Madagascar: Operation Penguin / Shrek 2,2-in-1 Fun Pack: DreamWorks: Madagascar: Operation Penguin / DreamWorks: Shrek 2,Madagascar: Operation Penguin / Shrek 2,=,2in1funpackmadagascaroperationpenguinshrek2,Europe,2006-08-17,Vicarious Visions,Activision,#players:1 #genre:action>platformer>hackandslash:adventure #embedded:backup>eeprom #save:backup #based:movie #compilation:madagascaroperationpenguin:shrek2 #lang:en,665cd847efecf2a893ee74a9c42c26eb,be51cfa607d461efd1dab640a5b4f5b037c060df,24f6c7424ad1b26a635a38f69ca99a3ea0ac4535de664b80efc5b0e55a9b971e,aa5d56b7301597886a43f5cc98de7385d693b52d9a01b665101cb921045891562738ee053d698065819cbd73e47350d5f7f8fb8ac9b6f3123b49165954ff4e34
2-in-1 Fun Pack: Madagascar: Operation Penguin / Shrek 2,2-in-1 Fun Pack: DreamWorks: Madagascar: Operation Penguin / DreamWorks: Shrek 2,Madagascar: Operation Penguin / Shrek 2,=,2in1funpackmadagascaroperationpenguinshrek2,USA,2006-08-29,Vicarious Visions,Activision,#players:1 #genre:action>platformer>hackandslash:adventure #embedded:backup>eeprom #save:backup #based:movie #compilation:madagascaroperationpenguin:shrek2 #lang:en,00866e17ce947975d30efe48ad99628b,0a1f19da35ab5cb1b61797794876b0526059a844,b294107e0256048a0f714416ddc4dd87c2afe1d5bb363fc1f330e085e8490a15,0f11ed7400b48adf38872efed0acfafb5535ba7e64025990d19d69b2cacaf366a03d0b4db83ef5dcd9c7f8cb6b7fab98e52ee2466e4cc4f676852f3609cea1b4
2K Sports: Major League Baseball 2K7,=,2K Sports: Major League Baseball 2K7,=,2ksportsmajorleaguebaseball2k7,USA,2007-05-22,Skyworks,Take-Two/2K/DSI,#players:2:vs #genre:sports>baseball #addon:link>gbalinkcable #save:password #search:keyword>official #lang:en,873b5e4111c0cbbc5224b590e845ba21,07390bc2bd53cd9ee5c6d2805ad374c59c195d9f,9ee5936e2e08d1692c7f7b7a03a95268fd56f90b46a5367c9817e34ad6fffe98,9851fd752c70532e5c4479c2371effc6c357211690900c738bd6cccc7d271c3c325a843eafbc5589fdaccf2c881e83383ca9e1ad1ffe7aeec57e9c875edf9519
2K Sports: Major League Baseball 2K7,=,2K Sports: Major League Baseball 2K7,=,2ksportsmajorleaguebaseball2k7,USA,2007,Skyworks,Take-Two/2K/DSI,#players:2:vs #genre:sports>baseball #addon:link>gbalinkcable #save:password #search:keyword>official #lang:en #unfinished:beta,d5cd7fb3f7bdecccddb431ddddbcc9f4,776e084ac31336114f23230bde4adfc1f231934b,16c6f4779e4ef34c6eeced1e6ef99b846bf6e00e582333ca560d520e7b75b70f,ae91829501f95db051064e1c5f05a30cb7995d1d576ffe9976528ceb10f1569128ee07b5b5544cba568061227ad0ebd69dd2c1948df0a62daddba41d2043563f
3 Game Pack! Candy Land / Chutes and Ladders / Original Memory Game,=,Candy Land / Chutes and Ladders / Original Memory Game,=,3gamepackcandylandchutesandladdersoriginalmemorygame,USA,2005-11-07,Black Lantern,DSI,#players:4:vs #genre:minigames:board>party:puzzle #based #lang:en,12d9fcae83c5295aac6da015b75a24d6,946ccbf8d21adc7a5587ef85a9759a2ded23875d,02225bf0fa6810fe510014774382379cce83836069b58d32ca836f0830024b3f,e11752b18be971898726381c8c93da8dc9bbfe755f5bd21f7f250bf8910ce2264a11bcdaceb2be7fb512d6e124bbc0341d036d0c296c3589cd217c9eb5ab93e6
3 Game Pack! Ker Plunk! / Toss Across / Tip It,=,Ker Plunk! / Toss Across / Tip It,=,3gamepackkerplunktossacrosstipit,USA,2007-03-16,Gravity-i,DSI,#players:4:vs #genre:minigames:board>party #based #lang:en,49309e80a5acf7a4d452f6ad88238581,56032ba5e0ed90aef6b9d64d06b573d1d97dd6b9,3b8f37d6767186421266503fc22fa3f42abcd60513479bef53dfdeb3b5913b64,ca81a3e5207a16d2a70dc82eed0d020f212772c05ecda5f645c1113c5f0bb0c291e52b06c1f2289c80e8df949bd0c2bd53c0836fe23ad5149c757dcbf8b3c4d1
3 Game Pack! Mouse Trap / Simon / Operation,=,Mouse Trap / Simon / Operation,=,3gamepackmousetrapsimonoperation,USA,2005-11-07,Gravity-i,DSI,#players:4:vs #genre:minigames:board>party #based #lang:en,bd846a0248e2f18bf7521fd2f5479881,10bed6b69f8984af49299885fda0575fce442a9c,0c15414d8df2c22082f7cf836d73145bf8d2cdafdda569b1c1ff6464fe8f123f,d25c1d974613cf2c78f00b66ff385ff1ab96a04f42497880f2eb728b1e2d5aea5bfc0b5f699269f6505ccd96d8c0252a0c7a855538f024dd90d76ea6cfbcbd31
3 Game Pack! The Game of Life / Yahtzee / Payday,=,The Game of Life / Payday: The Game / Yahtzee,=,3gamepackthegameoflifeyahtzeepayday,USA,2005-06-28,Black Lantern,DSI,#players:4:vs #genre:minigames:board>party #based #lang:en,a40e7bbd268202da470950335a6793f5,167a454e4660629ed99b014c77bd3e4ae9eef294,4ea791838f6422141f8087b960ab249e15ecf13be9c3a8f2b4f59571de084fdf,24469f39229d86a60a6ebf387eafe6bb80a5425d5c2cef3c0cb0bbae6aee2ad9478e3c8f11a0c67ee7d79b84c84c79d480ffee1df30dbb43e3c900e4c8be90b3
3 Games in 1: SpongeBob SquarePants: SuperSponge / Rugrats: I Gotta Go Party / Tak and the Power of Juju,=,SpongeBob SquarePants / Rugrats: I Gotta Go Party / Tak and the Power of Juju,=,3gamesin1spongebobsquarepantssuperspongerugratsigottagopartytakandthepowerofjuju,Europe,2005-11-25,Climax/Eurocom/Helixe/Factor 5,THQ,#players:2:vs #genre:action>platformer:minigames #addon:link>gbalinkcable #embedded:backup>eeprom #save:backup:password #based #compilation:spongebobsquarepantssupersponge:rugratsigottagoparty:takandthepowerofjuju #lang:en:fr:de,0eb8e248dac5b8f9730d818617ed54f4,7e93942ed7264c46b7767b4ed2baa8bfc1add8f2,94138b8747e2495b7fb13ee378078b469573d6718b1f8c5ecbf4ed6484fdece9,e65fb4eba9a9b5392be7ba69d2674ed3d49ec7edcdfa37edac9b87e142e92cf4a06763b338fe103e155b7984b73ce93abef72483016dc995130f7bedac462458
4 Games on One Game Pak: The SpongeBob SquarePants Movie / Jimmy Neutron: Boy Genius / Hey Arnold! The Movie / The Wild Thornberrys Movie,=,The SpongeBob SquarePants Movie / Jimmy Neutron: Boy Genius / Hey Arnold! The Movie / The Wild Thornberrys Movie,=,4gamesononegamepakmovies,USA,2007-03-16,Altron/Human Soft/WayForward,THQ,#players:1 #genre:action>platformer:adventure #addon:link>gbalinkcable #save:password #based:movie #compilation:thespongebobsquarepantsmovie:jimmyneutronboygenius:heyarnoldthemovie:thewildthornberrysmovie #lang:en,23f620f0e968f21e79197f1e96803965,a4c779a207e4b83d39e99d58796be1a3eec27c0b,5f67e71e9513c0a42e30b72fc71bb35e842c3370885ed9c9fefecc63bf8e205a,16513c3bc459536cd4f3a701e28f984a331a1e00238fc835f03d0dbc1dff25da06b81f5d618bcf73fc5796900df47411527559a6acc77d7b978e8de8f13e7b50
4 Games on One Game Pak: Rocket Power: Zero Gravity Zone / Nicktoons: Freeze Frame Frenzy / SpongeBob SquarePants: SuperSponge / The Fairly OddParents! Enter the Cleft,=,Rocket Power: Zero Gravity Zone / Nicktoons: Freeze Frame Frenzy / SpongeBob SquarePants / The Fairly OddParents! Enter the Cleft,=,4gamesononegamepaknicktoons,USA,2007-03-16,Altron/Climax/Helixe/Factor 5,THQ,#players:2:vs #genre:action>platformer:adventure:sports>skateboarding #addon:link>gbalinkcable #embedded:backup>flashram #save:backup:password #based #compilation:rocketpowerzerogravityzone:nicktoonsfreezeframefrenzy:spongebobsquarepantssupersponge:thefairlyoddparentsenterthecleft #lang:en,e3bbd6705ed20f911a03a2dd184139f5,c906145594de76a1d03578fb03635de62cce44ba,3a344463d7525fd68f09a7ee540769ea0960ca0ba18f43fcf075d8bdf7682fe0,cae449ec4d2926ce87dd051efcd8e5a0f8dd65193decfbba22aa94cf88765895c0df497a80935a5fbb92debe2e35656f539bdd887b80ce9d284de1ca0710b478
4 Games on One Game Pak: GT Advance: Championship Racing / GT Advance 2: Rally Racing / GT Advance 3: Pro Concept Racing / MotoGP,=,GT Advance: Championship Racing / GT Advance 2: Rally Racing / GT Advance 3: Pro Concept Racing / MotoGP,=,4gamesononegamepakgt,USA,2007-09-11,M²TO/Visual Impact,THQ,#players:4:vs #genre:racing:sports>rally>motogp #addon:link>gbalinkcable #embedded:backup>flashram #save:backup:password #search:keyword>brand>official #compilation:advancegta:advancerally:advancegt2:motogpgba #lang:en:fr:de:es:it,d366d5b909b3afbdd3ba87c6d2b2f1f9,a99bbc7ec018af85260669917939004baabf4ac1,aa7537887d3c1ab408e4abee64fd7ba3e2a9fff40f4a5fa5a6488cb2365cb48a,f7ebf4715c6ae5122409311b0a2dbf012effca72f2193865946f1964446993d4697e0e65702643e37f0730a7b07a178bb422854ef698876b8f16da829bad7fe2
(4x4 Off Roaders),=,4x4 Off Roaders,=,4x4offroaders,Europe,2001,Small Rocket,,#players:1 #genre:racing #lang:en #unfinished:proto,74443f278fdf9931255035430632da3c,18e1d82ea5e5fc3ed4b9875e220b39e51df809fe,315f811964762754b52f0f9de699f19140e93c420e0730735c6eba3f12a329f7,8e1b757bf1f0ba88b6a4b9eac20411f50f08f903a83e4378bc83bd9014cab93594e25bd10d7f4bf999a436b0fad2e2d33c117c3b9eccdfcd874d19b0375d5099
2006 FIFA World Cup: Germany 2006,=,2006 FIFA World Cup: Germany 2006,=,2006fifaworldcupgermany2006,Europe,2006-04-28,Exient,Electronic Arts,#players:4:coop:vs #genre:sports>soccer #addon:link>gbalinkcable #embedded:backup>eeprom #save:backup #search:keyword>official #lang:en:fr:de:es:it,bb87013ec30bebf3dd7cb07ab6786262,295580745787ba9593799213564484aaaa7fd463,ee85d75fb26a9f3bbbcbc1b7f7bd7d0193c8254aacfdf6442b94c844717baa6b,d70a41fa94e0e2f40b540337813bb9ffed9921020df8bac46773772725cec060f251c4837c6c444982bf4b37a321daf24c85ee8afe684a08a98e2a07114cb685
2006 FIFA World Cup: Germany 2006,=,2006 FIFA World Cup: Germany 2006,=,2006fifaworldcupgermany2006,USA,2006-04-24,Exient,Electronic Arts,#players:4:coop:vs #genre:sports>soccer #addon:link>gbalinkcable #embedded:backup>eeprom #save:backup #search:keyword>official #lang:en:fr:de:es:it,bb87013ec30bebf3dd7cb07ab6786262,295580745787ba9593799213564484aaaa7fd463,ee85d75fb26a9f3bbbcbc1b7f7bd7d0193c8254aacfdf6442b94c844717baa6b,d70a41fa94e0e2f40b540337813bb9ffed9921020df8bac46773772725cec060f251c4837c6c444982bf4b37a321daf24c85ee8afe684a08a98e2a07114cb685
A Sound of Thunder,=,A Sound of Thunder,=,asoundofthunder,Europe,2004-02-28,Möbius,BAM,#players:4:coop:vs #genre:action:adventure>survivalhorror #addon:link>gbalinkcable #save:password #based #lang:en:fr:de:es:it,4a0e450c74e3e07f261a9a8f5624b788,de11ab261fde7548db244206dd712e50ac486b7b,515b0d24024834f5b19522d537bc3104220a685f9fd21a3e80434f15f4ab164f,a045dfc80debe2356fb6218bae028545cb6c3ee63efcd7a754103fa200173be745a2a752bedf88c40988b7d5a17014b4561bbdba2d3d456cb8ee96bc51cc5e11
A Sound of Thunder,=,A Sound of Thunder,=,asoundofthunder,USA,2005-02-01,Möbius,BAM,#players:4:coop:vs #genre:action:adventure>survivalhorror #addon:link>gbalinkcable #save:password #based #lang:en:fr:de:es:it,26b44c6f29e95b1aae1b79f37725d959,6eeb95555c432e2a28e29438711f2fdee4d9cf7f,bcfcf623a1addb0fbf251aeeab4f47275388f166a325c23c88b2741f01e070f3,d8e485258bd2420c9922b00723b7970c61ccef6bf490d72a8cb7734cbfb7fef9ef3c54b59ab0b56d638871a168816689440ddd7d77fd2196ec653f6e3b53c206
Ab durch die Hecke,DreamWorks: Ab durch die Hecke,Ab durch die Hecke,DreamWorks: Ab durch die Hecke,overthehedge,Germany,2006-06-23,Vicarious Visions,Activision,#players:1 #genre:action:adventure #embedded:backup>eeprom #save:backup #based:movie #lang:de,7a69b9897a61950f9acab26329a788e6,05fc0931ecbdfaed18ffd59df86fa36a7ed6da9d,f67c84a4b7054e4681564beede4b3b745e53a15eacec7d404b3b5f4472312b0b,2a5ae8766847be20ed32390b105534e2c1a21617f6a0a1e37a26a9a36bb6389bd71e089d221bb9c5f4da8b8dc0b2a5b0bc8891cfa093b43b7f234de560b36040
Ace Combat Advance,=,Ace Combat Advance,=,acecombatadvance,USA,2005-02-22,Human Soft,NAMCO,#players:1 #genre:action:shmup #save:password #lang:en,4e46dd3ae5c9c70c49587d093517049a,856a08e8f60f817b96add5bf2f6db186bea832ef,1b30008304ed8cd4434c685075d954f2a95f7aab6165540fb62e2ac35da08e6e,09fddb6fc1f2cc7cd5f3d434c581914adc0ea6e0bbde0fd2c6780948b43885d530501c716752ed9a697e9a0efcbaa262c392d0650412c19d31541a111e045f19
Ace Combat Advance,=,Ace Combat Advance,=,acecombatadvance,Europe,2006-06-09,Human Soft,Atari,#players:1 #genre:action:shmup #save:password #lang:en,4e46dd3ae5c9c70c49587d093517049a,856a08e8f60f817b96add5bf2f6db186bea832ef,1b30008304ed8cd4434c685075d954f2a95f7aab6165540fb62e2ac35da08e6e,09fddb6fc1f2cc7cd5f3d434c581914adc0ea6e0bbde0fd2c6780948b43885d530501c716752ed9a697e9a0efcbaa262c392d0650412c19d31541a111e045f19
Ace Combat Advance,=,Ace Combat Advance,=,acecombatadvance,Europe,,Human Soft,Atari,#players:1 #genre:action:shmup #save:password #lang:en:fr:de:es:it #unfinished:beta,00843bdde7eb18498d7d112d27ad5fad,6e5c57049866596db0e977b80e499b868e0394c2,280ee65b5cf5602996c6afa034fafd5f2a160a2cabbcbaa3b43156860a3cd111,f073fb4f117cd67cc608ec165d5c36743a0d0dbaa1b86cf0c084ea59af723838939cca8c2b94670c90ab6d6143f971397788b1a45c666e8fb8bd8441d657ed04
Ace Lightning,=,Ace Lightning,=,acelightning,Europe,2002-10-25,Tiertex/Factor 5,Gamezlab,#players:1 #genre:action>platformer:adventure #embedded:backup>eeprom #save:backup #based #search:feature>dracula #lang:en,21f4383d59bb113b4495be56e30c0c53,51d36aa7c16cdf8bca93e40f6c680f54ed3519f2,ed65e2d655c61691c71d590908612dbbdd0ee13b943304457a98883e6d203db8,2169927e3123cd5f2ba094b532e4c7307691fc715031026e3622e52ff3c2dab45330e29c5abf23d815ca253729475c717eece7086136b26a3a0daf1374999c59
Acrobat Kid,アクロバット キッズ Acrobat Kid,Acrobat Kid,アクロバット キッズ Acrobat Kid,aerotheacrobat,Japan,2002-12-20,Atomic Planet,Metro3D,#players:1 #genre:action>platformer #embedded:backup>eeprom #save:backup #port:nintendo>superfamicom #lang:ja,b14872072d464be5df4f1a1d09c158f6,63bdfe94f51b1e6138ee25fe01549487667ecea1,78108a93904763a9e0c6e8f067adea0c4c660e9b32a00a3fccac975394694f07,8bf53965f1fc78de1d929193cd4dced481c617f89ec1cfd89b837b27d8fc02400d4710dabbfbe9a6896d97cf873d0fcc496d8c8b457a7fa06402c5f77f762362
Action Man: Robot Atak,=,Action Man: Robot Atak,=,actionmanrobotatak,Europe,2004-09-24,Magic Pockets,Atari,#players:1 #genre:action>platformer>hackandslash>runandgun #save:password #based #lang:en:fr:de:es:it,d4fecd09b810dba8a76c5766e713e49f,d74a7495013cd7db207b4b3825f70b2d213fc658,ded58c36d7d03c003d260f013b8ccd3d9cedf9d2cf766ae929c0933fbdb1d393,66d063bc4b7ce45bdaf7e7523a0e34f2740172e1484cb1129a7a3842f826eb36be4a59f2f89eebaa206336e08d0f908492e02064b161147e41bd0f39eab914d2
Activision Anthology,=,Activision Anthology,=,activisionanthology,USA,2003-12-08,Aspyr,Activision,#players:2:vs #genre:action:shmup>v>h:racing:fighting:shooting>fps:board>cards:sports>baseball>boxing>decathlon>hockey>formula1>skateboarding>skiing>tennis>wrestling:sim>flight>fishing #addon:link>gbalinkcable #embedded:backup>eeprom #save:backup #port:atari>atari2600 #compilation:barnstorming:beamrider:bloodyhumanfreeway:boxing:bridge:checkers:choppercommand:cosmiccommuter:crackpots:decathlon:dolphin:dragster:enduro:fishingderby:freeway:frostbite:grandprix:hero:icehockey2600:kabobber:kaboom:keystonekapers:laserblast:megamania:oink:peterosebaseball:pitfall:pitfall2lostcaverns:plaqueattack:pressurecooker:privateeye:riverraid:riverraid2:robottank:seaquest:skateboardin:skiing:skyjinks:spaceshuttle:spiderfighter:stampede:starmaster:tennis2600:thwocker:titlematchwrestling:tomcatf14:venetianblinds:climber5:okiedokie:oystron:skeletonplus:spacetreatdeluxe:vaultassault:videoeuchre #lang:en,5f3567dd3487f600dd2962c2fe73844f,5125bbbbf1df7782590d99273735826636a2f9ba,3848b99ff114cde1c8ba7f162ffb9dcab77fc676871da703b82132ce1743ce32,52462dca9789b16357ec5481bcc1763f4512b17963da3a3e2d339a2268152832d4aa4ad9a3d37c189bc14bea32c11401258f57e8409995b45e80c99f776b8089
Advance GTA,Advance GTA アドバンスジーティーツーエー,Advance GTA,Advance GTA アドバンスジーティーツーエー,advancegta,Japan,2001-03-21,M²TO,M²TO,#players:2:vs #genre:racing #addon:link>gbalinkcable #embedded:backup>battery #save:backup #search:keyword>brand #lang:ja,65fb37341bb23e897deaa49e17ee3bc0,9d8c6c6242f4c61886aafcaab602ce80dff3a226,07bb59b8243c7c86f879d70476fc95d0c319f1f4764fa1f2bd70b7a8c55cf281,a499a6d40b578c4d1dc1165b0b3167bc395a16ed8c3d819eb6754e223200660aaca0144e112fb30c682738c1541340da4ffccab6cc8af464451f42e474538a64
Advance GTA,Advance GTA アドバンスジーティーツーエー,Advance GTA,Advance GTA アドバンスジーティーツーエー,advancegta,Japan,,M²TO,M²TO,#players:2:vs #genre:racing #addon:link>gbalinkcable #embedded:backup>battery #save:backup #search:keyword>brand #lang:ja #rev:1,266da549741dbc9b9c902c113b13b4b6,d93aba5e7f1195f357578106940e2bd916dcf02d,e17570f50d9301581527d421ff377d0d0f8d53aeb26ad5afcec8891fe186f757,d3621dd09174424304fa5ea824a2caba6adacfbcc6aa6c525f0088c92074f686121a7d7fa6c0c13e05c939d4ab1c056ff6cdc8411316206e1ce97600df716823
Advance GT2,Advance GT2 アドバンスジーティーツー,Advance GT2,Advance GT2 アドバンスジーティーツー,advancegt2,Japan,2002-04-26,M²TO,M²TO,#players:2:vs #genre:racing #addon:link>gbalinkcable #embedded:backup>eeprom #save:backup #search:keyword>brand #lang:ja,b1ca40e6e5815da256890ecaab1b5d73,c3988cda910f181ad989d3e157f4ebdc405ecda3,a893d9769744d623c5aef4f56d195d9aff5b53ae42063facae0a42fbdb93c037,c33f2e124b2fe98b36ffdff28c9daf585200769b3efe3bc5a851d87d129806effdd7548e9b8b34c118919447a1dbde8bac032bc0d06764bd4e23ebe42280c1e0
Advance Guardian Heroes,=,Advance Guardian Heroes,=,advanceguardianheroes,Europe,2004-09-14,Treasure,Ubisoft,#players:4:coop:vs #genre:brawler:rpg>a:fighting>melee #addon:link>gbalinkcable #embedded:backup>eeprom #save:backup #lang:en:fr,411574e9119177482dc07449962a904a,4ab416ab90cdc6bad186c421d55c06603f2adaaf,4deaf83b38d5bad121a48c37840c8eb3dac3abea829a9881263730bc938bd527,4aea96ace200a88c6a93b96678488109bc1e65c00db8745bc3e3013e13e2e085cbb472315a547dcf04d2a7d55519f66432cc95a25eee3c34aaad7d9242d4c392
Advance Guardian Heroes,Advance Guardian Heroes アドバンスド ガーディアンヒーローズ,Advance Guardian Heroes,=,advanceguardianheroes,Japan,2004-09-22,Treasure,Treasure,#players:4:coop:vs #genre:brawler:rpg>a:fighting>melee #addon:link>gbalinkcable #embedded:backup>eeprom #save:backup #lang:ja,53cf5670a528ef46d6d240e6c6c0c9e2,8899dec74351fdf5e4a7d9eba4265bfb6cda0895,cdae87c4ac58866fc0c99e2583aa2cc55cb87b05bc4842cfa121fefe9353de31,b0a7056a6c72f60592def0985db9d57a7cef0d4dea867a3bd5d6966d7c15209638da4902815e3911c97eb16369a4a1b0852fdc54e3e7f8a59bf93419f67de179
Advance Guardian Heroes,=,Advance Guardian Heroes,=,advanceguardianheroes,USA,2005-02-18,Treasure,Ubisoft,#players:4:coop:vs #genre:brawler:rpg>a:fighting>melee #addon:link>gbalinkcable #embedded:backup>eeprom #save:backup #lang:en,a26c440065d89f56275644ffa34140ef,d518d0a4818cc356ed79b29bc3c0e2264c0c2d07,9b34f8aa61f9b3065bf5d2c5816f259c3ce348ba5a507c83aa9343690e0bdb4c,8a4cb76e8fdc445851cfcc39f566ee2df9a0d776abafc21a8656dcb810e50546ecf934bb49da118de8d1cb6093083cb598f952830c4c00a1fa6db36d0d247384
Advance Rally,Advance Rally アドバンス ラリー,Advance Rally,Advance Rally アドバンス ラリー,advancerally,Japan,2001-12-07,M²TO,M²TO,#players:2:vs #genre:racing:sports>rally #addon:link>gbalinkcable #embedded:backup>battery #save:backup #search:keyword>brand #lang:ja,a822dd94ad89ea5fe660a2564d6558a5,020fb5bd11d39aee583fb0e2fea848ed2bbe0bf2,260a3490ba9886cb34727549842f6cd87785ffac5fb9958d7ab6ab913d540623,68206dade3e2af428cbd5634ad3d100353de507fcd1fa43983c3f62ad97c6e75ac940e93941f75e3703f3be898d9760adc40a0accef8a49dedcbc6cd7a1e23e5
Advance Wars,=,Advance Wars,=,gameboywarsadvance1,Europe,2002-01-11,Intelligent Systems,Nintendo,#players:4:vs #genre:sim>strategy #addon:link>gbalinkcable #embedded:backup>flashram #save:backup #lang:en:fr:de:es,f4c2b2fda444dcec1274844b9a764d64,d5f06a82c3e5f963ef169763edc2d691fed8124e,9cc6db0832d7b7251964cb02538df842f4e13f3f44071465dafa1d507ddf552b,a02bf6be104c0c906cfe2b39835ea3a624e8a7c3ee6c051ae33b2e5db232a0dc1f72591fc7b802a6e28c4c8e722993548a8d00ab16f8d93650ea84ea8fe53520
Advance Wars,=,Advance Wars,=,gameboywarsadvance1,Europe,2014-04-03,Intelligent Systems,Nintendo,#players:4:vs #genre:sim>strategy #addon:link>gbalinkcable #embedded:backup>flashram #save:backup #lang:en:fr:de:es #rerelease:virtualconsole>wiiu,c3f79dd7eb12b961f5bdd00c05eb37a7,5ab62a81e34c5786e879446bd4dea5ca071eb94b,f9d32d79f4f8bc0f98925a070468dbaddbe8f0446a479cb172bfdbb701ed9fc5,3267e1f0d401af90bfb0e2734d5d8e693d0cd66c25080c2f5d940e9c2cb102c5ff9619f2ca792ff6899c9a79fe296f94a91cf5301ba604c7732962bf2bacb2a0
Advance Wars,=,Advance Wars,=,gameboywarsadvance1,USA,2001-09-10,Intelligent Systems,Nintendo,#players:4:vs #genre:sim>strategy #addon:link>gbalinkcable #embedded:backup>flashram #save:backup #lang:en,27f322f5cd535297ab21bc4a41cbfc12,d0a0a4cfe9b95ac7118f7ef476f014ca0242eb65,72f5ad9283aa709ee9c5f2cc277a281753a86cd73c920d93e7e0f656d1261cdb,cdea092894792f80b79984575c5469fcd2cf180d15fdeb3a73f1a5110c6315aba0c9cdd3127723b70de84bf191c0b555fb938be3a84f96d6197c7c99508c3f7f
Advance Wars,=,Advance Wars,=,gameboywarsadvance1,USA,,Intelligent Systems,Nintendo,#players:4:vs #genre:sim>strategy #addon:link>gbalinkcable #embedded:backup>flashram #save:backup #lang:en #rev:1,04775a93461d24cf1a7e3346d244e516,15053499d5b3f49128a941d7f2d84876f5424d0c,4dd4bd22441f29b22ca5af554f30bf0eb7d2b1a5daff0e2cd071a43e11383305,fe7339cdc1d6ce49eea671dbe2730a33e7e698cb61fd43a04d002f467c24857ed4ca54779145a32a55669f8486f8ac3f4c35ea85e8e8b2b057701019e548e8b0
Advance Wars,=,Advance Wars,=,gameboywarsadvance1,USA,2014-04-03,Intelligent Systems,Nintendo,#players:4:vs #genre:sim>strategy #addon:link>gbalinkcable #embedded:backup>flashram #save:backup #lang:en #rerelease:virtualconsole>wiiu,0cf8afe8006793c1c96ade67e872ce84,44551654068eac31e29de2f8d78059a1b1f14347,792556ae0b43de88489ca6cc7f783a8623426a530fe7dd3afbcf63b0e65f1866,60483a559a7f8506f890128144ac85c1a27f92cde9453e82bdfb8eb185f730ca42ae1b0545d920d6a28802d8426504f4295d7d5a1840da69424cb3ab35f9ae14
Advance Wars 2: Black Hole Rising,=,Advance Wars 2: Black Hole Rising,=,gameboywarsadvance2,Europe,2003-06-24,Intelligent Systems,Nintendo,#players:4:vs #genre:sim>strategy #addon:link>gbalinkcable #embedded:backup>flashram #save:backup #lang:en:fr:de:es:it,ad4cf738f97416827baf17d6c43576d7,8f78398a33254ff2ba935b5bccfdcccce661684f,e36e668b008396acb4d65ecb27ccc529cb067cd8c9867704a1e280b13565b88d,6e1513bb8bb5fe837f18b0ec0222a27e7b601b795c9edc0cf73e9b14045991446d3f593ab20c43beec928a5537935e6e15f42331602670cacbdf35b816fd57a3
Advance Wars 2: Black Hole Rising,=,Advance Wars 2: Black Hole Rising,=,gameboywarsadvance2,Europe,2015-07-02,Intelligent Systems,Nintendo,#players:4:vs #genre:sim>strategy #addon:link>gbalinkcable #embedded:backup>flashram #save:backup #lang:en:fr:de:es:it #rerelease:virtualconsole>wiiu,24409e68056b96bd4530d774f163d798,c0d436830eba89d8f2f609c1e2e6bcd276822677,2f18fd1510920cc01fb68b98575a5040c057f542cd2dadd2b241c20e09a79c43,0ba91457e4f1fba6df836de6c103cced9a988cef25edd3a5402aa4975964b9b3be31d3b7774ad591baf262e89aef1af8b4d6f96b88281ffce8a2fb69977090bd
Advance Wars 2: Black Hole Rising,=,Advance Wars 2: Black Hole Rising,=,gameboywarsadvance2,USA,2003-06-23,Intelligent Systems,Nintendo,#players:4:vs #genre:sim>strategy #addon:link>gbalinkcable #embedded:backup>flashram #save:backup #lang:en,46599031ef71117c587bd3666c326c07,14dd0b22c894865867aff89e8116b2dffae25605,ef3cc89273f9df88020f07751ea6306b25c39df01893822fe431550eedf9b134,17e0c12c3bd88fe189cf4769412f08e0d97d981352bb148a5614d9a7e88a1b1bc3093d251bad58370b29fbe548a4fb2ac9a2fec9dd9263aecc1e03fb7e7793e2
Advance Wars 2: Black Hole Rising,=,Advance Wars 2: Black Hole Rising,=,gameboywarsadvance2,USA,2015-08-20,Intelligent Systems,Nintendo,#players:4:vs #genre:sim>strategy #addon:link>gbalinkcable #embedded:backup>flashram #save:backup #lang:en #rerelease:virtualconsole>wiiu,4db9e72d1867b8f4f745d54486bb6cf4,f6df48f6d7a36965f795023c039fb05985418132,d25f592c9ef427d6318dedcb13f83ac63f3aa2c66babddcfac953220c7e4660b,4b3401cbb515f03384719160654fb305a10e178284795bdff9e42f1e1a365c6671a362da6cab28c2aed3de7cb81c0984076f17229d6a7f5af40d5fa545b59dc4
Adventure of Tokyo Disney Sea,=,Adventure of Tokyo Disney Sea,Adventure of Tokyo Disney Sea アドベンチャー オブ 東京ディズニーシー,adventureoftoukyoudisneysea,Japan,2001-11-22,Konami,Konami,#players:1 #genre:adventure:sim>cardgame #embedded:backup>battery #save:backup #based:disney #search:keyword>brand #lang:ja,84e3389b9a4a120959b37c15b5bcc460,fb9adb7e1f4a5f3b6002ff7e62dcd68a69e9be25,9b3935d8729fe469bcbc75a00a755a664235fe72c1b4054df6942388df35f045,4c70a5ac16aa3467fb466ee4ccf4ce9e94b5377103a1cc7cfc72c068b8d1e10911ae8018fce87c64c611c6b677670164a325c14effe916729a859a8ec04fca4d
(Adventures of Mr. Bean),=,Adventures of Mr. Bean (Debug Version 0.10),=,adventuresofmisterbean,Europe,2001,In-Cubus,,#players:1 #genre:action #based #lang:en #unfinished:proto,37c496730495607e17c2ff73478c263f,158856b0b438217ddf8b900ba9c5dca3d6457c7f,3ac19997991c4c87357a6579cb6763b6991420639dd3fa40ab7a761fefae717f,f9afd5fd5294149df278be16ebe7c6b066e3eb63432b8c4f5615ed604787dd08c0fdeb9735d66d08f508ba816ae502dc540aa0d915e35b94876b73acecd6527a
Aero the Acro-Bat,=,Aero the Acro-Bat,=,aerotheacrobat,Europe,2002-04,Atomic Planet,Zoo,#players:1 #genre:action>platformer #embedded:backup>eeprom #save:backup #port:nintendo>superfamicom #lang:en,2548856ed56765e0f8267175bc1ac171,11050975c211550a8bea751212ceb8856daea759,4c3f5c1bfd2e74c5044faa1082b542785412dd11d81679e49133d68bd0993313,0d00edf5aa4b7a5faf71d285b2389b013706f6358cbbaa525bde057d26d46b0596a522a29b216804a3a709928d708e5d76df02195c1b5528fb012e8d4ebe925b
Aero the Acro-Bat,=,Aero the Acro-Bat,=,aerotheacrobat,USA,2002-06-25,Atomic Planet,Metro3D,#players:1 #genre:action>platformer #embedded:backup>eeprom #save:backup #port:nintendo>superfamicom #lang:en,266e48e50827e202a9e74255bf29a554,cdbc609df128127d05c435f59b781958c0e751fd,2d1631c5568a589092f9ed854255977623171ebf62d8eb0dd24e616499c0998e,4e63c37aabb7e9287c9207d9baf08a56dbd0bed35eb066e467bde19a72328846adb365a78de9c9aabaaa3b46a88da14fbe4178454a6b3a97d66ffccddfb1e03c
Aero the Acro-Bat,=,Aero the Acro-Bat,=,aerotheacrobat,USA,2002,Atomic Planet,Metro3D,#players:1 #genre:action>platformer #embedded:backup>eeprom #save:backup #port:nintendo>superfamicom #lang:en #unfinished:beta>1,8b68e98da32fcee8c235c3c283c20a4c,68c0a00275c7135ca1a116ccced1ecede75819b8,f4e34f444a741b34226b0148d360b537d7333b030e988ebfd8abecc1d7d6ac93,16ac64be0850e4d82617a8f93b9e2f7386f8b4ace5bc04e477da55b755c8d35643175f329aa98886f0c944762e1448709991f6b9d012b4826d6f6376e2565a9e
Aero the Acro-Bat,=,Aero the Acro-Bat: Rascal Rival Revenge,=,aerotheacrobat,USA,2002-03-27,Atomic Planet,Metro3D,#players:1 #genre:action>platformer #embedded:backup>eeprom #save:backup #port:nintendo>superfamicom #lang:en #unfinished:beta>2,a7763d58c7fd18307cefd9bcb6391d89,3f88084c501fb15820f6ad9a9c87ac21af3b59eb,af96678b0a94665f6c2f11e30c6fbc208da53c8cf1b7e3823eed7cb4371c501e,5a29ef1bd4c001b6cc203017acd9578cdbafc0dfada3426c328e2d7be80c1a896809ad15ea6ec19940e5c57438dde81a221ae2733de3eb3bda9505e860eb1e09
Agassi Tennis Generation,=,Agassi Tennis Generation,=,agassitennisgeneration,Europe,2003-11-21,Aqua Pacific,CRYO,#players:2:vs #genre:sports>tennis #addon:link>gbalinkcable #search:keyword>endorsed #lang:en:fr:de:es:it,d9ea8c0a5cb934ddc7801389faba43e2,43261f3d13cfd75034d0836f91f64ae800273c06,37cba1e3f790f15c5fb338bc21955d2acf0c967fdac1dfca913d24562efe6e6a,3cbca2c4f6ab6dd51ae63cad4569785fc22e20226d207078cc4b8da4f263fd33b46f76109e0f00ac483359831e7649bc39e2ba216808754e167410c5b7063980
Agassi Tennis Generation,=,Agassi Tennis Generation,=,agassitennisgeneration,USA,2003-09-30,Aqua Pacific,DreamCatcher,#players:2:vs #genre:sports>tennis #addon:link>gbalinkcable #search:keyword>endorsed #lang:en,4411d6ac05f6e818a16409894d1ec943,1797251886d165e136ce6ba564ad8c8ec865d829,d8ecc97ceba5a80793ac5ff63a7952fb0adffaa6481d6032f3d5bb25c755c2f4,cb6cba6482bb6b63ab1f0c8ac83c4fb80d7bb710bbc588ece7a894cc6e5f1b2e6607c07cf976e8d69bd53493dfb68bfb6989bbfa343cc00d9409a07aa7787b8f
AGB LCD-yō Cartridge,ABG LCD用カートリッジ,AGB Test Program (Version 1.0),=,agblcdyoucartridge,Japan,2001,Nintendo,Nintendo,#players:1 #genre:notagame>test #embedded:backup>eeprom #save:backup #search:feature>mario #lang:en,83ad15f9fde0ff8aef0e5d1bae6e09cd,30b3ea4b0c2611a7d8aaf1cacbe8c3b79eb2ab78,61f4222cb17fc0ac49f8779298433c293f52266a23722965575ceceb150d8a7c,056f83423e88f74c97a95f66f21f59e2c37d941f68818f91974f605dea7897093d38729535a6dfd518633738bdfb2142ba5656bc832b327a3cfe80f1dd52181a
AGB-Parallel Interface Cartridge,=,IS-AGB-Character (Ver. 1.01),=,agbparallelinterfacecartridge,Japan,,Intelligent Systems,Intelligent Systems,#players:1 #genre:notagame>sdk #lang:en,79be6c775dd19c8e0a5e67473eae5970,b1557eb7d570e59a3987c5c66729609c5101a6e2,890663ad0d61db5d58b4f96368cf2cb858e07114864ad6cc0efb39bf6eab8341,df837e7b3e37ea17f2578b45804822dfad68dfc064826cec179c00296e1bcd02e3a16df8a3ad71a8313c8005f9b032f68f925b3a3df01e19e81166f264be648f
Agent Hugo: Roborumble,=,Agent Hugo: Roborumble,=,agenthugoroborumble,Europe,2007-04-02,Program-Ace,ITE,#players:1 #genre:action>platformer #save:password #lang:en:fr:de:es:it:nl:pt:sv:no:da:fi,02fe9812bc5022835d55ce2ddfee95d7,ab2c6faef04ba4d69eae936e0dbaa9e776d12edf,25e0179d6999d2f49ba41329bc3634f169bf65c18854392360375d14214243e1,2fcaf2fab692abe9b36f86e036cbbeefabfb5cb23af9c042a6bbd840f6b2a57dc9e6bb4bd3e516f362b4b39ae898afd5e5daea8cdbd2fcb554e2a8ca109ade30
Aggressive Inline,=,Aggressive Inline,=,aggressiveinline,Europe,2002-09-06,Full Fat,Acclaim,#players:2:vs #genre:sports>roller #addon:link>gbalinkcable #lang:en:fr:de,0c3521dc74150b501aba964d4c2a0fc3,05ab06b8988d0bb6f037b121f73bc40644aff4e8,d8b32a62bd4925d89416974f1872ebec481678f6623b4baff828ddee946d2fb1,7b9a9443c8617db1390afbfa5e2c0a0fec4b9da02778eefb7377b480125314ecde556d7bd34f763056e805b3a6b9c565fb4ed6520a582adc30954ec43e0bfe84
Aggressive Inline,=,Aggressive Inline,=,aggressiveinline,USA,2002-08-27,Full Fat,Acclaim,#players:2:vs #genre:sports>roller #addon:link>gbalinkcable #lang:en,4e8b17bb4b77cd5568b678596c55a8bb,df41ef94380e074257424f4725738f2ed7ae68b6,a75c9d5f1508dd114749c4418900a745fd075e276da09e2f6778069755510f08,8142b2c171561212a9bfe3a4fd64be3e93638dd55fe0a57adaee8b90e1df1e7cf98b989c362eb59e2b4cf49864de2bc38e6228735e23ba08c6c12a751f8d138a
AGS Aging Cartridge,AGS エージングカートリッジ,AGB/AGS Test Program (Version 7.0),=,agsagingcartridge,Japan,2002-09,Nintendo,Nintendo,#players:1 #genre:notagame>test #embedded:backup>eeprom #save:backup #lang:en,6087dc2b8532e1cba787e1f53ab5a051,5c73fb4074b19c5a1a9bb60fd359b528d2ed99a6,12953a9b75d70b85dfb0375f95fcaf60784bee0559048aa1789091f6d38e3228,33e79e1a25c93422383e34a4e93ef49f15e18a40626d92c474b2d4282854c68a9814aa1f8355be99d99686c28f5e330aaa05e0c3920cbfebaa1ab45ae76fa5df
AGS Aging Cartridge,AGS エージングカートリッジ,AGB/AGS/GBS Test Program (Version 7.1),=,agsagingcartridge,Japan,2002,Nintendo,Nintendo,#players:1 #genre:notagame>test #embedded:backup>eeprom #save:backup #lang:en #rev:1,1ca28a9463c67a0f18bb1b047993062f,d1da0137253de862aef724da1cfba5e2ca3cd511,6968bd01df531b4ca4b9777a87c1913fb6ff3783ef378d04476d531be9b6765d,10a92cb4a8f3830ec046ed7fe6b34b28c7e62d343562347d74b0937372d84504d327c1f83931895bfc8bb2032782106f67461f48c352bb5a078ad7ed79c0da8c
AGS Aging Cartridge,AGS エージングカートリッジ,AGB/AGS/GBS/AGM/NTR Test Program (Version 9.0),=,agsagingcartridge,Japan,2002,Nintendo,Nintendo,#players:1 #genre:notagame>test #embedded:backup>eeprom #save:backup #lang:en #rev:2,7a77991e9bd7715cdd3c718014918e00,4a21b60c23014750250e56a8a22b886032f0d33d,a5dac843f942d397f8bc943653a5811e43e7e8d557ee2564c64701f709467661,e83d46f10f8b598cab2de63f86880dbae0dc84a104ee29e012309fca85ccab3775659bfb0ba9e8fef550a16785ed2c81531128da2cd1d2f10bd430cfd5bab5c5
AGS Aging Cartridge,AGS エージングカートリッジ,AGB/AGS/GBS/AGM/NTR Test Program (Version 10.0),=,agsagingcartridge,Japan,2002,Nintendo,Nintendo,#players:1 #genre:notagame>test #embedded:backup>eeprom #save:backup #lang:en #rev:3,c29a4dde73b36a0936135a656f3c1024,710c858c4a10818e20c52b5e71a5e84d855db957,736b5ef7e17633aa7cff34390fa0337f7818abae5d264cd4954010a0540de7df,08ce48c2d0942a126533e155a7f5f972d84d858166c3eaa6eaafb742eb00d3e133cb573a243b6698af6fe4ed83e6978af2fc398d5f7a4d4c71ffc65394fe3bc0
AirForce Delta II,AirForce Delta II エアフォースデルタII,AirForce Delta II,AirForce Delta II エアフォースデルタII,airforcedelta2,Japan,2002-09-26,Mobile21,Konami,#players:1 #genre:shmup #embedded:backup>eeprom #save:backup #lang:en:ja:fr:de,7109869b364d162a673b25b5604ebb57,34ac6b1af9ab1e016db11f5ad28042757a68d1f4,be7e47572b08a835ef3f101116695dac6377912053e963f3df90cca9f495fa4a,3f8dfaa127a6c848bda26bc5c32917b6cfb84ed9cc84b2e39012da7442ffeb447e3854a6adb631f3f2ab3544529f664ddf4ff702e1ae1100d4d32f89c9b5337e
AirForce Delta Storm,=,AirForce Delta Storm,=,airforcedelta2,USA,2002-09-16,Mobile21,Konami,#players:1 #genre:shmup #embedded:backup>eeprom #save:backup #lang:en:ja:fr:de,3f729eba45634801650d0ca02e2ad0bf,7bc53480a43ada2aad32d798ab00b6e761726728,eaa3e8311569f86a20aa3e82fc9ab44135a809dc0a177f3961d5d963a83d5d7e,79b2b3106b784159e07c4438d9432bef948a47102ae85c2745f3b20e8f10761fb58ae9e7d700d3f25a4d3935568bcc4061da2799ee6857a3bf6613f413b40779
Aka-chan Dōbutsuen,あかちゃんどうぶつ園,Aka-chan Dōbutsuen,あかちゃんどうぶつ園,akachandoubutsuen,Japan,2004-03-26,TDK Core,TDK Core,#players:1 #genre:sim>life:minigames #embedded:backup>eeprom #save:backup #lang:ja,a5c6b967e5d7c35d2aba50bbf4c5657c,9a0623a8680c4cf9b745f940b99da0a192764828,80e0c07415161e732dcd6fd3aea79af3b8b4304cbc8b4388acb9f0ebfc6a170c,38ee2a4414184d68e7a7c2e7dce6c2b485848947118b6aacdc11c4e95da75a5d47b3f224af19359fe7e03c45350da73913db7056c99c0cc6b37a1e6188107e72
Aka-chan Dōbutsuen,あかちゃんどうぶつ園,Aka-chan Dōbutsuen,あかちゃんどうぶつ園,akachandoubutsuen,Japan,,TDK Core,TDK Core,#players:1 #genre:sim>life:minigames #embedded:backup>eeprom #save:backup #lang:ja #rev:1,5b6370434292ee73812d4f10f51a0d9e,634624c77c90a8ff40bec9046133c50041efc49b,f67ec6504c8b2648fbc9e261ba32630c9d701401173ad19daf0da0145482d7ac,cf66bebdd06d66de9388ffa00e7f7ec97a47ab27d4ef0f290e4ce557007932988d3f5dc05b59d84959cdd1899664de54aa408a736c344874bddecb99bc42155c
Akumajō Dracula: Circle of the Moon,悪魔城ドラキュラ Circle of the Moon あくまじょうドラキュラ サークル オフ ザ ムーン,Akumajō Dracula: Circle of the Moon,悪魔城ドラキュラ Circle of the Moon,akumajoudraculacircleofthemoon,Japan,2001-03-21,KCEK,Konami,#players:1 #genre:action>platformer>metroidvania #embedded:backup>battery #save:backup #search:franchise>castlevania:feature>dracula #lang:ja,8ddb166cf79606f116f6bdf3e4bdbbe2,45070d7237f6c71306d83c1e7353f50205d9233e,05ad9e23775c80a454cb3f0973ec065f4a26bab56b3bbae039fea162ac096a13,fa6f99b7c4d31e84037c5b4f85a3c9181b57ed373e90fa1c6e53f1aa19d7c46a02a9af3618da2a7520fef0c6737113361d79effa60dda922d5d6e267cc65cdf4
Akumajō Dracula: Circle of the Moon,悪魔城ドラキュラ Circle of the Moon あくまじょうドラキュラ サークル オフ ザ ムーン,Akumajō Dracula: Circle of the Moon,悪魔城ドラキュラ Circle of the Moon,akumajoudraculacircleofthemoon,Japan,2014-08-27,KCEK,Konami,#players:1 #genre:action>platformer>metroidvania #embedded:backup>battery #save:backup #search:franchise>castlevania:feature>dracula #lang:ja #rerelease:virtualconsole>wiiu,4fe96ba189bc46167a95753e2f137b03,7b50b0e5e533d461f5eae648246c442b56e91527,cb63999c34cbf89a96be6b190214f00f8252d04796caa0f582101ca154f438e8,43c92da8a37587133a8eaede1e2551edee761f0d6a845b28d29156e75461ac08ca01be808d68733611be34c34707691035f034c09766136e809db1aafa99a6bb
Akumajō Dracula: Circle of the Moon,悪魔城ドラキュラ Circle of the Moon あくまじょうドラキュラ サークル オフ ザ ムーン,Akumajō Dracula: Circle of the Moon,悪魔城ドラキュラ Circle of the Moon,akumajoudraculacircleofthemoon,Japan,2021-09-24,M2,Konami,#players:1 #genre:action>platformer>metroidvania #embedded:backup>battery #save:backup #search:franchise>castlevania:feature>dracula #lang:ja #rerelease:castlevaniaadvance,a7f1cc981555e953032a5444f2b2e0e6,0952d6265017fc7c905d0ce0982681922e3140d5,bcef9c1207501a0aec07264915e9bedf5c9a422fc9094f2a47f749b075030ccf,5c1d5d00d35cda5eac4e4a5b883ba88cbbb026c78833282f36412b85d76204edf01b0fac4a29e759abf5e8f8c653f786c68894ba71c19e31154e922ff65e52a9
Aladdin,Disney's Aladdin,Aladdin,Disney's Aladdin,aladdinsnes,Europe,2004-03-19,CAPCOM,CAPCOM,#players:1 #genre:action>platformer #embedded:backup>eeprom #save:backup #based:movie:disney #port:nintendo>superfamicom #lang:en:fr:de:es,8ed4304e943b553f8ff3abc1e66ea91e,38c9a3b3de0679484e025534a2eb6fb1f790a46d,f42b1216b27bc47fc4c6048102fef95adb2ce154f6a8efc60126cbac6f931b8a,6e6b939cb36a826e69299cdaabc1a7844ad6347f1edb7df4f5da85e6a663a0427ab610dbd944d36fd03d77f18046362148cb77adef4fe5bad309061be22cf8ca
Aladdin,Disney's Aladdin アラジン,Aladdin,Disney's Aladdin,aladdinsnes,Japan,2003-08-01,CAPCOM,CAPCOM,#players:1 #genre:action>platformer #embedded:backup>eeprom #save:backup #based:movie:disney #port:nintendo>superfamicom #lang:ja,70245e4d52cfb1af2533fedc6191dcb5,b29c55b063f81d829992da63bd8bd3c25b0c90d7,8774705c3069564e3a45a4a109f45b112699d1fd15ffed33aa17d31d31e7c9a8,5dad01db3229e84bb439ab021d23a0e433d1ba19f8927bcabd8ed74d905831491c62c7e4680d29e843b98a80561c25c4ef5caeed6f719b63d6651d3314ce22bb
Aladdin,Disney's Aladdin,Aladdin,Disney's Aladdin,aladdinsnes,USA,2004-09-28,CAPCOM,CAPCOM,#players:1 #genre:action>platformer #embedded:backup>eeprom #save:backup #based:movie:disney #port:nintendo>superfamicom #lang:en:fr:de:es,4bda2a3e0249dfd09330dabc3aa20978,3cfe653a54f3bc9f3ad20234de680ebfc4145cf6,8faf7635d203fde1b556ebc0c5b9110e03570605b5306f3ec21addddca837337,b255088108ba1f5f0aaa37f6eae615b3fcc1d9c1af1a83cc9f817c0e92c7a2648b423d625475ed4688d8a549194f1c9d4f9289491d30e04f88f04fd590b1436b
Aleck Bordon Adventure: Tower & Shaft Advance,Aleck Bordon Adventure: Tower & Shaft Advance アレックボードナドベンチャータワーアンドシャフト アドバンス,Aleck Bordon Adventure: Tower & Shaft Advance,=,aleckbordonadventuretowerandshaftadvance,Japan,2004-11-26,Altron/Nagi-P,Aruze,#players:2:vs #genre:action>platformer:puzzle #addon:link>gbalinkcable #embedded:backup>eeprom #save:backup #lang:ja,70541c3e9c5d18b151a5d41c79134cc9,2def9d7ea29a0ed5845b354e433e0a55e979f636,da5e2966c92b4ad1725a934854946d1380387c222da6c0d15aafa9d76c81f4a9,8a2c5677e06ae6df76a15e4669bc9457f6423e1cc6f27a55affd6560220eb122b687d9bcb3171ce8ce583ff6eb1948d0ad51a1e3509b6bf51372af7d3fc6b852
Alex Rider: Stormbreaker,=,Stormbreaker AR,=,alexriderstormbreaker,Europe,2006-10-02,Razorback,THQ,#players:1 #genre:action:adventure #embedded:backup>eeprom #save:backup #based:movie #lang:en:fr:de:es,864d9a4e885f1f32a9072a606c739006,659dbde917fc74d1cec3e41d1fb4cdd249ae04a0,2e6e618b38b74abd43db2ce6052713f21984918f5ac8a2a0b770f77661e1ba42,e0eed313677d55db701a0e7cc63b7fa5e2676fe7704f1a3e6a1dba88c35de29a4f904764b136547f235c96c83ad08b09b12c9e1aa01d0cbaeb12ed04d3a53dcb
Alex Rider: Stormbreaker,=,Stormbreaker AR,=,alexriderstormbreaker,USA,2006-07-07,Razorback,THQ,#players:1 #genre:action:adventure #embedded:backup>eeprom #save:backup #based:movie #lang:en,4b5aee04f0f61c5ef9343524bd2ac1d4,e9ba9d340701173ccd3a4d279630e1541ed96a73,16117cd914b7088936c827cdeb7dbe5be382148a77add40fdd1c6a63f9667f98,e8c4ecf07b78a11b065382ad884d7c9b2514ae789ad90a04ba47f03915f8b209ce846fc179f2236883a46437a2fed665350ae997db3426dc20ddbf96d5631043
Alien Hominid,=,Alien Hominid,=,alienhominid,Europe,2006-02-03,Tuna Technologies,Zoo,#players:1 #genre:action>runandgun:minigames #embedded:backup>eeprom #save:backup #based #lang:en:fr:de:es:it,18ef4ec828a4bf14b6fd241230bb349a,9d0e6bbbe6a364c5c190aa2695f8b58ffcca8e21,a39052860989f666ba43be8d3b2efd5e8c984c1631ab7e05da0193779cb26ae0,afa26875b7504c6b2e6311e9e417517d7f43a39ed20de463fc33a20635ccf07a072d48ec6186c0b5021beb17eda5aac387f16baf1d8c52c90d79408655314e1c
Alienators: Evolution Continues,=,Alienators: Evolution Continues,=,alienatorsevolutioncontinues,Europe,2001-11-30,Digital Eclipse,Activision,#players:1 #genre:action>platformer>runandgun #save:password #based #lang:en,5eba0ef1c24f1b003b3063beb808ce6c,fb691c5e21fa388d75497e9090db82dec881e422,88465bfb0bde8a9a3df4a6081cc9f8e999fa74c68c1ec91ebc8dfc977be85fd0,d1c1475b493c9b63265bc50e07ade2851a9486632a58970853e45c6f5e5384b871e52a383cf20293251e57d128ead9d52c176bb1d470a08e668006a4794955ab
Alienators: Evolution Continues,=,Alienators: Evolution Continues,=,alienatorsevolutioncontinues,USA,2001-11-13,Digital Eclipse,Activision,#players:1 #genre:action>platformer>runandgun #save:password #based #lang:en,5eba0ef1c24f1b003b3063beb808ce6c,fb691c5e21fa388d75497e9090db82dec881e422,88465bfb0bde8a9a3df4a6081cc9f8e999fa74c68c1ec91ebc8dfc977be85fd0,d1c1475b493c9b63265bc50e07ade2851a9486632a58970853e45c6f5e5384b871e52a383cf20293251e57d128ead9d52c176bb1d470a08e668006a4794955ab
All Grown Up! Express Yourself,=,All Grown Up! Express Yourself,=,allgrownupexpressyourself,Europe,2005-04-22,Altron,THQ,#players:2:vs #genre:adventure:minigames #addon:link>gbalinkcable #embedded:backup>eeprom #save:backup #based #lang:en,d429899cfd9a4858592f34ce9527a159,c9b6d8d4a6c8998fb7770b13049077f572859427,99a5b1aff13936e58bcedc8da98be88712e5fd54d1a0994f45b1b7e38d37640f,9300b124a0062fa222a451ee55e7ab06aa6705b198d9ea77f122a16d2ab47f9f10eafaef3717b471a42c34f557b4d7ccc56b355c44c3874fb1e044173bfaccfd
All Grown Up! Express Yourself,=,All Grown Up! Express Yourself,=,allgrownupexpressyourself,USA,2004-10-12,Altron,THQ,#players:2:vs #genre:adventure:minigames #addon:link>gbalinkcable #embedded:backup>eeprom #save:backup #based #lang:en,d429899cfd9a4858592f34ce9527a159,c9b6d8d4a6c8998fb7770b13049077f572859427,99a5b1aff13936e58bcedc8da98be88712e5fd54d1a0994f45b1b7e38d37640f,9300b124a0062fa222a451ee55e7ab06aa6705b198d9ea77f122a16d2ab47f9f10eafaef3717b471a42c34f557b4d7ccc56b355c44c3874fb1e044173bfaccfd
All-Star Baseball 2003 Featuring Derek Jeter,=,All-Star Baseball 2003 Featuring Derek Jeter,=,allstarbaseball2003featuringderekjeter,USA,2002-03-07,Software Creations,Acclaim,#players:2:vs #genre:sports>baseball #addon:link>gbalinkcable #embedded:backup>battery #save:backup #search:keyword>official>endorsed #lang:en,0b2772662e6df22bd3e5dbb84d9d9e55,ebcc0100a6d62f1bbe359fe9cc4baa3c61fb213f,02cf8855f20deefb33d27a6e9f853a8985713bb42ab4121d905f8ecb00371ea5,9f37bd6327df35fe842fc5dba1de8a2d4848296ac73744e33b31bc3ce617ac096a2fad1f3d83c7451924f2fcc55b8d360b1c3c07837b508e1681c30cadac0b6a
All-Star Baseball 2004 Featuring Derek Jeter,=,All-Star Baseball 2004 Featuring Derek Jeter,=,allstarbaseball2004featuringderekjeter,USA,2003-02-23,Acclaim Studios Manchester,Acclaim,#players:2:vs #genre:sports>baseball #addon:link>gbalinkcable>gbacable #embedded:backup>flashram #save:backup #search:keyword>official>endorsed #lang:en,9a7d740691276d4f33cf090bc62ba379,29e168a84e51c3b765e345baee6910433f298993,06c9b7dd1dc90920b9db2fbf1da5bee35e9d650d9eadc058501a8ed5d9bff395,bcc1dd11ffc8f6c5fea3a16218381723c04a4eb9a111b323c987c6ac52ed2c69eb0ac8f6baa66cf2bc53173a1ae2074ee79779ca288cbda71971e8a93092ccb7
All-Star Baseball 2004 Featuring Derek Jeter,=,All-Star Baseball 2004,=,allstarbaseball2004featuringderekjeter,USA,,Acclaim Studios Manchester,Acclaim,#players:2:vs #genre:sports>baseball #addon:link>gbalinkcable>gbacable #embedded:backup>flashram #save:backup #search:keyword>official>endorsed #lang:en #unfinished:beta>1,b5518f9500708791a1fe10de6b8c3522,f1d17e2083e0ad5b13162b6eff550a88bb4ef7c8,a4a8ab7e5d7f0bd9fe7a0fb41991facb6df3847b6af87d52ed005507f2184c01,a172751fc1d95263fa6f5a7e8a3f6da93fe27138f7c625918296e16cb37cad7773b55b8aac67b49236c9b3db561793f74297da75fdf2b3abb463faaecf194484
All-Star Baseball 2004 Featuring Derek Jeter,=,All-Star Baseball 2004,=,allstarbaseball2004featuringderekjeter,USA,,Acclaim Studios Manchester,Acclaim,#players:2:vs #genre:sports>baseball #addon:link>gbalinkcable>gbacable #embedded:backup>flashram #save:backup #search:keyword>official>endorsed #lang:en #unfinished:beta>2,766f6e0b917707f098faf6501207a94c,e6ad581061116daa69f12fac798b4e7e81f6f8b2,8f637c204f2aec1fd3285c083865b6266a32288b19a6fe21f560bff8e222346d,b0aa6bb99c6d0aebdbb1fa140c2ac74081c848fd37b02524994b393195a47a48ea2587574b76c8fa13a3b029912d1d41c099ec87cdece50e0ad8270177680502
Altered Beast: Guardian of the Realms,=,Altered Beast: Guardian of the Realms,=,alteredbeastguardianoftherealms,Europe,2003-07-25,3d6,SEGA,#players:4:coop:vs #genre:action>hackandslash #addon:link>gbalinkcable #lang:en:fr:de:es:it,c7c56aaed390488e4112ef64b51bb2ad,4178bc2c89187dce127ab64dac2becf99fed0679,abb17bfd35b0febf502fdc2c34d6d50132989cbb67d9587a2b5d4f4193d6d485,ea6ab2378e38adeed0bfe96e58ede58008897d3d5ad7bc10702d797008c6cad8409446514526f792d04e08dd3a5696e6944cc2b477b54150967be4e80cb0ed12
Altered Beast: Guardian of the Realms,=,Altered Beast: Guardian of the Realms,=,alteredbeastguardianoftherealms,USA,2002-11-23,3d6,THQ,#players:4:coop:vs #genre:action>hackandslash #addon:link>gbalinkcable #lang:en,dc96748e298935c8e3d49e362cafa0b8,194dc1fff5578dcd8a2a6914647f1b67334f2a8a,4a82fb525d8cbf6e4a2df00db9b3d96c92735f4c39f84c2e83492641d9bf9e55,f73774a1fce78a4ebdc0deef4efe29f07967ec6e90e4bab4d96ac766688b8b4d79188b5146829df72d555c0ca3d8a9fefaaf6e27aed3eb91bf09d9c5af7d0472
American Bass Challenge,=,American Bass Challenge,=,superblackbassadvance,USA,2001-12-05,Starfish,Ubisoft,#players:4:vs #genre:sim>fishing #addon:link>gbalinkcable #embedded:backup>eeprom #save:backup #lang:en,61d4355a0731c3150c36b5a704173c70,1fc03cca393ddbc633d309aae95b42c89e4d0e96,294e7c34a9d2ee37bc005368fcc268dfdc0dfaaade8adddae5d25e2fa33ee418,0a758e015c193f6e45b1e46fc303ac4c855397aa246c2ad530af04f3add03027aaf96b13dfa96ec12145fd983f4d5b7636f18f5b1e79898f51b0fa1c42ed922e
American Dragon: Jake Long,Disney: American Dragon: Jake Long,American Dragon: Jake Long: Rise of the Huntsclan,Disney's American Dragon: Jake Long: Rise of the Huntsclan / Disney: American Dragon: Jake Long / Disneys American Dragon: Jake Long,americandragonjakelongriseofthehuntsclan,Europe,2006-10-13,WayForward,Buena Vista,#players:1 #genre:action>platformer>hackandslash #embedded:backup>eeprom #save:backup #based:disney #lang:en:fr:de:es:it,8a46b929f0dc1522fc0cc378685d8337,4701c8d26cc608109bc01d0ee189ab1fb646ead8,4f904d42234bc6eb2f8f21ab97a0066c60090db6458df5a0e16735f23491bbce,4b8699aa0f3669976c905e174aef47258503018238c9333312d44198ebb5f4e4a8bc54a8e9c1f23e28a884f6cfb24b65b648ddf0debd4f30132ae0c27f544814
American Dragon: Jake Long,Disneys American Dragon: Jake Long,American Dragon: Jake Long,Disney's American Dragon: Jake Long: Rise of the Huntsclan / Disney: American Dragon: Jake Long / Disneys American Dragon: Jake Long,americandragonjakelongriseofthehuntsclan,Germany,2006-10-13,WayForward,Buena Vista,#players:1 #genre:action>platformer>hackandslash #embedded:backup>eeprom #save:backup #based:disney #reboxed #lang:en:fr:de:es:it,8a46b929f0dc1522fc0cc378685d8337,4701c8d26cc608109bc01d0ee189ab1fb646ead8,4f904d42234bc6eb2f8f21ab97a0066c60090db6458df5a0e16735f23491bbce,4b8699aa0f3669976c905e174aef47258503018238c9333312d44198ebb5f4e4a8bc54a8e9c1f23e28a884f6cfb24b65b648ddf0debd4f30132ae0c27f544814
American Dragon: Jake Long: Rise of the Huntsclan,Disney's American Dragon: Jake Long: Rise of the Huntsclan,American Dragon: Jake Long: Rise of the Huntsclan,Disney's American Dragon: Jake Long: Rise of the Huntsclan,americandragonjakelongriseofthehuntsclan,USA,2006-10-12,WayForward,Buena Vista,#players:1 #genre:action>platformer>hackandslash #embedded:backup>eeprom #save:backup #based:disney #lang:en:fr:de:es:it,8a46b929f0dc1522fc0cc378685d8337,4701c8d26cc608109bc01d0ee189ab1fb646ead8,4f904d42234bc6eb2f8f21ab97a0066c60090db6458df5a0e16735f23491bbce,4b8699aa0f3669976c905e174aef47258503018238c9333312d44198ebb5f4e4a8bc54a8e9c1f23e28a884f6cfb24b65b648ddf0debd4f30132ae0c27f544814
American Idol,=,American Idol,=,americanidol,USA,2003-11-18,Möbius,Codemasters,#players:1 #genre:rhythm #password #based #lang:en,e140b67a8a610be8de419e4146940359,13236689db1e2236673ae59c2a8ff84340a8a8c2,5c037227289a4c4cbb800d0699772a902f56166e6059a8207240c4812a7d3a8c,a03296c435f2c4ae9ec7bb8930cedaa9e278c8d2820c89b2cf2d68712e38ad86d7c2e0f9a97dc7a9a081ad7b68ab8975bdbfee4db9c023f71a68f5e9cb214537
An American Tail: Fievel's Gold Rush,=,An American Tail: Fievel's Gold Rush,An American Tail: Fievel's Gold Rush / Feivel Der Mauswanderer: Und der Verborgene Schatz / Fievel et le Trésor Perdu / Fievel y el Tesoro Perdido / Fievel e la Corsa All'oro,anamericantailfievelsgoldrush,Europe,2002-03-01,Hokus Pokus,Swing!,#players:1 #genre:action>platformer #save:password #based:movie #lang:en:de:fr:es:it,2d434f2b0392f91f7715841a122621c1,ab6e8646b352e54eaae2e00101ea7fd378af0e5e,a9a19e88bae1438d3c08e61df3c5b70289216b554340ba428c314c6dfd5b9497,6392fd01184b710478cb48da8c4c562a3b7a61f096d637f409b095039e89a5508ae049047c8c8c01cf3a7116a83d1d3267abd33d780989ab5b9f3e33e55ec68d
Feivel Der Mauswanderer: Und der Verborgene Schatz,=,Feivel Der Mauswanderer: Und der Verborgene Schatz,An American Tail: Fievel's Gold Rush / Feivel Der Mauswanderer: Und der Verborgene Schatz / Fievel et le Trésor Perdu / Fievel y el Tesoro Perdido / Fievel e la Corsa All'oro,anamericantailfievelsgoldrush,Germany,2002-03-01,Hokus Pokus,Swing!,#players:1 #genre:action>platformer #save:password #based:movie #reboxed #lang:en:de:fr:es:it,2d434f2b0392f91f7715841a122621c1,ab6e8646b352e54eaae2e00101ea7fd378af0e5e,a9a19e88bae1438d3c08e61df3c5b70289216b554340ba428c314c6dfd5b9497,6392fd01184b710478cb48da8c4c562a3b7a61f096d637f409b095039e89a5508ae049047c8c8c01cf3a7116a83d1d3267abd33d780989ab5b9f3e33e55ec68d
Fievel et le Trésor Perdu,=,Fievel et le Trésor Perdu,An American Tail: Fievel's Gold Rush / Feivel Der Mauswanderer: Und der Verborgene Schatz / Fievel et le Trésor Perdu / Fievel y el Tesoro Perdido / Fievel e la Corsa All'oro,anamericantailfievelsgoldrush,France,2002-03-01,Hokus Pokus,Swing!,#players:1 #genre:action>platformer #save:password #based:movie #reboxed #lang:en:de:fr:es:it,2d434f2b0392f91f7715841a122621c1,ab6e8646b352e54eaae2e00101ea7fd378af0e5e,a9a19e88bae1438d3c08e61df3c5b70289216b554340ba428c314c6dfd5b9497,6392fd01184b710478cb48da8c4c562a3b7a61f096d637f409b095039e89a5508ae049047c8c8c01cf3a7116a83d1d3267abd33d780989ab5b9f3e33e55ec68d
Fievel e la Corsa All'oro,=,Fievel e la Corsa All'oro,An American Tail: Fievel's Gold Rush / Feivel Der Mauswanderer: Und der Verborgene Schatz / Fievel et le Trésor Perdu / Fievel y el Tesoro Perdido / Fievel e la Corsa All'oro,anamericantailfievelsgoldrush,Italy,2002-03-01,Hokus Pokus,Swing!,#players:1 #genre:action>platformer #save:password #based:movie #reboxed #lang:en:de:fr:es:it,2d434f2b0392f91f7715841a122621c1,ab6e8646b352e54eaae2e00101ea7fd378af0e5e,a9a19e88bae1438d3c08e61df3c5b70289216b554340ba428c314c6dfd5b9497,6392fd01184b710478cb48da8c4c562a3b7a61f096d637f409b095039e89a5508ae049047c8c8c01cf3a7116a83d1d3267abd33d780989ab5b9f3e33e55ec68d
An American Tail: Fievel's Gold Rush,=,An American Tail: Fievel's Gold Rush,An American Tail: Fievel's Gold Rush / Fievel y el Tesoro Perdido,anamericantailfievelsgoldrush,USA,2003-05-02,Hokus Pokus,Conspiracy,#players:1 #genre:action>platformer #save:password #based:movie #lang:en:es,0051c7b9d4a3908afea19da18813fcbc,f80528cc2265fea12e661b1dff1478bf9bda1c6c,7397d79854a26e969add473cfeda87e5101422f34b613b703f05d0e296f7542b,34e811899d489e61db97d663f26a14dbe10cd4acf7fc2d2ef941b5b02d512fc9a5060a23a85dbd406a2fb6fffd2fdc176dbf86fd4d8e09871610280d78a3eb70
Angel Collection: Mezase! Gakuen no Fashion Leader,エンジェルコレクション Angel★Collection めざせ! 学園のファッションリーダー,Angel Collection: Mezase! Gakuen no Fashion Leader,エンジェルコレクション Angel★Collection めざせ! 学園のファッションリーダー,angelcollectionmezasegakuennofashionleader,Japan,2003-04-18,M²TO,M²TO,#players:1 #genre:adventure:sim>life:minigames #embedded:backup>eeprom #save:backup #lang:ja,5054b1d5971b01a35e593048f5c43d49,1b2708fa0015803de0299e968a1c9f14d12ad7e8,6361765826b78e83276e0db8603e3fd5ac4d0453f5d4dc1383eeea0478a35eca,303cd1cca7a11162854f8cff516819a24899f7085c3185ea08f0139bd052729598e16eee862843b3dbd1f0f5999957e6acb66f4e68e4464445553bef984e02ef
Angel Collection 2: Pichimo ni Narō,エンジェルコレクション2 Angel★Collection ピチモになろう,Angel Collection 2: Pichimo ni Narō,エンジェルコレクション2 Angel★Collection ピチモになろう,angelcollection2pichimoninarou,Japan,2004-09-22,M²TO,M²TO,#players:1 #genre:adventure:sim>life:minigames #embedded:backup>eeprom #save:backup #lang:ja,436325c0208b757b2efd50e894d8d1c7,3619766cedf93045a9213b0d251a169439990cf1,f6d5c0077060a5f20125d8d4ea13e1702686400d2472cfe76732568a05b139be,8f6f32e904d01564f50c5c00faff4b9e5e618abeb36605fa00e8b3fda40cf9343091caaf8e73a9efe8656edfbb936cde7ffd049ca06d42fe348c755af3649c4b
Angelique,アンジェリーク,Angelique,アンジェリーク,angelique,Japan,2002-03-21,Koei,Koei,#players:1 #genre:adventure:sim>date #addon:link>gbalinkcable #embedded:backup>eeprom #save:backup #port:nintendo>superfamicom #lang:ja,978f10569b0a00b023016fb5f287c0b6,cf01dfc9f25c805b9a72524903f742f11570a8eb,2848bd6bb017d2a810ed2985f7bc80736a0c6d686f233b8ee2c5e855d7ea07bc,1e5fd30908b211110885538a0b7431f7bf6786afaaf6f9ff2977d5ad841b71d8d0849191a52e17674b187ad46e2aae989563f6ae1d971ca513dd555813dcaab4
Animal Mania: Doki Doki Aishō Check,アニマルマニア どきどき相性チェック,Animal Mania: Doki Doki Aishō Check,アニマルマニア どきどき相性チェック,animalmaniadokidokiaishoucheck,Japan,2002-01-31,Jupiter,Konami,#players:1 #genre:adventure:minigames:quiz #embedded:backup>battery #save:backup #lang:ja,91410132c661fce4074eba939915d543,3552b82abdbe38851c607ac572efce24e7783f39,291e6d7c397ac047067a7867bf8ae5589235d4421447e2cdb676420474de62b7,6761715b657bcc7d9c4363e716f690d4db404b3146eee9e747adc9a296f716854061062268f79adf76ae5dbf44c1901bd23600405f672d76ec7cf9c4b0d4d482
Animal Snap: Rescue Them 2 by 2,=,Animal Snap: Rescue Them 2 by 2,=,animalsnaprescuethem2by2,Europe,2003-02-14,Awesome,Ignition,#players:1 #genre:puzzle:minigames:action>blockbreaker:notagame>educational #lang:en,59efe4673056b6385379b83883b30e47,ad6fee649c7d17f9348d1d0a555100e6f8f16301,339c80cedb3145cf3c2d38e1b7799c3d0007d59947f3cf17eee8f1a46a0c8b50,993e415434127ffac8fab5821ceca6773be3cc1dda8e91a280be7cbceb61413ea0f2f868e66e2c0b0401659b52a485a4a34aa1e22c0d8da88c3e3d3b5cb2c2a9
Animal Snap: Rescue Them 2 by 2,=,Animal Snap: Rescue Them 2 by 2,=,animalsnaprescuethem2by2,USA,2002-11,Awesome,AIA,#players:1 #genre:puzzle:minigames:action>blockbreaker:notagame>educational #lang:en,8a65cc927274981d1b431bc005fe185d,899b9158f622ab145c6787b2af65abda902e6a95,34f3fe260a7b33febbcf0b6b9fc15af1421477cddf9b909f30c57f85da2ae567,86c954b807f31b32fa0e14dcdcf1523f801b104411178fdc02d4ab4b751c9233fa7d5f4dd43a54a66c161f45b30b347477ffbaf400ab14a2ea6e5844068a698e
Animal Yokochō: Doki Doki Kyūshutsu Daisakusen! no Maki,アニマル横町 どき★どき救出大作戦!の巻,Animal Yokochō: Doki Doki Kyūshutsu Daisakusen! no Maki,アニマル横町 どき★どき救出大作戦!の巻,animalyokochoudokidokikyuushutsudaisakusennomaki,Japan,2005-12-22,Konami,Konami,#players:1 #genre:action>platformer:minigames:parlor>mogurataiji>jackpot #addon:link>gbalinkcable #embedded:backup>flashram #save:backup #based:manganime #lang:ja,7c90ce3ef159fd17feca4c0f25de13f2,ea0ba14fd5088eb519d443a2400a6ecd2b1c9e38,e86be1b1579e663acfa4d7002d091071595a5015960cebbee836b9846be983bc,2d66865ed6aa82a3ed5458efb7e4f591265ed613c7c806cecce009eab95b0643b04c4258ebaa7abb2fb6e31998f1979058c9cdaa7d78fd84c7050576c38beb6f
Animal Yokochō: Doki Doki Shinkyū Shiken! no Maki,アニマル横町 どき★どき進級試験!の巻,Animal Yokochō: Doki Doki Shinkyū Shiken! no Maki,アニマル横町 どき★どき進級試験!の巻,animalyokochoudokidokishinkyuushikennomaki,Japan,2006-05-18,Konami,Konami,#players:2:vs #genre:puzzle>drop #addon:link>gbalinkcable #embedded:backup>flashram #save:backup #based:manganime #lang:ja,5055f42473ed3f2977288181a460b963,dbd694ad42c8f483d1ddab2f73ca1515951f5298,5bc28bab88c472898b678fb5562ea1e90d05c98029d2a40c8b04dd9dbcabcc80,cdeca54e8b1a992c99c7fc33a9d9438b234571fbf8a063fe380aab163aaae93d0fb7bd582b0e644f7da39b2869c9bdc2f34266ade9dcbe04916dd787e7d67f2f
Animaniacs: Lights‚ Camera‚ Action!,=,Animaniacs: Lights‚ Camera‚ Action!,=,animaniacslightscameraaction,Europe,2005-08-12,Warthog,Ignition,#players:2:vs #genre:action>platformer:adventure #addon:link>gbalinkcable #save:password #based:looneytunes #lang:en:fr:de:es:it,4075c0553f360e180cf9efc899b1d8bc,85dd6bd76f285fac7ddbd729b76fbd5ed83e62cc,767f3490813340486b3943c87617a857c14ea28a029d020dc1b1cea3d771093f,88c47ebf9a904f68e5a963daab0619c2303e0135504f5177edc82e9e44730d6c3df1d322782713bed67c697e977eb7424d6407794913fb3e349148ba6744ae56
Antz: Extreme Racing,=,Antz: Extreme Racing,=,antzextremeracing,Europe,2002-07-26,Magic Pockets,LSP,#players:2:vs #genre:racing>combat #addon:link>gbalinkcable #save:password #based:movie #lang:en:fr:de:es:it:nl,4f6338b585af7dd74fe5aad98e0ba176,68fca49cba74dc108f50ec762ab91b6dff5a92b8,6278fa804867a8f4f792d48fd8f54f217b0ea4405c64605e6cec383b05aff53d,846b437a5f7e3773a4b8838e54f953cfcc9f37d2fff63e3883ca0feea54e02a8d6efb6f6e6b8fea05f1843fe35db745fbc64ef42419306ec247a835cbfa9ea80
Antz: Extreme Racing,=,Antz: Extreme Racing,=,antzextremeracing,USA,2002-11-20,Magic Pockets,Empire,#players:2:vs #genre:racing>combat #addon:link>gbalinkcable #save:password #based:movie #lang:en,c33cd0b752e2305becd03604dbd90293,ad6ded0f643457d652292bb97e30b1ad442e41da,9bf8c74c87b57205f03501648d297fc9cab6c24f1a5c2be6cddc8db842e7d564,53f7b0e61b774d0516462db1202808ab491d5816fc90fc1b3bb709135eef85c41c0dc438f6e97cb83d6a0d0393ccf6734055ca246c5d3c33bef1164b2eccac9e
Ao-Zora to Nakama-tachi: Yume no Bōken,アオ・ゾーラと仲間たち 夢の冒険,Ao-Zora to Nakama-tachi: Yume no Bōken,アオ・ゾーラと仲間たち 夢の冒険,aozoratonakamatachiyumenobouken,Japan,2002-12-13,M²TO,M²TO,#players:1 #genre:action>platformer:adventure #embedded:backup>eeprom #save:backup #search:keyword>brand #lang:ja,e712dc279aa30550031982b9fdc76d87,0e6c92477793ce495caa400899effb4f87384f3c,9686b20f0aed537c373262a95f886cc02bb8f6a02d9c9a1b7a60096ec75e0cfd,1cdb96c46f6c1a767547cfd2dae1a9df3bc3d158c26e1994a4629bac9ca77ebfb47c6c05f10da4a8afed4501307ebb06ebff779b0f725df148b84a0e7c147ac0
Archer Maclean's 3D Pool,=,Archer Maclean Presents Pool,=,archermacleans3dpool,USA,2004-11-03,Awesome,Ignition,#players:2:vs #genre:parlor>billiards #search:keyword>endorsed #port:commodore>amiga #lang:en,78fda8ce4a49d92f1a7ef3cfd6ae7dfb,5b1dcab6984d454e3ed3f3fe107f43a645283c0f,991aa6a3b6a060889a6ae0f6a8d04c957f5224df0cd34ee08535043a29c15a1c,bfbb10c5b15f9395f652ab22a393c1eb355e00c9717e08c91b9770f6fc5404e3c9c3459dc9a5b623ba3c22676861e439282dbb12779f138b3c66215d7c972793
Arctic Tale,=,Arctic Tale,=,arctictale,USA,2007-10-10,Atomic Planet,DSI,#players:1 #genre:action:adventure:minigames:parlor>mogurataiji #save:password #based:movie #lang:en,bbeaf2fca8691cf29cae2e7bcf6ff69f,9654a5c6a40b946c35cc9e09aae48bdd47ea7692,a707238e89d35deddcaa0bed1687d77b9f784fb5515ebb764c8ad2e89618880d,b92ae1f45bf5c84a1e79290423bfb0a30f5fc104e624ce10ad01581f3f49b258038c875511971ab069bc2cf061758dad7bb95f7f19fe25dd14191b8e8d736b68
Army Men Advance,=,Army Men Advance,=,armymenadvance,Europe,2001-06-15,Digital Creations,3DO,#players:1 #genre:action>runandgun #save:password #lang:en:fr:de:es:it,30ff69a44658fcf2cc381736403e74ef,43cd22c8e5832790b0cdbdcf0e11859021747342,d49331d145b3a191b2844a06e803d3894804f7541a9d623a039b1e4ea84dac97,b2496d1f70c5c4a96133527b91bc0e63be4e2d64ecd86beca48e8da3bb5bffa14ad2cdcce8562895ec0548f8697c16bb2360cda12a80f6333ff00f020d99c69b
Army Men Advance,=,Army Men Advance,=,armymenadvance,USA,2001-06-05,Digital Creations,3DO,#players:1 #genre:action>runandgun #save:password #lang:en:fr:de:es:it,30ff69a44658fcf2cc381736403e74ef,43cd22c8e5832790b0cdbdcf0e11859021747342,d49331d145b3a191b2844a06e803d3894804f7541a9d623a039b1e4ea84dac97,b2496d1f70c5c4a96133527b91bc0e63be4e2d64ecd86beca48e8da3bb5bffa14ad2cdcce8562895ec0548f8697c16bb2360cda12a80f6333ff00f020d99c69b
Army Men: Operation Green,=,Army Men: Operation Green,=,armymenoperationgreen,USA,2001-12-01,Pocket Studios,3DO,#players:1 #genre:action>runandgun #save:password #lang:en:fr:de:es:it,60eb386e45d38b41fa10cd2535f681d8,b0fa4769cddbc66bc333ad45658524a4aeeec755,c0e1f5f998728d02f81012e06e9e2342e7908ae4b5d42384ae11fd01d70889fa,a15806f3372fde72a0218beaa24b253516ea3b5e76370302a76f7d8e53dee5e7e3553bd5534f9aaf824d7e2d28744c79c1511971f66113f19c6f5728d439d018
Army Men: Turf Wars,=,Army Men: Turf Wars,=,armymenturfwars,USA,2002-09-29,Möbius,3DO,#players:4:coop:vs #genre:action>runandgun #addon:link>gbalinkcable #embedded:backup>eeprom #save:backup #lang:en,d3e4164a9c709dbed2bf24e09170fc77,43bfc86185a06d9d9c27686ad8cb650288b716ae,876b52a1a73e3a8e7fad461f0cc1e4aff2be16786abc7947cb1c2a8aa731dabc,76190a3e94a66fc631c76681b3ab48deb5aafe07240ea268149e7b8bff1e72b0ece0cb76880f849590e71ee7b8078a0bfc5ca193afd0b610907b5b5cae08b1a5
Around the World in 80 Days,=,Around the World in 80 Days,=,aroundtheworldin80days,Europe,2004-10-15,Saffire,Hip,#players:1 #genre:action>hackandslash>platformer #save:password #based:movie #lang:en:fr:de:es:it:nl,34254b26f28ea5cec1463576ff474fe8,19c3964fc87f104e12da591bd91bb182c1092a76,1f0786e3a323ef142664ef9493dc051d2f3dfb1a1e5655d283c43a869ddef67e,884efc516f54955d606a5a350f93aeeed81f3f70784a1ad20598078b2e2599e70de9aef8f542612c22c05bc9fd4d0acbef272b70b2c2529b85239d09658cf316
Le Tour du Monde en 80 Jours,=,Around the World in 80 Days,=,aroundtheworldin80days,France,2004-10-15,Saffire,Hip,#players:1 #genre:action>hackandslash>platformer #save:password #based:movie #reboxed #lang:en:fr:de:es:it:nl,34254b26f28ea5cec1463576ff474fe8,19c3964fc87f104e12da591bd91bb182c1092a76,1f0786e3a323ef142664ef9493dc051d2f3dfb1a1e5655d283c43a869ddef67e,884efc516f54955d606a5a350f93aeeed81f3f70784a1ad20598078b2e2599e70de9aef8f542612c22c05bc9fd4d0acbef272b70b2c2529b85239d09658cf316
Around the World in 80 Days,=,Around the World in 80 Days,=,aroundtheworldin80days,USA,2004-06-05,Saffire,Hip,#players:1 #genre:action>hackandslash>platformer #save:password #based:movie #lang:en,ff81ee924f0b66ca6e1743c056ea0782,a3649682ef8a2378767154b37ca854d615305646,f3c3586a824ac671c2571b6c73392f1694a7fb425628b166cc482bc0bd72b4a5,6ed51a76321e28e7b77298c39254c89bf9888a430955fb54a443ab71f1650770f29520f297237bef67a71a4718470eac7994f4e2452355345ad33d2fd7abf5a8
Arthur and the Invisibles,=,A,=,arthurandtheminimoys,USA,2007-01-09,Mistic,Atari,#players:1 #genre:action>platformer:adventure #embedded:backup>eeprom #save:backup #based:movie #lang:en:fr:es,3f78374401030fbbc41fb8b9b6d3a99f,6173ea7e00497e7a908a97e64cb4bc86396e8459,c17e876e6caf7300b12607265ebd6f3ec4babc507dceae2e7c606cf732bfd9bb,f029e160407c5ca7bccf639975035163190ff0ad9a5f50950ecf5623dd5a4ca1d2cf309ff1134241713eb5e1a071b798d183b857e86d523b8a1e0975e0f6ad1a
Arthur and the Minimoys,=,A,=,arthurandtheminimoys,Europe,2007-02-02,Mistic,Atari,#players:1 #genre:action>platformer:adventure #embedded:backup>eeprom #save:backup #based:movie #lang:en:fr:de:es:it:nl,55e5315f7c8b8dd97482e90e111a1fba,32e91c705b1244f94361dacd777c8d11d726e068,581319dc604999ba2c9222ebd6bb75e9a6e1764597b0530d80c51acff6c78f00,514aa162936c58a9d7795e29e435ace40d0bd72fa240829e4ea79fc854604d429cc19207799f79c44b0f01f605e8ea35a0b21de1ca696892a86916a022efbcc8
Arthur e il Popolo dei Minimei,=,A,=,arthurandtheminimoys,Italy,2007-02-02,Mistic,Atari,#players:1 #genre:action>platformer:adventure #embedded:backup>eeprom #save:backup #based:movie #reboxed #lang:en:fr:de:es:it:nl,55e5315f7c8b8dd97482e90e111a1fba,32e91c705b1244f94361dacd777c8d11d726e068,581319dc604999ba2c9222ebd6bb75e9a6e1764597b0530d80c51acff6c78f00,514aa162936c58a9d7795e29e435ace40d0bd72fa240829e4ea79fc854604d429cc19207799f79c44b0f01f605e8ea35a0b21de1ca696892a86916a022efbcc8
Arthur et les Minimoys,=,A,=,arthurandtheminimoys,France,2007-02-02,Mistic,Atari,#players:1 #genre:action>platformer:adventure #embedded:backup>eeprom #save:backup #based:movie #reboxed #lang:en:fr:de:es:it:nl,55e5315f7c8b8dd97482e90e111a1fba,32e91c705b1244f94361dacd777c8d11d726e068,581319dc604999ba2c9222ebd6bb75e9a6e1764597b0530d80c51acff6c78f00,514aa162936c58a9d7795e29e435ace40d0bd72fa240829e4ea79fc854604d429cc19207799f79c44b0f01f605e8ea35a0b21de1ca696892a86916a022efbcc8
Arthur und die Minimoys,=,A,=,arthurandtheminimoys,Germany,2007-02-02,Mistic,Atari,#players:1 #genre:action>platformer:adventure #embedded:backup>eeprom #save:backup #based:movie #reboxed #lang:en:fr:de:es:it:nl,55e5315f7c8b8dd97482e90e111a1fba,32e91c705b1244f94361dacd777c8d11d726e068,581319dc604999ba2c9222ebd6bb75e9a6e1764597b0530d80c51acff6c78f00,514aa162936c58a9d7795e29e435ace40d0bd72fa240829e4ea79fc854604d429cc19207799f79c44b0f01f605e8ea35a0b21de1ca696892a86916a022efbcc8
Arthur y los Minimoys,=,A,=,arthurandtheminimoys,Spain,2007-02-02,Mistic,Atari,#players:1 #genre:action>platformer:adventure #embedded:backup>eeprom #save:backup #based:movie #reboxed #lang:en:fr:de:es:it:nl,55e5315f7c8b8dd97482e90e111a1fba,32e91c705b1244f94361dacd777c8d11d726e068,581319dc604999ba2c9222ebd6bb75e9a6e1764597b0530d80c51acff6c78f00,514aa162936c58a9d7795e29e435ace40d0bd72fa240829e4ea79fc854604d429cc19207799f79c44b0f01f605e8ea35a0b21de1ca696892a86916a022efbcc8
Ashita no Joe: Makka ni Moeagare!,あしたのジョー 真っ赤に燃え上がれ!,Ashita no Joe: Makka ni Moeagare!,あしたのジョー 真っ赤に燃え上がれ!,ashitanojoemakkanimoeagare,Japan,2003-12-04,Konami,Konami,#players:2:vs #genre:fighting:sim:sports>boxing #addon:link>gbalinkcable #embedded:backup>flashram #save:backup #based:manganime #lang:ja,bdc2a5d8d58449ccfd2557443b1cd026,9bb086529590f2925800c4fa932c8f8403c62967,bf9a622dfbaef8ccfdd6cf1b43f90f5246fc665f7a21b1862f6febbdd112a2cf,165839a2d8ead38348ed292391f0a96423d108ff5bcc2b89a183dfa7e68b8367e8d62e99328eb81f5edafbc0ebcd657a6b041dc2a23cfbf31965becbacb9f9f1
Astérix & Obélix: Bash Them All!,=,Astérix & Obélix: Bash Them All!,Astérix & Obélix: Paf! Par Toutatis! / Astérix & Obélix: Bash Them All! / Astérix & Obélix: Jetzt Geht's Rund! / Astérix & Obélix: Paf! Them All! / Astérix & Obélix: Paf! ¡Por Tutatis,asterixetobelixpafpartoutatis,Europe,2002-01-25,Bit Managers,Infogrames/Atari,#players:2:coop #genre:brawler:action>platformer>hackandslash:minigames #addon:link>gbalinkcable #save:password #based #search:feature>asterix #port:nintendo>gameboy #compilation:asterixetcleopatre:asterixandobelix #lang:en:fr:de:es:it:nl,27dfc6912ed8bbd27a5b5b32a62a4916,9c6fc07a77b0cb8a7265147fdb83b0e6d1d629df,6f54ab6ca7f23349b18ec37bb9e734ca2b17f5020c7497b814517315d1b8f1ac,1903efe4e38025d77c15f2b26aa4744ae29ff270912a33e5429d09910aefe856d350088b4f4732552883c8bcf80f456909976c9206cb0625c2157f8d6acf63e4
Astérix & Obélix: Jetzt Geht's Rund!,=,Astérix & Obélix: Jetzt Geht's Rund!,Astérix & Obélix: Paf! Par Toutatis! / Astérix & Obélix: Bash Them All! / Astérix & Obélix: Jetzt Geht's Rund! / Astérix & Obélix: Paf! Them All! / Astérix & Obélix: Paf! ¡Por Tutatis,asterixetobelixpafpartoutatis,Germany,2002-01-25,Bit Managers,Infogrames/Atari,#players:2:coop #genre:brawler:action>platformer>hackandslash:minigames #addon:link>gbalinkcable #save:password #based #search:feature>asterix #port:nintendo>gameboy #compilation:asterixetcleopatre:asterixandobelix #reboxed #lang:en:fr:de:es:it:nl,27dfc6912ed8bbd27a5b5b32a62a4916,9c6fc07a77b0cb8a7265147fdb83b0e6d1d629df,6f54ab6ca7f23349b18ec37bb9e734ca2b17f5020c7497b814517315d1b8f1ac,1903efe4e38025d77c15f2b26aa4744ae29ff270912a33e5429d09910aefe856d350088b4f4732552883c8bcf80f456909976c9206cb0625c2157f8d6acf63e4
Astérix & Obélix: Paf! Par Toutatis!,=,Astérix & Obélix: Paf! Par Toutatis!,Astérix & Obélix: Paf! Par Toutatis! / Astérix & Obélix: Bash Them All! / Astérix & Obélix: Jetzt Geht's Rund! / Astérix & Obélix: Paf! Them All! / Astérix & Obélix: Paf! ¡Por Tutatis,asterixetobelixpafpartoutatis,France,2002-01-25,Bit Managers,Infogrames/Atari,#players:2:coop #genre:brawler:action>platformer>hackandslash:minigames #addon:link>gbalinkcable #save:password #based #search:feature>asterix #port:nintendo>gameboy #compilation:asterixetcleopatre:asterixandobelix #reboxed #lang:en:fr:de:es:it:nl,27dfc6912ed8bbd27a5b5b32a62a4916,9c6fc07a77b0cb8a7265147fdb83b0e6d1d629df,6f54ab6ca7f23349b18ec37bb9e734ca2b17f5020c7497b814517315d1b8f1ac,1903efe4e38025d77c15f2b26aa4744ae29ff270912a33e5429d09910aefe856d350088b4f4732552883c8bcf80f456909976c9206cb0625c2157f8d6acf63e4
Astérix & Obélix: Paf! Por Tutatis!,=,Astérix & Obélix: Paf! ¡Por Tutatis,Astérix & Obélix: Paf! Par Toutatis! / Astérix & Obélix: Bash Them All! / Astérix & Obélix: Jetzt Geht's Rund! / Astérix & Obélix: Paf! Them All! / Astérix & Obélix: Paf! ¡Por Tutatis,asterixetobelixpafpartoutatis,Spain,2002-01-25,Bit Managers,Infogrames/Atari,#players:2:coop #genre:brawler:action>platformer>hackandslash:minigames #addon:link>gbalinkcable #save:password #based #search:feature>asterix #port:nintendo>gameboy #compilation:asterixetcleopatre:asterixandobelix #reboxed #lang:en:fr:de:es:it:nl,27dfc6912ed8bbd27a5b5b32a62a4916,9c6fc07a77b0cb8a7265147fdb83b0e6d1d629df,6f54ab6ca7f23349b18ec37bb9e734ca2b17f5020c7497b814517315d1b8f1ac,1903efe4e38025d77c15f2b26aa4744ae29ff270912a33e5429d09910aefe856d350088b4f4732552883c8bcf80f456909976c9206cb0625c2157f8d6acf63e4
Astérix & Obélix: Paf! Them All!,=,Astérix & Obélix: Paf! Them All!,Astérix & Obélix: Paf! Par Toutatis! / Astérix & Obélix: Bash Them All! / Astérix & Obélix: Jetzt Geht's Rund! / Astérix & Obélix: Paf! Them All! / Astérix & Obélix: Paf! ¡Por Tutatis,asterixetobelixpafpartoutatis,Netherlands,2002-01-25,Bit Managers,Infogrames/Atari,#players:2:coop #genre:brawler:action>platformer>hackandslash:minigames #addon:link>gbalinkcable #save:password #based #search:feature>asterix #port:nintendo>gameboy #compilation:asterixetcleopatre:asterixandobelix #reboxed #lang:en:fr:de:es:it:nl,27dfc6912ed8bbd27a5b5b32a62a4916,9c6fc07a77b0cb8a7265147fdb83b0e6d1d629df,6f54ab6ca7f23349b18ec37bb9e734ca2b17f5020c7497b814517315d1b8f1ac,1903efe4e38025d77c15f2b26aa4744ae29ff270912a33e5429d09910aefe856d350088b4f4732552883c8bcf80f456909976c9206cb0625c2157f8d6acf63e4
Astérix & Obélix XXL,=,Astérix & Obélix XXL,=,asterixandobelixxxl,Europe,2004-06-18,Velez & Dubail,Atari,#players:1 #genre:action>hackandslash>platformer:adventure #embedded:backup>eeprom #save:backup #based #search:feature>asterix #lang:en:fr:de:es:it:nl,920882439cd994c2f0ab63d32a64eb80,7145d02143c1a81f6ea72063ac798642b2aaec3c,559331d2398113a5286448f595a21df1fb4e05ae40b2141c24bd9fa78d99a236,19247b783a2aee68a8ac71ab83e7128aaf057855295ace312a8452e090bc17863e1ca2d04f3a947db701f84ab7e132a9db82c8d1bafa768ed300b3c6cb6f25ff
Astérix & Obélix XXL,=,Astérix & Obélix XXL,=,asterixandobelixxxl,Europe,,Velez & Dubail,Atari,#players:1 #genre:action>hackandslash>platformer:adventure #embedded:backup>eeprom #save:backup #based #search:feature>asterix #lang:fr #unfinished:beta>1,9f511c25d8d14ffea0f381e157dab483,ba93d8ac8f61c8655665740bb1f6fce97657b50c,0ec9567ceba80b5561f168f299d787e18adc987652b63e2e2960f6661454d1b3,57ae7d65390e8bc2c6bc88fe5d649ce05d846bbb7ae4fb561a83f9a96b552a6c20f9f62b983a6881c7147474f89d3de32e315c5e82bb1b3bc126d2becdbcc333
Astérix & Obélix XXL,=,Astérix & Obélix XXL,=,asterixandobelixxxl,Europe,2004,Velez & Dubail,Atari,#players:1 #genre:action>hackandslash>platformer:adventure #embedded:backup>eeprom #save:backup #based #search:feature>asterix #lang:en:fr:de:es:it:nl #unfinished:beta>2,f1032ab0ecb48697ffd4d50b28cccf5f,5cd3d371b81ab1dfb4b01e1b3563117c5054b713,4720f372880d5f69990b05798c2672ce35b9f7d4d6fa90e4e2dd1e89ff710231,f32ce40d7f76d3e296574749dadc99895dffa70b5c700581a9fcad1eb4447c8698026cbaa61d0e3c8f7b6ced9c32515cbe2648a06ee70d765788ef2f41bd60a7
Asteroids & Pong & Yars' Revenge: Triple the Fun! 3 Games in One!,=,Asteroids / Pong / Yars' Revenge,=,asteroidspongyarsrevenge,Europe,2005-09-23,EC-i,Zoo,#players:2:vs:alt #genre:shmup:sports>pingpong #port:arcade #compilation:asteroids:pong:yarsrevenge #lang:en:fr:de:es:it,0ab0992240121f5e8f9a5d75aab79a15,5bc5699e3b877fda022a3a798b46f515ff4f32e6,79426feec0a6f9288981cefacb018ef83e5d52a43932eb5f14b5e54c37675a40,23c2ebee652f0db20a93ff91ad54faf8ea8588229098b335449b475393f16a4a7df8e2584727f12357f6782e60d1a33fc54fe07d5ad67cbdd9f4e234608d170b
Asteroids / Pong / Yars' Revenge: Triple the Fun! 3 Games in One!,=,Asteroids / Pong / Yars' Revenge,=,asteroidspongyarsrevenge,USA,2005-08-21,EC-i,DSI,#players:2:vs:alt #genre:shmup:sports>pingpong #port:arcade #compilation:asteroids:pong:yarsrevenge #lang:en,e0d9909f402dac923114675ce44d6b48,b437e06d271115df5897ee68caf826bce87d3c2a,04335e0ce15ec6114f6ec6893086b7d2aca649e9b0e3b5caf3adb2b25e9d7460,9b3cb8463ac202693ac664fa01cd059fbd1b42757d730287824e88ed94312f90a4b21d0acbafe875a17480bd7ca7c92eb7c273846b2501fcaf41fabb9471ae4b
Astro Boy: Omega Factor,=,Astro Boy: Omega Factor,Astro Boy: Omega Factor / Astro Boy 鉄腕アトム,astroboytetsuwanatomatomheartnohimitsu,Europe,2005-02-18,Hitmaker/Treasure,SEGA/THQ,#players:1 #genre:action>hackandslash>runandgun:shmup>h #embedded:backup>eeprom #save:backup #based:manganime #lang:en:ja:fr:de:es:it,8d5b5381539fcad4df2bc7902a432dee,9a4fc3533bbdb28fd5945bd1ee7d84d992eee12f,06ac840a438c61fe0e15d7b399358706a20d082a4e37d46666a7ca5b02fc55a9,589272a5b13c74766e68c7acae9312489f6700ba104e1d352ff135cffb91334176d7c3a535c8bc5eae9b0852cb9e29dc52fd404349240f9a57de8064862d04ff
Astro Boy: Omega Factor,=,Astro Boy: Omega Factor,Astro Boy: Omega Factor / Astro Boy 鉄腕アトム,astroboytetsuwanatomatomheartnohimitsu,USA,2004-08-18,Hitmaker/Treasure,SEGA,#players:1 #genre:action>hackandslash>runandgun:shmup>h #embedded:backup>eeprom #save:backup #based:manganime #lang:en:ja:fr:de:es:it,c518725055083f6096f3268cf608acda,4d652c24979dd7a08ee683b32d1d8986a5511a87,27d194147f65cc20319e8281e595f27309d7aef10571ba6fc13ab4375c4e9bcd,badd3da01c9bb7f39711a353b3bb4d52844ee4cee4c4f2bea2349020e967e00cb1397ceaef1210e2cc1933cc78af50c9032860714e3d6c80282a6a0de9d97b2c
Astro Boy: Tetsuwan Atom: Atom Heart no Himitsu,Astro Boy 鉄腕アトム アトムハートの秘密,Astro Boy: Tetsuwan Atom,Astro Boy 鉄腕アトム,astroboytetsuwanatomatomheartnohimitsu,Japan,2003-12-18,Hitmaker/Treasure,SEGA,#players:1 #genre:action>hackandslash>runandgun:shmup>h #embedded:backup>eeprom #save:backup #based:manganime #lang:ja,0e24f5e435b0cf651017103de24f4f92,ca16dc4044b9ae98a26c826bb3cc19a7e8315315,f269a5046863c7108726c036fe08521fce70c2c65b25bc67c16495eb7fc0b8f7,da72da1fa9a7998bee2635c1d5a202442832a63be8b56868a5618ca920cd82492fc2209a0618c6ebd63d6ba925a41dfb84b1909e212033f525fd9408dcb90d7e
Atari Anniversary Advance,=,Atari Anniversary Advance,=,atarianniversaryadvance,Europe,2003-02-14,Digital Eclipse,Infogrames,#players:2:alt #genre:shmup:action>blockbreaker:shooting>gallery>rail>fps:quiz #port:arcade #compilation:asteroids:battlezone:centipede:missilecommand:superbreakout:tempest:triviachallenge #lang:en,e91540a58d8c28d15137c7fc6504f78a,57ce9a691989503ff0b94f578664397385a471af,71816771ca9b5d934324ae0bb41b30f8d7a6720113f142e9eb5f739313ef2740,cd2069171a36bad397b6e430dcb1779d4b27fdf27d1b6bd6a8498e50d02c89da56a17e3224fb7169c5825a0b043067e2d1e77fd0c78583ba3f6a39db5c4a9b02
Atari Anniversary Advance,=,Atari Anniversary Advance,=,atarianniversaryadvance,USA,2003-03-25,Digital Eclipse,Infogrames,#players:2:alt #genre:shmup:action>blockbreaker:shooting>gallery>rail>fps:quiz #port:arcade #compilation:asteroids:battlezone:centipede:missilecommand:superbreakout:tempest:triviachallenge #lang:en,5557fb798b7e5b05016d8269ddb9e20b,aba3caa1f7ef8df5036ed735916fa04f74f2f29f,969ef0f31b79318186fa9c0afbe645bfc5b5fd95faaa06fd495765dc7906611a,00555a25e26a5186f94d1077e94e6230896d26bc27ebfb85df9877bad9e68a729c4f58ef2f45684608ee0ad09131741fd3c04bfed3d0d659e6c5d63bce0c4b9c
Atlantide: L'Empire Perdu,Disney: Atlantide: L'Empire Perdu,Atlantide: L'Empire Perdu,Disney's Atlantis: The Lost Empire / Disney's Atlantide: L'Empire Perdu / Disney's Atlantis: El Imperio Perdido / Disney's Atlantis: Das Geheimnis der Verlorenen Stadt / Disney's Atlantis: L'Impero Perduto / Disney's Atlantis: De Verzonken Stad,atlantisthelostempiregba,France,2001-10-19,3d6,THQ,#players:1 #genre:action>platformer #save:password #based:movie:disney #lang:en:fr:de:es:it:nl,45f0b97050a666ce7ab4e3960929f47b,93624eaa9a80cdb791bd14955b55dd7c58c4abbd,398962efa1771a9280c5a56b51b6e8a3f5e45c292b779dd5b033427a4f342a64,7b61ff0194c4cc532379d0532dd933adb2a4d7e66a9828091aa88dc57ec8606a4c6e2e4daefb107981b45a21a18f2a73e00a8a4faceaa9bc5294cfe68b027600
Atlantis: El Imperio Perdido,Disney: Atlantis: El Imperio Perdido,Atlantis: El Imperio Perdido,Disney's Atlantis: The Lost Empire / Disney's Atlantide: L'Empire Perdu / Disney's Atlantis: El Imperio Perdido / Disney's Atlantis: Das Geheimnis der Verlorenen Stadt / Disney's Atlantis: L'Impero Perduto / Disney's Atlantis: De Verzonken Stad,atlantisthelostempiregba,Spain,2001-10-19,3d6,THQ,#players:1 #genre:action>platformer #save:password #based:movie:disney #reboxed #lang:en:fr:de:es:it:nl,45f0b97050a666ce7ab4e3960929f47b,93624eaa9a80cdb791bd14955b55dd7c58c4abbd,398962efa1771a9280c5a56b51b6e8a3f5e45c292b779dd5b033427a4f342a64,7b61ff0194c4cc532379d0532dd933adb2a4d7e66a9828091aa88dc57ec8606a4c6e2e4daefb107981b45a21a18f2a73e00a8a4faceaa9bc5294cfe68b027600
Atlantis: Das Geheimnis der Verlorenen Stadt,Disneys Atlantis: Das Geheimnis der Verlorenen Stadt,Atlantis: Das Geheimnis der Verlorenen Stadt,Disney's Atlantis: The Lost Empire / Disney's Atlantide: L'Empire Perdu / Disney's Atlantis: El Imperio Perdido / Disney's Atlantis: Das Geheimnis der Verlorenen Stadt / Disney's Atlantis: L'Impero Perduto / Disney's Atlantis: De Verzonken Stad,atlantisthelostempiregba,Germany,2001-10-19,3d6,THQ,#players:1 #genre:action>platformer #save:password #based:movie:disney #reboxed #lang:en:fr:de:es:it:nl,45f0b97050a666ce7ab4e3960929f47b,93624eaa9a80cdb791bd14955b55dd7c58c4abbd,398962efa1771a9280c5a56b51b6e8a3f5e45c292b779dd5b033427a4f342a64,7b61ff0194c4cc532379d0532dd933adb2a4d7e66a9828091aa88dc57ec8606a4c6e2e4daefb107981b45a21a18f2a73e00a8a4faceaa9bc5294cfe68b027600
Atlantis: L'Impero Perduto,Disney: Atlantis: L'Impero Perduto,Atlantis: L'Impero Perduto,Disney's Atlantis: The Lost Empire / Disney's Atlantide: L'Empire Perdu / Disney's Atlantis: El Imperio Perdido / Disney's Atlantis: Das Geheimnis der Verlorenen Stadt / Disney's Atlantis: L'Impero Perduto / Disney's Atlantis: De Verzonken Stad,atlantisthelostempiregba,Italy,2001-10-19,3d6,THQ,#players:1 #genre:action>platformer #save:password #based:movie:disney #reboxed #lang:en:fr:de:es:it:nl,45f0b97050a666ce7ab4e3960929f47b,93624eaa9a80cdb791bd14955b55dd7c58c4abbd,398962efa1771a9280c5a56b51b6e8a3f5e45c292b779dd5b033427a4f342a64,7b61ff0194c4cc532379d0532dd933adb2a4d7e66a9828091aa88dc57ec8606a4c6e2e4daefb107981b45a21a18f2a73e00a8a4faceaa9bc5294cfe68b027600
Atlantis: De Verzonken Stad,Disney's Atlantis: De Verzonken Stad,Disney's Atlantis: De Verzonken Stad,Disney's Atlantis: The Lost Empire / Disney's Atlantide: L'Empire Perdu / Disney's Atlantis: El Imperio Perdido / Disney's Atlantis: Das Geheimnis der Verlorenen Stadt / Disney's Atlantis: L'Impero Perduto / Disney's Atlantis: De Verzonken Stad,atlantisthelostempiregba,Netherlands,2001-10-19,3d6,THQ,#players:1 #genre:action>platformer #save:password #based:movie:disney #reboxed #lang:en:fr:de:es:it:nl,45f0b97050a666ce7ab4e3960929f47b,93624eaa9a80cdb791bd14955b55dd7c58c4abbd,398962efa1771a9280c5a56b51b6e8a3f5e45c292b779dd5b033427a4f342a64,7b61ff0194c4cc532379d0532dd933adb2a4d7e66a9828091aa88dc57ec8606a4c6e2e4daefb107981b45a21a18f2a73e00a8a4faceaa9bc5294cfe68b027600
Atlantis: The Lost Empire,Disney's Atlantis: The Lost Empire,Atlantis: The Lost Empire,Disney's Atlantis: The Lost Empire,atlantisthelostempiregba,United Kingdom/Ireland,2001-10-19,3d6,THQ,#players:1 #genre:action>platformer #save:password #based:movie:disney #lang:en,b56f85ff2f37c51acd2e2561abbccb64,10d77cb1f9cb1f6670367dda9b6a88909e39b322,230fe03e2645503c2657144df8085ad7eca03a62b812f01e9c49158c830046f9,7e0ffbc7fac41778e2a5132120df725bda1780f358f1a17d1e774fb0fcfd547865e7dbe43e3e760d27f6fef540321162ff6507631c1962e224650fc211843bad
Atlantis: The Lost Empire,Disney's Atlantis: The Lost Empire,Atlantis: The Lost Empire,Disney's Atlantis: The Lost Empire,atlantisthelostempiregba,USA,2001-09-19,3d6,THQ,#players:1 #genre:action>platformer #save:password #based:movie:disney #lang:en,b56f85ff2f37c51acd2e2561abbccb64,10d77cb1f9cb1f6670367dda9b6a88909e39b322,230fe03e2645503c2657144df8085ad7eca03a62b812f01e9c49158c830046f9,7e0ffbc7fac41778e2a5132120df725bda1780f358f1a17d1e774fb0fcfd547865e7dbe43e3e760d27f6fef540321162ff6507631c1962e224650fc211843bad
Atomic Betty,=,Atomic Betty,=,atomicbetty,Europe,2005-08-25,Breakthrough/Big Blue Bubble,Atari,#players:1 #genre:action:puzzle #save:password #based #lang:en,a3dd3b98ad5049503af18f80c84731fc,59e7400802ab634065b9674de3f437ddf8309d6e,e85966aef5fded854a4c1d833f6ef6750a466975402b9f3bd87eead4bc96aa35,574024392c92dda63666a236f5c9c178a7e172fd0d4aa9478ff73c47dac80d7089ffdcb6fb041c862fbd2e593d21c49df1f885cd28547898952cf345ab342acd
Atomic Betty,=,Atomic Betty,=,atomicbetty,USA,2005-10-25,Breakthrough/Big Blue Bubble,NAMCO,#players:1 #genre:action:puzzle #save:password #based #lang:en,a3dd3b98ad5049503af18f80c84731fc,59e7400802ab634065b9674de3f437ddf8309d6e,e85966aef5fded854a4c1d833f6ef6750a466975402b9f3bd87eead4bc96aa35,574024392c92dda63666a236f5c9c178a7e172fd0d4aa9478ff73c47dac80d7089ffdcb6fb041c862fbd2e593d21c49df1f885cd28547898952cf345ab342acd
Atomic Betty,=,Atomic Betty,=,atomicbetty,USA/Europe,2005,Breakthrough/Big Blue Bubble,Atari,#players:1 #genre:action:puzzle #save:password #based #lang:en #unfinished:beta,4dba5a79f79b2ce6189a02ce8a0d4fed,1dfa6ad1bdc0ee52b4e53c78f29d92ec208db1b1,b4a4a48e4af993226b4fbb280a322ea1bab2cb8110b82ef26a016a608aa02c41,3c4bfac9454e8e92967a9cba54dd361c6fec62d9bd119a3eda61c37be5aec71c81a9d9b0f48ba0feabbad1c689730512872200b93b4d8f9c789b66b85e9e3ce1
ATV: Quad Power Racing,=,ATV: Quad Power Racing,=,atvquadpowerracing,Europe,2002-12-06,Tantalus,Liquid/Crave,#players:1 #genre:racing #save:password #lang:en:fr:de:es:it,06ae9bc5a49c1f5edac5f5dbdd30882d,2234f23928c871b00bd48bdcdd5273362d4e0cdc,df59ef9218250c685b0b7dfad83618fe65f7a78b8bdf6117dc9e07fbf58bb983,ade5cf2e010880ee4e167448d4d699fdd49e5f0d4819839bb9444321af2fee745109ce0b2fbd3a380c6fc84fdd02d655dcf152fe87bb7aed339a6cbb48f18aa1
ATV: Quad Power Racing,=,ATV: Quad Power Racing,=,atvquadpowerracing,USA,2002-08-20,Tantalus,Acclaim,#players:1 #genre:racing #save:password #lang:en,b295f02a07f00f80669352767242268f,43a2c71b1f3b4085adee648e5a409be4517cd7bb,38a4591cb8d1234ee9952d0d9444edc9772949f65db14cb94693196e4d042a90,418ad0006aa60e6c792eaa561f0955aaeac978882a106abaa0552d8c889c9e3d9694d6482f91b43ffe75b8cf8cf23809e23fa90af0e6d394a07dc1be8e21b457
ATV: Thunder Ridge Riders,=,ATV: Thunder Ridge Riders,=,atvthunderridgeriders,Europe,2006-12-01,Skyworks,Zoo,#players:1 #genre:racing #save:password #lang:en:fr:de:es:it,7a0a429dc61a06bbaf62d867910e50cb,6cfd6fac87b8414913a9d48dfa947dd061cbdaad,116a078c1101e2532e4eb6b5d1db3b41c9265127318c40fca85512af077236be,f8702e03d9f195be832127c51ee463ddd1264e3ef3be133f2d806ae02c835364fe61a7d86a42bbee6a93e5656b829f9ad25cf595d729a2779184d3e4b28206b7
ATV: Thunder Ridge Riders,=,ATV: Thunder Ridge Riders,=,atvthunderridgeriders,USA,2006-09-05,Skyworks,DSI,#players:1 #genre:racing #save:password #lang:en,c741f6e950240d0d66aeb60e81fae12d,40559b783a555f4d59f6380ee69c3dd7dfd35b73,62da81c6c7dd5658e5895ba1fadf6b7b089cf19d859dd79bf1212f4edd890fa1,4721155f6d60d6e49c492ee19d17ed8f129b2a17d9a240f2c71d0be4c78f0f0e04e589b09effed8460b29d8a82e19b4a9b9755f2f65c8af1154946fa0f3d84c8
Avatar: The Last Airbender,Avatar: The Last Airbender 降卋神通,Avatar: The Last Airbender,Avatar: The Last Airbender 降卋神通,avatarthelastairbender,USA,2006-10-10,Halfbrick,THQ,#players:1 #genre:action:adventure #embedded:backup>eeprom #save:backup #based #lang:en,c19779d04914fae7268bfb8b47b8b048,9d864e9b3ccce4e5e1b1c566afa0d06088e88dfd,67df1edd696bfefa9f169ab03f1eca300c0efa336acf0da7fff8499d69fbe99a,9c3b0e17fdba87cede18ee575407d854d87fb75e46a94c346dc39dd73d284159700fe9308907434cefecf38e87b47961d4f6da2fce2340dcd5b716efc84ce1f8
Avatar: The Last Airbender: The Burning Earth,Avatar: The Last Airbender: The Burning Earth 降卋神通,Avatar: The Last Airbender: The Burning Earth,Avatar: The Last Airbender: The Burning Earth 降卋神通,avatarthelastairbendertheburningearth,USA,2007-10-16,Halfbrick,THQ,#players:1 #genre:action:adventure #save:password #based #lang:en,068b542444b3ad28e75be4087a754b58,788d5e92806017f0f2b1b9e127759515141aef2a,28341daec417bfdbe1826813b3672c0398ecc5eb10874029e73f6d39bdd1bc03,9157c0ff4b8e11152d9da58f110ae57138bc9e83d167827dfeda0c703183962d3fb22b53503e9f819748b8194b4b822532a56e98d534c221c7dd0e1ff93f0361
Avatar: The Legend of Aang,Avatar: The Legend of Aang 降卋神通,Avatar: The Legend of Aang,Avatar: The Legend of Aang 降卋神通 / Avatar: Le Dernier Maître de l'Air / Avatar: Der Herr der Elemente 降卋神通 / Avatar: De Legende van Aang 降卋神通,avatarthelastairbender,Europe,2007-02-09,Halfbrick,THQ,#players:1 #genre:action:adventure #embedded:backup>eeprom #save:backup #based #lang:en:fr:de:nl,ef9198e16c58c4824efae668da1e7040,4a62dfaaa562b23d4f851d3bb483d0fbf67894af,cba4921f25f074dbc93105d94842e3e21989806b91f95cd5fb8fcd269a347dfa,05a17764ee781854127e43702f3552f65c662ec6d13f154849cb7e415ca7f506b58dd81e0d16e945ff92d8b59e6d1492cd24c37b8c7150779c69a5c7c29a9848
Avatar: Le Dernier Maître de l'Air,Avatar: Le Dernier Maître de l'Air 降卋神通,Avatar: Le Dernier Maître de l'Air,Avatar: The Legend of Aang 降卋神通 / Avatar: Le Dernier Maître de l'Air / Avatar: Der Herr der Elemente 降卋神通 / Avatar: De Legende van Aang 降卋神通,avatarthelastairbender,France,2007-02-09,Halfbrick,THQ,#players:1 #genre:action:adventure #embedded:backup>eeprom #save:backup #based #reboxed #lang:en:fr:de:nl,ef9198e16c58c4824efae668da1e7040,4a62dfaaa562b23d4f851d3bb483d0fbf67894af,cba4921f25f074dbc93105d94842e3e21989806b91f95cd5fb8fcd269a347dfa,05a17764ee781854127e43702f3552f65c662ec6d13f154849cb7e415ca7f506b58dd81e0d16e945ff92d8b59e6d1492cd24c37b8c7150779c69a5c7c29a9848
Avatar: Der Herr der Elemente,Avatar: Der Herr der Elemente 降卋神通,Avatar: Der Herr der Elemente,Avatar: The Legend of Aang 降卋神通 / Avatar: Le Dernier Maître de l'Air / Avatar: Der Herr der Elemente 降卋神通 / Avatar: De Legende van Aang 降卋神通,avatarthelastairbender,Germany,2007-02-09,Halfbrick,THQ,#players:1 #genre:action:adventure #embedded:backup>eeprom #save:backup #based #reboxed #lang:en:fr:de:nl,ef9198e16c58c4824efae668da1e7040,4a62dfaaa562b23d4f851d3bb483d0fbf67894af,cba4921f25f074dbc93105d94842e3e21989806b91f95cd5fb8fcd269a347dfa,05a17764ee781854127e43702f3552f65c662ec6d13f154849cb7e415ca7f506b58dd81e0d16e945ff92d8b59e6d1492cd24c37b8c7150779c69a5c7c29a9848
Avatar: De Legende van Aang,Avatar: De Legende van Aang 降卋神通,Avatar: De Legende van Aang,Avatar: The Legend of Aang 降卋神通 / Avatar: Le Dernier Maître de l'Air / Avatar: Der Herr der Elemente 降卋神通 / Avatar: De Legende van Aang 降卋神通,avatarthelastairbender,Netherlands,2007-02-09,Halfbrick,THQ,#players:1 #genre:action:adventure #embedded:backup>eeprom #save:backup #based #reboxed #lang:en:fr:de:nl,ef9198e16c58c4824efae668da1e7040,4a62dfaaa562b23d4f851d3bb483d0fbf67894af,cba4921f25f074dbc93105d94842e3e21989806b91f95cd5fb8fcd269a347dfa,05a17764ee781854127e43702f3552f65c662ec6d13f154849cb7e415ca7f506b58dd81e0d16e945ff92d8b59e6d1492cd24c37b8c7150779c69a5c7c29a9848
Avatar: The Legend of Aang: The Burning Earth,Avatar: The Legend of Aang: The Burning Earth 降卋神通,Avatar: The Legend of Aang: The Burning Earth,Avatar: The Legend of Aang: The Burning Earth 降卋神通 / Avatar: Der Herr der Elemente: Die Erde Brennt 降卋神通,avatarthelastairbendertheburningearth,Europe,2007,Halfbrick,THQ,#players:1 #genre:action:adventure #save:password #based #lang:en:de,50dc6c7ea18f906e0f1edad4dad8b442,f26d1394a6775db61d84013780a0b97fed6c7f30,0a5e8a496ab43951120e9a14d3fa4d4a4c3caf15eee97a601adf764c75bfa719,58091bb1229668af56f8f8d7f5d7d2c6e93d5132fe9f370c50170d5c7f974e46f9e061dcd0cccec75e0bcaa27255bf78ba74738400f5b65743447349b19dfaeb
Avatar: Der Herr der Elemente: Die Erde Brennt,Avatar: Der Herr der Elemente: Die Erde Brennt 降卋神通,Avatar: Der Herr der Elemente: Die Erde Brennt,Avatar: The Legend of Aang: The Burning Earth 降卋神通 / Avatar: Der Herr der Elemente: Die Erde Brennt 降卋神通,avatarthelastairbendertheburningearth,Germany,2007,Halfbrick,THQ,#players:1 #genre:action:adventure #save:password #based #reboxed #lang:en:de,50dc6c7ea18f906e0f1edad4dad8b442,f26d1394a6775db61d84013780a0b97fed6c7f30,0a5e8a496ab43951120e9a14d3fa4d4a4c3caf15eee97a601adf764c75bfa719,58091bb1229668af56f8f8d7f5d7d2c6e93d5132fe9f370c50170d5c7f974e46f9e061dcd0cccec75e0bcaa27255bf78ba74738400f5b65743447349b19dfaeb
Azumanga Daiō Advance,あずまんが大王 The Animation アドバンス,Azumanga Daiō Advance,あずまんが大王 The Animation アドバンス,azumangadaiouadvance,Japan,2003-04-25,King Records,King Records,#players:1 #genre:sim>cardgame #embedded:backup>eeprom #save:backup #based:manganime #lang:ja,34a82a7281e62fdf2051b95dc0df0488,95b266e8ecdae1938cd180f597e5f21cb86d8b96,79cff161162c711db02bca0057f8d2371a659a88deb72dd274edf80a2e5cc26e,a5f2274cf39722e0f56c308fbcc6df0666dfe3cb3dc5531aeda3b1e3a7617a7e81fa49347fe9b1141f2b3e0a55e5898452676299c9054b1662eeb2bef95c2816
Babar to the Rescue,=,Babar to the Rescue,Babar to the Rescue / Babar: Der große Helter / Babar: À la Rescousse / Babar til Undsætning,babartotherescue,Europe,2006-05-26,Sirius,The Game Factory,#players:1 #genre:action:adventure #embedded:backup>eeprom #save:backup #based #lang:en:fr:de:da,7f92ca61a904f2902fa44b622ce2601a,06d6265df757731b5ad59b8e6e5b9701e703e54b,a56126dd7bd3dd8cd81b710a0e57d5e43c929e7c89942b237986af0828dc5c9c,3235c6119bf0e0c04bcba6214c75e2cb1b47f649f1457aae00f2af621733891bb0b34763e0b54d7958d8dd1af201ce55d945c079b38ac57672f0783c6b762238
Babar: À la Rescousse,=,Babar: À la Rescousse,Babar to the Rescue / Babar: Der große Helter / Babar: À la Rescousse / Babar til Undsætning,babartotherescue,France,2006-05-26,Sirius,The Game Factory,#players:1 #genre:action:adventure #embedded:backup>eeprom #save:backup #based #reboxed #lang:en:fr:de:da,7f92ca61a904f2902fa44b622ce2601a,06d6265df757731b5ad59b8e6e5b9701e703e54b,a56126dd7bd3dd8cd81b710a0e57d5e43c929e7c89942b237986af0828dc5c9c,3235c6119bf0e0c04bcba6214c75e2cb1b47f649f1457aae00f2af621733891bb0b34763e0b54d7958d8dd1af201ce55d945c079b38ac57672f0783c6b762238
Babar to the Rescue,=,Babar to the Rescue,Babar to the Rescue / Babar: À la Rescousse,babartotherescue,USA,2006-06-28,Sirius,The Game Factory,#players:1 #genre:action:adventure #embedded:backup>eeprom #save:backup #based #lang:en:fr:es,91ba6a4571e20dd9c7604d685d134607,80be43f995dc6e3c1b0003872ce4cb681fe35a4a,4939b00cfc6476f499a6dd6e020d0e298b796b18c55baba69b71ee3d2b9d7f96,463d504735edf71ea8e1d5b5f0b445add2fee7e90f679559d2bf3ecd8ed331e7442a9dcdf9eee0ee5d9de5cfb5c2bcf33b05d5050d8119256be337c54f96c07a
Back to Stone,=,Back to Stone,=,backtostone,Europe,2007-07-10,Hidden Floor,Neko,#players:1 #genre:action:adventure #save:password #lang:en:fr,51617256ac8453f10b9ed40e22a1aaf6,592081de986839392c4db976eb7ebec68bb51917,ab1e95740806ebd5bab93878c8d84b9be9222fea3ff6e42aa26900f69d6590b8,66cc8267c71e22cb5ccedf9f692d5195125fa555c807212e420f725d64d74b87b601d28b9f892fd73e6d1f6b136193ce021d0571572f4032e0278971b7cc2189
Back to Stone,=,Back to Stone,=,backtostone,Europe,2007,Hidden Floor,Neko,#players:1 #genre:action:adventure #save:password #lang:en:fr:de #unfinished:beta,6cf0aca170ffe4141657c904f3924b9b,db8ff75f9bb1cf4afcc9c23f4f6a5adb93a900df,4054f54dca22aa0989726cc24841d02e842e4a2fb07aad02839838372e0e3278,ac41ffce55b63108c6c439d91d09e485d74546b3f1745f5bd3b3e4a1eb55b32cbafbce401df5e1d49fd7a359bd00459da5c74e6ba1ebdf42f928a8dc6a6afac5
Back to Stone,=,Back to Stone,=,backtostone,USA,2006-12-14,Hidden Floor,Graffiti/O~3,#players:1 #genre:action:adventure #save:password #lang:en:fr,adc583b26cef3920fb9ffd152aeb98dd,db1fe7581858053b58412a97df262b46838a7be7,af9223dae1611a24c204a907ca33063557821c91d99bbe093659851c78183096,e64ff37335ed914d880230bd7993603a465602d1a938ebc680692208da22fe0c098357842698af37c393325b14973505ce1f203683544b0f7bb8368888fd8d40
Back Track,=,BackTrack,=,backtrack,Europe,2001-11-23,JV Games,Telegames,#players:4:vs #genre:shooting>fps #addon:link>gbalinkcable #embedded:backup>eeprom #save:backup #lang:en,de6b60ee6f0de4f2f7a7fc7c8f4a1d9e,be97ade09df06291e029beeffbe0aacf21db9168,8878bfc3c6c5eacfc0c9e2a90d7c97068046376b93c50a5a0d5d1ec6d04eef94,a49e75aa3b057c9fd46775313de4b60ba35f61ea7722ae4bc5f1604e4333cfc0c2594e493936067a285c8453f0439c2c0ff18342882e373a24b7e91b8ea84819
Back Track,=,BackTrack,=,backtrack,USA,2001-10-04,JV Games,Telegames,#players:4:vs #genre:shooting>fps #addon:link>gbalinkcable #embedded:backup>eeprom #save:backup #lang:en,de6b60ee6f0de4f2f7a7fc7c8f4a1d9e,be97ade09df06291e029beeffbe0aacf21db9168,8878bfc3c6c5eacfc0c9e2a90d7c97068046376b93c50a5a0d5d1ec6d04eef94,a49e75aa3b057c9fd46775313de4b60ba35f61ea7722ae4bc5f1604e4333cfc0c2594e493936067a285c8453f0439c2c0ff18342882e373a24b7e91b8ea84819
(Backup LIB Sample),=,Backup LIB Sample (v1.04),=,backuplibsample,,,Nintendo,Nintendo,#players:1 #genre:notagame>test #embedded:backup>battery #save:backup #lang:en,6f2bf0decf2eae0c510ee12e4f3a2b95,351c711f619e8fc5995847875817bce43602910d,72db12cfc7d7bc993f2453a83256bea5d59ff2be83a81dffbdaf4635afef0195,3bd428aac5a279147016ad73755f99d79b4167ab63c9883150bdebe6d480b0ad5ec892790f77deec11dc606996b115e4c1ad554405a8a91669ad4d59067997b2
(Backup Mem. Quick-Copy),=,Backup Mem. Quick-Copy,=,backupmemquickcopy,,,Nintendo,Nintendo,#players:1 #genre:notagame>application #embedded:backup>battery #save:backup #lang:en,9512a725efaa6b4fb7c250e493f7850b,0d8af9fe571c7d567a4d656445dd18e1c9b4f994,37aa22b21dc514f3c38bff0877368c6dcb46e0884c5cb624c3db5bdf27cbd219,7e69bf4fb49c96439face62ba7e2e8fb32b1b8b1f74414ac126a81cc1d73016bc175b8d2111087f6540cd4c26bc92f8db043c5242d651a9d36357772e290c895
Backyard Baseball,=,Backyard Baseball,=,backyardbaseball,USA,2002-05-30,Game Brains,Infogrames,#players:2:vs #genre:sports>baseball #addon:link>gbalinkcable #embedded:backup>eeprom #save:backup #search:keyword>official #lang:en,688caad7531ec6956aebbca88f07e857,657a639ab3ffbfc85c7a0da51d640ac2e60ec430,7c817528d9848c0390dba0fbd0ede3472833ab83a5cda76150ce8f3460dd899a,92b89a84b928e3b453ccfeab7c1f432a510beffcc0cfb65cf6d9c57d93baa3e5f2fbf02c00d4b76dee41bd0e5cbc09404fe0f2f9fad25c0f40abf5d1fd74d3ff
Backyard Baseball 2006,=,Backyard Baseball 2006,=,backyardbaseball2006,USA,2005-03-16,Game Brains,Atari,#players:2:vs #genre:sports>baseball #addon:link>gbalinkcable #embedded:backup>eeprom #save:backup #search:keyword>official #lang:en,4f34ee4d9014cd0b9c6ae52df1f72af2,33223f5b05ddf6ec10a41527bbc3001c6a5414cd,a51c28f4e2f8a33cb214334ac8977fa05beff3249f64dbc2b13829a773bcf133,8a177c6d45961ad4cc8a82610c32853cbc6c1a31ac1e6c094003f3f49cabaf49933870b3001c01b185b58c8358887e7b8d88f5db07073f52c44f8604e659d507
Backyard Basketball,=,Backyard Basketball,=,backyardbasketball,USA,2004-09-22,Mistic,Atari,#players:2:vs #genre:sports>basketball #addon:link>gbalinkcable #embedded:backup>eeprom #save:backup #search:keyword>official #lang:en,8b525f6d0d80a287df61ec99a97c6c08,b6b5b490541a3b0c3bd15e598dafe1d67a022f54,c1a029c897d3fa9488aa6e3d62615f7810e92eb80fae86cb9a4318b77954964a,d312a7de583240d632788d2abe4d322b17f0519ed5b6eafed2525e26d828d09ad0dbb50a989e3391d291ea42c5e11a5a0cf591043b369a024a2536baf12f76f0
Backyard Football,=,Backyard Football,=,backyardfootball,USA,2002-09-25,Torus,Infogrames,#players:2:vs #genre:sports>football #addon:link>gbalinkcable #embedded:backup>eeprom #save:backup #search:keyword>official #lang:en,9085dd5a5ef4b2820a838c375301fec2,d44ef8eb521838ff013904b74d214c17e3e1c801,bf7ed436176eaf4543670213bbf812fee22a37cf44f018c27fc828a41b0dc2d8,8d9465c46f6af777daf365a80e2581f43e02dcce9ab361b54361b5dbe95b6bfacd743f25b9339e767297b02cc0c215c9283340b367685e24f3b5135974246cbb
Backyard Football 2006,=,Backyard Football 2006,=,backyardfootball2006,USA,2005-10-18,Torus,Atari,#players:2:vs #genre:sports>football #addon:link>gbalinkcable #embedded:backup>eeprom #save:backup #search:keyword>official #lang:en,ea7d981e25ac274adaf5ed08f505c60b,53d134268d2fc973388861687e50f77cc4682941,ff121d81cf5608b4522fdb11a1090a813c127d3ccfea14656ecb4ab737c7e5cf,f96062bbb8855cc3446ad1f0eaed84ae7d444baac52a72bf995ec5724e9ed30c6a5542668cc6d5afe6c90435155918e4efdbb720bc1b5499cad77ebfab04e129
Backyard Hockey,=,Backyard Hockey,=,backyardhockey,USA,2003-10-09,Mistic,Atari,#players:2:vs #genre:sports>hockey #addon:link>gbalinkcable #embedded:backup>eeprom #save:backup #search:keyword>official #lang:en,ce57edc0645572af5244e3e24b586133,4829aa329e21d9c4822c3df66426b59a7690baa4,48d5399eb8664fd6e31f727a09b6bc7f2c369b2dbb3edb60a93f97702d1403be,a626cb4ce37675db5f4df738333bb385cede80e3f5ad3c65740355925511855fc331dee48571dd20abeb172381edff0bd502129d40b1036cc3fd5d534e85fdb8
Backyard Skateboarding,=,Backyard Skateboarding,=,backyardskateboarding,USA,2004-10-04,Full Fat,Atari,#players:2:vs #genre:sports>skateboarding #addon:link>gbalinkcable #embedded:backup>eeprom #save:backup #lang:en,6b618c3fa5f38736632781b0a1ed2d23,c0e4055ecfb5f40f290044c44de2e66e2d3da833,16623544ea60a021f5fbee489a39b5250fdbc1c377dec2b0140b563d8cb78896,363c89a48ddbe7db21748c9cc96b89ebe898ce2f40b1d543754f382e0635383fc2dc02f750df9dc4ea28a8cfe68e60f88462365987a57947672f73edd7ed9777
Backyard Sports: Baseball 2007,=,Backyard Sports: Baseball 2007,=,backyardsportsbaseball2007,USA,2006-06-12,Game Brains,Atari,#players:2:vs #genre:sports>baseball #addon:link>gbalinkcable #embedded:backup>eeprom #save:backup #search:keyword>official #lang:en,bd5fd53f6315d6668fdbf4e7bf4e81eb,cde84171b11a767338158c61ee2ad608d4eb8889,314d34b30602aab2d92a31c1c2d0a88e8ff29d0c76fb14b050b5cd261f19416e,b5c7c5ef7625c3653cdea6f0fec9e0029313b22c345d373431d2ec502894613c95ebe632c4f36b87027a97016174f8dfe85b6fd22df0dc17bd3ae47d84bac2f2
Backyard Sports: Basketball 2007,=,Backyard Sports: Basketball 2007,=,backyardsportsbasketball2007,USA,2006-11-14,Mistic,Atari,#players:2:vs #genre:sports>basketball #addon:link>gbalinkcable #embedded:backup>eeprom #save:backup #search:keyword>official #lang:en,175ffe1ee242cac0316a9882a240d794,9852c09a6d31bd39602dd1e92df7577bea7ad4a8,c373a662ff16d96009b16af1fa4e8fe453615651b463dd379dde06d1d5dade77,eb7b041f6d77b244ba186c47df5d67e343f8b45245ba05bf20bb45c162e85380054d4f4387a1e49f88bce4374d6af1c26652d54c0b51b425b8ae29264fc8138d
Backyard Sports: Football 2007,=,Backyard Sports: Football 2007,=,backyardsportsfootball2007,USA,2006-09-26,Torus,Atari,#players:2:vs #genre:sports>football #addon:link>gbalinkcable #embedded:backup>eeprom #save:backup #search:keyword>official #lang:en,68a460a4face41897d483d3de367d809,1b1504edd7220e14a694cb2c4b722f29868d8192,d6845eeb8972f69a0cc78e50bd10d691ee3107559178a223e03c7c3204898208,0bc4565334e2362c86d82f33e020b5ff1f4cf28100b3e31edc111507e7a9219fc8c903ebc983a229c91fea9793b9d4ddd1b1be223c9d156ba1d5635d638eb995
Bakunetsu Dodgeball Fighters,爆熱ドッジボールファイターズ,Bakunetsu Dodgeball Fighters,爆熱ドッジボールファイターズ,bakunetsudodgeballfighters,Japan,2001-03-21,Million,Atlus,#players:2:vs #genre:sports>dodgeball #addon:link>gbalinkcable #embedded:backup>battery #save:backup #lang:ja,273b9e8c6760ba878e9c6310db5dce67,73a9c1785a2c8b9f833c8842fdf99583c8b1d581,594b0da18eb3a164db63909a92f5d9c068efbe2a8a6107a8b251d09b543781b1,6016bbb0c51b7a6097d0364114c5e407d718ca905601991770313504e16e2b64d5267e7933a38d30d6e1fdbdb6a95707e36ecbfca9c094141b600ec212d18d61
Bakuten Shoot Beyblade: Gekitō! Saikyō Blader,爆転シュート ベイブレード Beyblade 激闘!最強ブレーダー,Bakuten Shoot Beyblade: Gekitō! Saikyō Blader,爆転シュート ベイブレード Beyblade 激闘!最強ブレーダー,bakutenshootbeybladegekitousaikyoublader,Japan,2001-12-06,AI,Broccoli,#players:2:vs #genre:sim:adventure #embedded:backup>battery #save:backup #based:manganime #lang:ja,695db30277493070eb57d61c254cd2a6,f729e11ea8bb4f71445330ca4bec09bdb51f8eb2,740dcfdaaa4f39f013cd4b69095328edc462f506c7720717b32234436b2d3b92,da870b9e173f0c441d65ba70249ccc6ceb735c18adbd9afbff3c1bac56f67c133f6139e3ae934b2ed7250ab4a70840283707b1a30826403678df1d638180df5d
Bakuten Shoot Beyblade 2002: Gekisen! Team Battle!! Kōryū no Shō: Daichi Hen,爆転シュート ベイブレード2002 激戦!チームバトル!!黄龍の章 ダイチ編,Bakuten Shoot Beyblade 2002: Gekisen! Team Battle!! Kōryū no Shō: Daichi Hen,爆転シュート ベイブレード2002 激戦!チームバトル!!黄龍の章 ダイチ編,bakutenshootbeyblade2002gekisenteambattlekouryuunoshoudaichihen,Japan,2002-12-06,AI,Broccoli,#players:4:vs #genre:sim:adventure #addon:link>gbalinkcable #embedded:backup>battery #save:backup #based #lang:ja,a2d535d55174ec253309d922ca9e594f,08189b5d22520213de2c579151be4016929893de,f8f50e0e49438f4b26ebbd0533e9ee015a0e4fc5d1f3df64814b2975618acaa4,f05a624583f002c3218c3083742ad526298174804a7a9cda6b642926d4be392e4816937ef6f848eb4947f13a264229a721480e3956155375c10ed3ff0e53b389
Bakuten Shoot Beyblade 2002: Gekisen! Team Battle!! Seiryū no Shō: Takao Hen,爆転シュート ベイブレード2002 激戦!チームバトル!!青龍の章 タカオ編,Bakuten Shoot Beyblade 2002: Gekisen! Team Battle!! Seiryū no Shō: Takao Hen,爆転シュート ベイブレード2002 激戦!チームバトル!!青龍の章 タカオ編,bakutenshootbeyblade2002gekisenteambattleseiryuunoshoutakaohen,Japan,2002-12-06,AI,Broccoli,#players:4:vs #genre:sim:adventure #addon:link>gbalinkcable #embedded:backup>battery #save:backup #based #lang:ja,a3add916e37dc978a45853703d67d48d,30ad2535db0319af509812e67467924164ab640f,2df731e763871ed34287fe98d5420e9eadb5d622da698df740d8aa1af41cbd19,069a3967a3096c2ca9c80ed02338b1bda5de7907737e8ee34bcad1d75c7bdbe868c2e34480ff73538667b6a5b2454f043098916e1cec5a65ec15f38b63bc6b4e
Bakuten Shoot Beyblade 2002: Ikuze! Bakutō! Chō Jiryoku Battle!!,爆転シュート ベイブレード2002 いくぜ! 爆闘! 超磁力バトル!!,Bakuten Shoot Beyblade 2002: Ikuze! Bakutō! Chō Jiryoku Battle!!,爆転シュート ベイブレード2002 いくぜ! 爆闘! 超磁力バトル!!,bakutenshootbeyblade2002ikuzebakutouchoujiryokubattle,Japan,2002-06-27,AI,Broccoli,#players:2:vs #genre:sim:adventure #addon:link>gbalinkcable #embedded:backup>battery #save:backup:password #based #lang:ja,7ec49ec0fc1b5b53226d36cd9c0a646a,29f319f731256501cc58eddb4bc28166dbc7f0a8,10c8a203b6d3fe7c2666a3b6f2f9a72b22d662e2d00adc783d6acae7d134f3b1,dfb040e998f4267dccf111f4aa9df518d0876544381ca4a04e4f16f1dda8f7707c9a613792836ad2aef9ed0ef76eab9f8e5248b227f39ca7e7ba7dbabc040963
Baldur's Gate: Dark Alliance,=,Baldur's Gate: Dark Alliance,=,baldursgatedarkalliance,Europe,2003-04-25,Magic Pockets,DSI,#players:1 #genre:rpg>a #embedded:backup>eeprom #save:backup #based:dnd #port:sony>playstation2 #lang:en:fr:de:es:it,b8151c67817f126b56eca07c0b6aec11,9d6b740e9224f1636ed6e5ba63c2bb5970b8249f,66cf2869256946f245ceccf0695bba7d87b3759347547c78261db34e5c85d8cf,4c50d61721e41e3e2015a52eb6912fe67a1bccd694db4e9ec38fc7fb5dc6171f180762cd29eee9f38f5f0187c3fc4e16207c7cbbdc94645155c6a514e289583c
Baldur's Gate: Dark Alliance,=,Baldur's Gate: Dark Alliance,=,baldursgatedarkalliance,USA,2002-11-20,Magic Pockets,DSI,#players:1 #genre:rpg>a #embedded:backup>eeprom #save:backup #based:dnd #port:sony>playstation2 #lang:en,13fd90ae7070ba25c2ce4223b8f51a1e,c7c264ec85976f326b34bbd9f5e91ddc6eb29e17,14269f56d73aba7c9e15ae586f7eaa1cc0eb0878442781b1cc1db1b21f48e0c0,52f83b7dd51ae3092583cc9245285294a3ce20c26fad03be35718429b8edef2105884af07a97698fc91cc81b5f64ae1b64be7421714be3c961701c72ff3f5529
Ballistic: Ecks vs. Sever,=,Ballistic: Ecks vs. Sever,=,ballisticecksversussever,USA,2002-09-14,Crawfish,BAM,#players:2:vs #genre:shooting>fps #addon:link>gbalinkcable #save:password #based:movie #lang:en,95abf2bd63a3758b6d86e278ee1fca6e,d66a33c71466ffb6558ba6381156d14f73c8c6d8,f4ce2962ef8e9a87d487787a5aa424cbf6357dde04964f20b1562ef718afabd9,749bc25ab901d726f89dd1a8f54e6c789bedc67b7ea74d8515acc332c70413f0a4716cfe4fb0cb5c97c76c090c932bbe5297a7ed04cd8b9d06cc7b5ec9074d66
Banjo-Kazooie: Grunty's Revenge,=,Banjo-Kazooie: Grunty's Revenge,Banjo-Kazooie: Grunty's Revenge / Banjo-Kazooie: La Revanche de Grunty / Banjo-Kazooie: Gruntys Rache,banjokazooiegruntysrevenge,Europe,2003-10-24,Rare,THQ,#players:1 #genre:action:adventure #embedded:backup>eeprom #save:backup #lang:en:fr:de,1e32d754b8a874d279086f98cf523dfd,f335fede72cd0273fcce925a20ca272ede08c15b,3be0d3cd18628b21472fa79089802e2791d5b0c35478b4f0db61739709ee05b1,f638510db9446b1b2cb926ab3647073b66b083319f10c257f53dff7a90bed5d4350357bb33651b48145cf74148382a2862a5ab7d4dc5293a559bdd6ac3cb8f91
Banjo-Kazooie: La Revanche de Grunty,Banjo-Kazooie: La Revanche de Grunty / Grunty's Revenge,Banjo-Kazooie: La Revanche de Grunty,Banjo-Kazooie: Grunty's Revenge / Banjo-Kazooie: La Revanche de Grunty / Banjo-Kazooie: Gruntys Rache,banjokazooiegruntysrevenge,France,2003-10-24,Rare,THQ,#players:1 #genre:action:adventure #embedded:backup>eeprom #save:backup #reboxed #lang:en:fr:de,1e32d754b8a874d279086f98cf523dfd,f335fede72cd0273fcce925a20ca272ede08c15b,3be0d3cd18628b21472fa79089802e2791d5b0c35478b4f0db61739709ee05b1,f638510db9446b1b2cb926ab3647073b66b083319f10c257f53dff7a90bed5d4350357bb33651b48145cf74148382a2862a5ab7d4dc5293a559bdd6ac3cb8f91
Banjo-Kazooie: Gruntys Rache,=,Banjo-Kazooie: Gruntys Rache,Banjo-Kazooie: Grunty's Revenge / Banjo-Kazooie: La Revanche de Grunty / Banjo-Kazooie: Gruntys Rache,banjokazooiegruntysrevenge,Germany,2003-10-24,Rare,THQ,#players:1 #genre:action:adventure #embedded:backup>eeprom #save:backup #reboxed #lang:en:fr:de,1e32d754b8a874d279086f98cf523dfd,f335fede72cd0273fcce925a20ca272ede08c15b,3be0d3cd18628b21472fa79089802e2791d5b0c35478b4f0db61739709ee05b1,f638510db9446b1b2cb926ab3647073b66b083319f10c257f53dff7a90bed5d4350357bb33651b48145cf74148382a2862a5ab7d4dc5293a559bdd6ac3cb8f91
Banjo-Kazooie: Grunty's Revenge,=,Banjo-Kazooie: Grunty's Revenge,=,banjokazooiegruntysrevenge,Europe,2003,Rare,THQ,#players:1 #genre:action:adventure #embedded:backup>eeprom #save:backup #lang:en #unfinished:beta>1,3b3cdb2583a22769fb80bae6b334dc81,5a0b6fe8ac36e05de9c2e9b31d8b68ef125f4d96,cbbef2d4de850321892aaf6e733ff0e31600c35829b1d4bbdbb14f7788b12068,d103ea5d7c6ef4b57e3624c15138c4a1c29406485ed040bb1785b7ec35e01d3948cd800ec19b080d1c6e6d0bc0ab79e9d9b9bb728cd2828437c8c5e64cf32177
Banjo-Kazooie: Grunty's Revenge,=,Banjo-Kazooie: Grunty's Revenge,=,banjokazooiegruntysrevenge,Europe,2003,Rare,THQ,#players:1 #genre:action:adventure #embedded:backup>eeprom #save:backup #lang:en #unfinished:beta>2,43ccab5d3761e9964500a454fdf6776b,f2d3d4f8226c17c5391abcb2a2cbce10c59ab4c7,9333d687cb16e4fc80ed0cd8c6a896501cab06b20eae24128cb48717bb89825a,9d5e91c5cd0fdf8eec1aedda2187f089a5fe8df218028f7e89f783c7d762ec439fe1dff2b0c255efe8310c96d16d0b2d20e0bc6cec25d68e710d538560742909
Banjo-Kazooie: Grunty's Revenge,=,Banjo-Kazooie: Grunty's Revenge,=,banjokazooiegruntysrevenge,United Kingdom/Ireland,2003-10-24,Rare,THQ,#players:1 #genre:action:adventure #embedded:backup>eeprom #save:backup #lang:en,4781a8e513de51ab90292c321ac34374,8f5b7c20e8be0f1e7919915b905c2b182a993cec,36fe9ed931dea1f14080a80071b187087ee437c046df8f62af847d09caa5ae86,d4a7f317f8d84051a829cc8bf7c0397834fb9d0b993b2a9a5b86f33bdfa4934dcc3c079ae4c417590483d520bfa75344b634fce921510a73753e5e80a93d0767
Banjo-Kazooie: La Vendetta di Grunty,=,Banjo-Kazooie: La Vendetta di Grunty,=,banjokazooiegruntysrevenge,Italy,2003-10-24,Rare,THQ,#players:1 #genre:action:adventure #embedded:backup>eeprom #save:backup #reboxed #lang:it,288280c929cde064b9363a7ad4548a76,2a38116e3219cd0a9216c9adf8383ba84489f3b0,79ccea79746f5134d680ac1e09617d5763a7dd885b38616cde1d4507507f30e4,32b0bb31ffb7f5cd94a983032c8e33514f1371fd3afd148a8422ad7f0d932398d65c2209936d0f5724ea5248fdd2af36cef63bd9d11ff07c3d4dacccb2478562
Banjo-Kazooie: La Venganza de Grunty,=,Banjo-Kazooie: La Venganza de Grunty,=,banjokazooiegruntysrevenge,Spain,2003-10-24,Rare,THQ,#players:1 #genre:action:adventure #embedded:backup>eeprom #save:backup #reboxed #lang:es,656b49e4db1a3ad6475b29c347a4fefc,3b948a1cb1790c16c7a3fff9c0cfbf95a973200d,02aadb93a905b61bd3f79c39fb7f782d10daf7ad68fbde22b7ca57f6ec379dcf,651deef182ccc635449661eae618d56c9799104e541fa2affb56b7c7393ed36e22381ca8eabd1fdf5a76e7f0c5b7e899574a03d1c91ec86b5380e260f0f3933b
Banjo-Kazooie: Grunty's Revenge,=,Banjo-Kazooie: Grunty's Revenge,=,banjokazooiegruntysrevenge,USA,2003-10-14,Rare,THQ,#players:1 #genre:action:adventure #embedded:backup>eeprom #save:backup #lang:en,4781a8e513de51ab90292c321ac34374,8f5b7c20e8be0f1e7919915b905c2b182a993cec,36fe9ed931dea1f14080a80071b187087ee437c046df8f62af847d09caa5ae86,d4a7f317f8d84051a829cc8bf7c0397834fb9d0b993b2a9a5b86f33bdfa4934dcc3c079ae4c417590483d520bfa75344b634fce921510a73753e5e80a93d0767
Banjo-Pilot,=,Banjo-Pilot,=,banjopilot,Europe,2005-02-01,Rare,THQ,#players:4:vs #genre:racing>combat #addon:link>gbalinkcable #embedded:backup>eeprom #save:backup #lang:en:fr:de:es:it,3ac5633408cb7ac50247cdba396c5536,5203f49c3b372b49dcb5c23f0dcbbb8432336081,6e966c2ed473cbcad1235e9e416b54b4fb70564522e6df8088a6680435518fcc,8dff96e003d8dbaf502e6d4a8ba070d8ff81647e03acae5acd8e0fc85bea655fdd8dd2a007b21353a5a520df63eb47eea5393adb2742cca084764b2f78749c6f
Banjo-Pilot,=,Banjo-Pilot,=,banjopilot,Europe,2004,Rare,THQ,#players:4:vs #genre:racing>combat #addon:link>gbalinkcable #embedded:backup>eeprom #save:backup #lang:en #unfinished:beta>1,8ec1a2fee7a9cc9508bf13dc423d424d,51b7fe0af316f4c25e08b2c8348b579e86697e3f,bbe9f872db4875bec7b79d2cb8616ec0653b63fe924287b7faec1bdc6ecfec44,183d2896c2d923510ca0393b724b59c162088a31abb3bcd3563cf6997d1a17cc71170a70af07d5bea85bad982fbc3c584e2a2ccb482d36ebb11bdb290f5b169e
Banjo-Pilot,=,Banjo-Pilot,=,banjopilot,Europe,2004-09-29,Rare,THQ,#players:4:vs #genre:racing>combat #addon:link>gbalinkcable #embedded:backup>eeprom #save:backup #lang:en:fr:de:es:it #unfinished:beta>2,a8285fd50dde50dc2c37fc0375dc03cf,d0d26e986f73300b52f2a91b0bd57f92d05dda31,0696889f1a1a9a2aacd4a5430c3b4fdc28930ec69c34a3d00348c9a5188f773c,d473ac06701e7e5663073471f5ee03c2b7b66d77fe4b1d36d0ef5af7b192baaa130df88ed1667b9aa9aaf3c961ed80e31b1fd5a4a0e861fa1ad8310e768cfb74
Banjo-Pilot,=,Banjo-Pilot,=,banjopilot,USA,2005-01-10,Rare,THQ,#players:4:vs #genre:racing>combat #addon:link>gbalinkcable #embedded:backup>eeprom #save:backup #lang:en,1d55a0e331301a7d36ac326f3d8dc007,58551d404c46b14ce3611dbfb70848e05bec2dac,cabc774b551911279b796d450eb1bec73098b8a35a5a9ac664b5aefd38dcef50,ca1a2ef3ff0f48553991a10a80ac7b96b626b91fe88e2697759902f86a3a2597dab3ae33aa85cc61be958028aff08bfc94b56f976e39d69909074ef7afe249e4
Barbie as The Princess and the Pauper,=,Barbie as The Princess and the Pauper,Barbie as The Princess and the Pauper / Barbie dans Coeur de Princesse / Barbie ats Die Prinzessin und das Dorfmädchen / Barbie: La Principessa e la Povera / Barbie en ‟La Princesa y la Costurera” / Barbie als De Prinses en de Bedelaar,barbietheprincessandthepauper,Europe,2004-09-24,WayForward,Vivendi Universal,#players:1 #genre:action>platformer #save:password #based:movie #lang:en:fr:de:es:it:nl,8a12b6c9298e5f9874df68f62cc23b48,779f2050efcd15cac8b70fedce5bd0ccb773f179,9ded995bcd5d2cfb3fbab71c4b35c9df129bb07572632697fc9056051a3c4621,5badd762556738b4e61e858d9c27f7c6cf277dd79a384782d20cf6788cc60703ed9df2f0339a890db119c4c710cefacc1ca6a81736217b82f37c6e49d2f721f1
Barbie as The Princess and the Pauper,=,Barbie: The Princess and the Pauper,=,barbietheprincessandthepauper,USA,2004-09-12,WayForward,Vivendi Universal,#players:1 #genre:action>platformer #save:password #based:movie #lang:en,64082d14d8a4abe32fb8b062d9c0b9ed,432ed848343ad3c66bcb3acf245cacbb829f5f9c,24a4a99215f4bdc4885db53e4d7c4971454ceaee05373ff4a8d15b3110f32aa3,548e44f79df1ec33c280aa8a233ee7ba34194c2aaa64b1fe78d2e7cb96364b6c8431761975f838444a8a90d715afb10e83a37c6886a2cbc6759d31b575db2193
Barbie and the Magic of Pegasus,=,Barbie and the Magic of Pegasus,Barbie and the Magic of Pegasus / Barbie et le Cheval Magique / Barbie und der Geheimnisuolle Pegasus / Barbie e la Mague di Pegaso / Barbie y la Magia de Pegaso / Barbie en de Magie van Pegasus,barbieandthemagicofpegasus,Europe,2005-10-07,WayForward,Vivendi Universal,#players:1 #genre:action>platformer #save:password #based:movie #lang:en:fr:de:es:it:nl,31628fe35cfe67066a003f045a32daae,26c1d72fbb20fe715cb685cba071775259bbb236,fb9a4dc859e0ed75bdf9ce7a1c6f46904cfc27ad8f5fd015a8a81b8feb65aa0c,235a594867bd55a475260510c17938e2ddaeff69c64188fa65d16c1ea6fde6d90cca1c28436b5f3f096180feebc11035055f7a0c24e0a9a810a9ef41057996d0
Barbie and the Magic of Pegasus,=,Barbie and the Magic of Pegasus,=,barbieandthemagicofpegasus,USA,2005-09-06,WayForward,Vivendi Universal,#players:1 #genre:action>platformer #save:password #based:movie #lang:en,c0f3e785f1d4a48fcb2b945291a033ef,36e312abfaf7b9401e9f3d5b796f4ae07a10a09a,62fddf0a7587df9387d10becea0ec8e64ed5dc884dcbfad68af8834c04ade129,644d42d55576eddcce4627849e74e2aaa884bf5edab86b0e17ad5f3cc3135a8089d45ad20d0c54c6d97362d52f557c4108a02df12b1c54f847827062c3d84f6e
Barbie and the Magic of Pegasus,=,Barbie and the Magic of Pegasus,=,barbieandthemagicofpegasus,USA,2005-01-21,WayForward,Vivendi Universal,#players:1 #genre:action>platformer #save:password #based:movie #lang:en #unfinished:beta,cd002d8e070ce14cae9866f987fc4f69,fb0548d72eff99b7dabdd34112e55f8bea6326ec,50b5456ee54d588354ec4047fae1d0fb21f7e49dec86984fb2275cf66c2e1782,4be440756baa4d35669ca0d47cc3430a917e94f7cc045b153b0889d3ac67668efe76c662ed49459eaf3ea8938035129560782cf5c6c4f355f578129781936cf5
Barbie and the Magic of Pegasus,=,Barbie and the Magic of Pegasus,=,barbieandthemagicofpegasus,USA,2005-02-18,WayForward,Vivendi Universal,#players:1 #genre:action>platformer #save:password #based:movie #lang:en #unfinished:beta,5c155e99f04ed8eb1f76f1597967064a,84a5686f5c5dee770e6b1bbbc1a60648387cf255,dfac643ac047baf4a7310b3c628b45dd279f64504a1c006338cedae5cac7266b,a5330d84a945cb10c1599daaefa2fb83e244e9e75540aedd2424d7546d571417f61058f9351d1971392210a50a5cb4c1cc8a9461459a66990bc313942b5022a6
Barbie and the Magic of Pegasus,=,Barbie and the Magic of Pegasus,=,barbieandthemagicofpegasus,USA,2005-03-18,WayForward,Vivendi Universal,#players:1 #genre:action>platformer #save:password #based:movie #lang:en #unfinished:beta,ddb830fcfac817a2d2dbd83af2b0950e,e822173e315138443e9fec509621dc88afcbcc0b,9071e4fcb1a890bbc60fd9792410ef2b6accc6b97fd073fdd49555e7b851f525,ecd2e20a7df47315d008b2650482e595b9a12d37063cd5b603223332597e2589364dfa185d9b9c274d21618e56bd82d6236f8194d98c0c6561c839ed6d2966cf
Barbie and the Magic of Pegasus,=,Barbie and the Magic of Pegasus,=,barbieandthemagicofpegasus,USA,2005-04-15,WayForward,Vivendi Universal,#players:1 #genre:action>platformer #save:password #based:movie #lang:en #unfinished:beta,f197a596c8626f8f0cf996bd5f68dc40,74e261c56123806b8cbd31ed907fe25a5ad99b62,715b59d5ed76baeee95c2aab364227c229031255db12415030def85cb993e166,b6e2ce8da704f36f049b00e70a959097dd52469f6fd7985eda17f153a9d387080367abf69eb3b97a5a6d1c048f9f264cc7bff3f178aafd8d99bed285778f4e66
Barbie as The Island Princess,=,Barbie as The Island Princess,=,barbieastheislandprincess,USA,2007-10-30,Human Soft,Activision,#players:1 #genre:minigames:action:puzzle:rhythm #embedded:backup>eeprom #save:backup #based:movie #lang:en,fcab58352e45a97a7becbecc948ea076,4ac1502b9b292584beecb8c7baf1abbcdb3a2d75,7b049b53b0926eefa01edd544bfa2557ccc4b4871ba2afb761f9e675a70e7112,e444aa9ebd50aae2b52bfa22141a1404ab46a7cf8523532de923a23cbe8f4625c9d721fc7865a03dd3b0d585dc14ec1873b96cf6dc4458495bd26fd2f0e5727f
Barbie Horse Adventures: The Big Race,=,Barbie Horse Adventures,=,barbiehorseadventuresblueribbonrace,Europe,2003-10-17,Blitz/Möbius,Vivendi Universal,#players:1 #genre:action:racing:sim>derby:minigames #save:password #based #lang:en:fr:de:es:it:nl,f7960bb4694205288a59556ab82c34e5,d3e50b9eac1e6a695397cf6d81503a9c0c3a40fe,e9a14060b099b4c6faa525f8a3237f0166299711a467e62533970c4afdd51f30,48586a450a6e3aa259761756f2f213e14adc8bd8db4ebea33043f49eeae19b97c023af47651df44ab6d6f26573a57b5983269f6838f9f63a8ee848ff427f1150
Barbie Horse Adventures: Blue Ribbon Race,=,Barbie Horse Adventures: Blue Ribbon Race,=,barbiehorseadventuresblueribbonrace,USA,2003-09-17,Blitz/Möbius,Vivendi Universal,#players:1 #genre:action:racing:sim>derby:minigames #save:password #based #lang:en,b0c8edeae511c647f9617b32ddc37594,7d8938d54eafb1558efce8bdfbc9db15ac2072e5,52c26ad39379d79b39a8f8b3cb5e6ef7f4ef74b710d192952d70708d40f68f27,40ddceb737091639260c54b53e501782043bc808d8c87ef784da1d90525fc53c8fdd5976172f586f4976c880e3b3ee5441f721b0d39395a6b12a91186a1cf35d
Barbie in the 12 Dancing Princesses,=,Barbie in the 12 Dancing Princesses,Barbie in the 12 Dancing Princesses / Barbie au Bal des 12 Princesses / Barbie in die 12 Tanzenden Prinzessinnen / Barbie in le 12 Principesse Danzanti / Barbie en las 12 Princesas Bailarinas,barbieinthe12dancingprincesses,Europe,2006-12-01,WayForward,Activision,#players:1 #genre:action>platformer:minigames #save:password #based:movie #lang:en:fr:de:es:it,11bfeb390128b3fa4af1e92399a9bd3f,3feb77f60ad71d4dbb83c7ea0712759e50ccc088,89ac1d85320bb76b7af271e62437696307f8a1db1ee72c74b9d3f56d2fcdcac6,79255fb8918a21d88e1fe965d873e63bd440cd0cc33de4e6d0029c7c7636794f9d577f10f817208124552d1cef76b3f6fb119e73430f58f97045101970899bb0
Barbie au Bal des 12 Princesses,=,Barbie au Bal des 12 Princesses,Barbie in the 12 Dancing Princesses / Barbie au Bal des 12 Princesses / Barbie in die 12 Tanzenden Prinzessinnen / Barbie in le 12 Principesse Danzanti / Barbie en las 12 Princesas Bailarinas,barbieinthe12dancingprincesses,France,2006-12-01,WayForward,Activision,#players:1 #genre:action>platformer:minigames #save:password #based:movie #reboxed #lang:en:fr:de:es:it,11bfeb390128b3fa4af1e92399a9bd3f,3feb77f60ad71d4dbb83c7ea0712759e50ccc088,89ac1d85320bb76b7af271e62437696307f8a1db1ee72c74b9d3f56d2fcdcac6,79255fb8918a21d88e1fe965d873e63bd440cd0cc33de4e6d0029c7c7636794f9d577f10f817208124552d1cef76b3f6fb119e73430f58f97045101970899bb0
Barbie in die 12 Tanzenden Prinzessinnen,=,Barbie in die 12 Tanzenden Prinzessinnen,Barbie in the 12 Dancing Princesses / Barbie au Bal des 12 Princesses / Barbie in die 12 Tanzenden Prinzessinnen / Barbie in le 12 Principesse Danzanti / Barbie en las 12 Princesas Bailarinas,barbieinthe12dancingprincesses,Germany,2006-12-01,WayForward,Activision,#players:1 #genre:action>platformer:minigames #save:password #based:movie #reboxed #lang:en:fr:de:es:it,11bfeb390128b3fa4af1e92399a9bd3f,3feb77f60ad71d4dbb83c7ea0712759e50ccc088,89ac1d85320bb76b7af271e62437696307f8a1db1ee72c74b9d3f56d2fcdcac6,79255fb8918a21d88e1fe965d873e63bd440cd0cc33de4e6d0029c7c7636794f9d577f10f817208124552d1cef76b3f6fb119e73430f58f97045101970899bb0
Barbie in le 12 Principesse Danzanti,=,Barbie in le 12 Principesse Danzanti,Barbie in the 12 Dancing Princesses / Barbie au Bal des 12 Princesses / Barbie in die 12 Tanzenden Prinzessinnen / Barbie in le 12 Principesse Danzanti / Barbie en las 12 Princesas Bailarinas,barbieinthe12dancingprincesses,Italy,2006-12-01,WayForward,Activision,#players:1 #genre:action>platformer:minigames #save:password #based:movie #reboxed #lang:en:fr:de:es:it,11bfeb390128b3fa4af1e92399a9bd3f,3feb77f60ad71d4dbb83c7ea0712759e50ccc088,89ac1d85320bb76b7af271e62437696307f8a1db1ee72c74b9d3f56d2fcdcac6,79255fb8918a21d88e1fe965d873e63bd440cd0cc33de4e6d0029c7c7636794f9d577f10f817208124552d1cef76b3f6fb119e73430f58f97045101970899bb0
Barbie en las 12 Princesas Bailarinas,=,Barbie en las 12 Princesas Bailarinas,Barbie in the 12 Dancing Princesses / Barbie au Bal des 12 Princesses / Barbie in die 12 Tanzenden Prinzessinnen / Barbie in le 12 Principesse Danzanti / Barbie en las 12 Princesas Bailarinas,barbieinthe12dancingprincesses,Spain,2006-12-01,WayForward,Activision,#players:1 #genre:action>platformer:minigames #save:password #based:movie #reboxed #lang:en:fr:de:es:it,11bfeb390128b3fa4af1e92399a9bd3f,3feb77f60ad71d4dbb83c7ea0712759e50ccc088,89ac1d85320bb76b7af271e62437696307f8a1db1ee72c74b9d3f56d2fcdcac6,79255fb8918a21d88e1fe965d873e63bd440cd0cc33de4e6d0029c7c7636794f9d577f10f817208124552d1cef76b3f6fb119e73430f58f97045101970899bb0
Barbie in the 12 Dancing Princesses,=,Barbie in the 12 Dancing Princesses,=,barbieinthe12dancingprincesses,USA,2006-10-30,WayForward,Activision,#players:1 #genre:action>platformer:minigames #save:password #based:movie #lang:en,6a06b7c152538ce846fbdf523902a000,fa4e69ceb8d2773bbfc1c225f3604c1f7df43cde,b858e1e7c7fd6c129d7435ed447164175d2b498941c4d15dc6ffa13978c310ca,7df9a4d654c3a21af6481a1589e05c816601d7a91b2a1ae8254fb8655977dd34e939f080bd8a2b3bccf957228998002309509d7e841c6dcca2b25487fff36366
Barbie Software: Groovy Games,=,Barbie: Groovy Games,=,barbiegroovygames,Europe,2002-10,Dice Canada,Vivendi Universal,#players:2:vs #genre:minigames:board:puzzle>drop:rhythm #based #lang:en:fr:de:es:it,44c77bcf2a866a1a76cf46bd979b64a4,e41751c52d5cd84b204ac4d73eefc5b360f56f1d,181e22a3d5a530001c7add9b577e26b25592e7564f3781c91373847b414d1bdb,2faf2040ff65902f713221f1c62d2d214ccdea77ef6d978cdc7ad39a55f6132e8a4672d42076b6b0eaa943892459f059262aea95b1f4033070a3a62fb57cc9b0
Barbie Software: Groovy Games,=,Barbie: Groovy Games,=,barbiegroovygames,USA,2002-09-04,Dice Canada,Vivendi Universal,#players:2:vs #genre:minigames:board:puzzle>drop:rhythm #based #lang:en,c1b8fbfc0f67a1f8e0c60543167b7dba,055db9f8f3ba18358162a1411cf24300a6de6046,6f1be00d689168a35c9a04f21dad9b26026423dd3bfa1225339ac4c2af1f99c8,b668a037be9c01adc85e7312f3157ec62295b7db4c652b9e3c8bb6f392e86898f1626eb56e1654cbfda0743a81d6f86f78fa67636b1e94619541c918c14c1d2a
Barbie Superpack 2 in 1: Secret Agent / Groovy Games,=,Secret Agent Barbie / Barbie: Groovy Games,=,barbiesuperpack,Europe,2005-09-23,Dice Canada,Vivendi Universal,#players:2:vs #genre:action>platformer:minigames:board:puzzle>drop:rhythm #save:password #based #compilation:secretagentbarbieroyaljewelsmission:barbiegroovygames #lang:en:fr:de:es:it,f26abd577f7854c5f967ef5f0d1396ad,314569f6bf47fa3982a49b2f04b6b847cbca515c,ce4174d2fd96dcdccf6ea66a9e9cf74529f02443c6520c0afc9851e4a2777703,e8f7023cf8f564c80c3f9e29176b8e0145fd6c7c885f8d19d033aed743abe4a84c682ac20f18037c52d39416091cabd506a89d849285f4cfe369f553a054774a
Barbie Superpack: 2 Great Games! Secret Agent / Groovy Games,=,Secret Agent Barbie / Barbie: Groovy Games,=,barbiesuperpack,USA,2005-09-14,Dice Canada,Vivendi Universal,#players:2:vs #genre:action>platformer:minigames:board:puzzle>drop:rhythm #save:password #based #compilation:secretagentbarbieroyaljewelsmission:barbiegroovygames #lang:en,50552a80c5d80210c941e4ad8230e814,75392f0cf1c3d79c04c5a0d9503cf979a5da2e7b,af42452b27c0ea2234367bcddec927f6f2381eb879742a512dbf1ff3a0249083,aeb1d14608e8da84f569afc2f98ed0213d6d51b5f31c4ee21ff78eb6bd8bdebc68a9ecea52511eb3ca6f78342157f3a9c55a2efe96bb5f8fdcba67def8f4ea04
Barnyard,=,Barnyard,Barnyard / La Ferme en Folie / Der Tierisch Verrückte Bauernhof / Barnyard: Il Cortile / El Corral: Una Fiesta Muy Bestia / Beestenboel,barnyard,Europe,2006-10-13,Halfbrick,THQ,#players:1 #genre:adventure:minigames:racing:parlor>mogurataiji>bowling>billiards:puzzle>drop: #embedded:backup>eeprom #save:backup #based:movie #lang:en:fr:de:es:it:nl,02cae6ad10eb30da0f76cbd8ca994952,2fe05e2c9dfc02efe415c735f95fa1d4cd12eeb7,6ff7310164563ca80d4b4df2da4dd9d638e77237715e141e146ca6503d3ff07f,d243b214105a6556ffaacfa686535746b252c7b64a9e1ce8a2b9ff1ca8a266fa66f226c5d27cfe2d8468bd19d923905677ea1c95a7e763fb07e01ff8f46ba4cb
La Ferme en Folie,=,La Ferme en Folie,Barnyard / La Ferme en Folie / Der Tierisch Verrückte Bauernhof / Barnyard: Il Cortile / El Corral: Una Fiesta Muy Bestia / Beestenboel,barnyard,France,2006-10-13,Halfbrick,THQ,#players:1 #genre:adventure:minigames:racing:parlor>mogurataiji>bowling>billiards:puzzle>drop: #embedded:backup>eeprom #save:backup #based:movie #reboxed #lang:en:fr:de:es:it:nl,02cae6ad10eb30da0f76cbd8ca994952,2fe05e2c9dfc02efe415c735f95fa1d4cd12eeb7,6ff7310164563ca80d4b4df2da4dd9d638e77237715e141e146ca6503d3ff07f,d243b214105a6556ffaacfa686535746b252c7b64a9e1ce8a2b9ff1ca8a266fa66f226c5d27cfe2d8468bd19d923905677ea1c95a7e763fb07e01ff8f46ba4cb
Der Tierisch Verrückte Bauernhof,=,Der Tierisch Verrückte Bauernhof,Barnyard / La Ferme en Folie / Der Tierisch Verrückte Bauernhof / Barnyard: Il Cortile / El Corral: Una Fiesta Muy Bestia / Beestenboel,barnyard,Germany,2006-10-13,Halfbrick,THQ,#players:1 #genre:adventure:minigames:racing:parlor>mogurataiji>bowling>billiards:puzzle>drop: #embedded:backup>eeprom #save:backup #based:movie #reboxed #lang:en:fr:de:es:it:nl,02cae6ad10eb30da0f76cbd8ca994952,2fe05e2c9dfc02efe415c735f95fa1d4cd12eeb7,6ff7310164563ca80d4b4df2da4dd9d638e77237715e141e146ca6503d3ff07f,d243b214105a6556ffaacfa686535746b252c7b64a9e1ce8a2b9ff1ca8a266fa66f226c5d27cfe2d8468bd19d923905677ea1c95a7e763fb07e01ff8f46ba4cb
Barnyard: Il Cortile,=,Barnyard: Il Cortile,Barnyard / La Ferme en Folie / Der Tierisch Verrückte Bauernhof / Barnyard: Il Cortile / El Corral: Una Fiesta Muy Bestia / Beestenboel,barnyard,Italy,2006-10-13,Halfbrick,THQ,#players:1 #genre:adventure:minigames:racing:parlor>mogurataiji>bowling>billiards:puzzle>drop: #embedded:backup>eeprom #save:backup #based:movie #reboxed #lang:en:fr:de:es:it:nl,02cae6ad10eb30da0f76cbd8ca994952,2fe05e2c9dfc02efe415c735f95fa1d4cd12eeb7,6ff7310164563ca80d4b4df2da4dd9d638e77237715e141e146ca6503d3ff07f,d243b214105a6556ffaacfa686535746b252c7b64a9e1ce8a2b9ff1ca8a266fa66f226c5d27cfe2d8468bd19d923905677ea1c95a7e763fb07e01ff8f46ba4cb
El Corral,=,El Corral: Una Fiesta Muy Bestia,Barnyard / La Ferme en Folie / Der Tierisch Verrückte Bauernhof / Barnyard: Il Cortile / El Corral: Una Fiesta Muy Bestia / Beestenboel,barnyard,Spain,2006-10-13,Halfbrick,THQ,#players:1 #genre:adventure:minigames:racing:parlor>mogurataiji>bowling>billiards:puzzle>drop: #embedded:backup>eeprom #save:backup #based:movie #reboxed #lang:en:fr:de:es:it:nl,02cae6ad10eb30da0f76cbd8ca994952,2fe05e2c9dfc02efe415c735f95fa1d4cd12eeb7,6ff7310164563ca80d4b4df2da4dd9d638e77237715e141e146ca6503d3ff07f,d243b214105a6556ffaacfa686535746b252c7b64a9e1ce8a2b9ff1ca8a266fa66f226c5d27cfe2d8468bd19d923905677ea1c95a7e763fb07e01ff8f46ba4cb
Beestenboel,=,Beestenboel,Barnyard / La Ferme en Folie / Der Tierisch Verrückte Bauernhof / Barnyard: Il Cortile / El Corral: Una Fiesta Muy Bestia / Beestenboel,barnyard,Netherlands,2006-10-13,Halfbrick,THQ,#players:1 #genre:adventure:minigames:racing:parlor>mogurataiji>bowling>billiards:puzzle>drop: #embedded:backup>eeprom #save:backup #based:movie #reboxed #lang:en:fr:de:es:it:nl,02cae6ad10eb30da0f76cbd8ca994952,2fe05e2c9dfc02efe415c735f95fa1d4cd12eeb7,6ff7310164563ca80d4b4df2da4dd9d638e77237715e141e146ca6503d3ff07f,d243b214105a6556ffaacfa686535746b252c7b64a9e1ce8a2b9ff1ca8a266fa66f226c5d27cfe2d8468bd19d923905677ea1c95a7e763fb07e01ff8f46ba4cb
Barnyard,=,Barnyard,=,barnyard,USA,2006-08-01,Halfbrick,THQ,#players:1 #genre:adventure:minigames:racing:parlor>mogurataiji>bowling>billiards:puzzle>drop: #embedded:backup>eeprom #save:backup #based:movie #lang:en,56c434600bf895c83a485ab8cbe49500,7a6e2bf247ba7ac2420a5eef39b77a5d871785b5,af94b4d8dc26800d9130e4fd711edbbe4d8f8277a099964848ae1bfaebe11122,6e6acb5a591b6932ae02498f4c9f7f2369110465908e2cbc7c44012ee887e796b626c3e9b15b6bcad37e4e25efcd66c2837d93ea0c5c3964b99b50062fa6b46f
Baseball Advance,=,Baseball Advance,=,greatestnine,USA,2002-03-20,Smilebit,THQ,#players:2:vs #genre:sports>baseball #addon:link>gbalinkcable #embedded:backup>battery #save:backup #search:keyword>official #lang:en,e345a10a452e8574fa4686539e852f31,45dea270943584115517ef2d12e5525932d0f5fa,7a10e01abe25b3c3cdd53df8379d6cd359062e1d72e4b9780fc25940b7b3ac27,1d8d157e30cc28c32b1956ba9956379b4e8373fa3f9beab3aa5993f2c42a5cdf486c01a9704a0dad4e586c367ec025040d799e776c147a39d345709623f8cece
Bass Tsuri Shiyōze! Tournament wa Senryaku da!,バス釣りしようぜ! トーナメントは戦略だ!,Bass Tsuri Shiyōze!,バス釣りしようぜ!,basstsurishiyouzetournamentwasenryakuda,Japan,2002-12-05,KCEO,Konami,#players:1 #genre:sim>fishing #embedded:backup>eeprom #save:backup #lang:ja,ba5a3b9eb146dbd9d17b1279957dfd5a,4cd862e02892ccc3e2a170ef401bc778c9042a35,05f971c91b0e15206e8e284aa5571e8a009d33b8ebd7455895575c2839c7834a,b8cc5b83bf671bc7a71b672ce8350efb954b08cb24e153ab80581d1386412ffc781c0fdb2fe912881e1fca87561ba89e3bf528c565e08380fcda92749a7e087f
Batman Begins,=,Batman Begins,=,batmanbegins,Europe,2005-06-24,Vicarious Visions,Electronic Arts,#players:1 #genre:action>hackandslash>platformer #embedded:backup>eeprom #save:backup #based:movie #search:feature>batman #lang:en:fr:de:es:it:nl,8c48059bf2c40a78b9739edf5ea411cb,05c7c1bea2b0cb77976e07c8f2a8b0ef5d1f5685,1cf4376fb235252b43b4365527914e356a9af9c6299eee90ab6b138bae05f6bd,442cf8539ec5a5a11d3a7b36efd6a7afb9a63576f00568d21c9e7a5ab5be29165dc94b6ac0ddece871ef9cc02818f6d4950a8a18648f3befb326259e530e225b
Batman Begins,=,Batman Begins,=,batmanbegins,USA,2005-06-15,Vicarious Visions,Electronic Arts,#players:1 #genre:action>hackandslash>platformer #embedded:backup>eeprom #save:backup #based:movie #search:feature>batman #lang:en:fr:de:es:it:nl,8c48059bf2c40a78b9739edf5ea411cb,05c7c1bea2b0cb77976e07c8f2a8b0ef5d1f5685,1cf4376fb235252b43b4365527914e356a9af9c6299eee90ab6b138bae05f6bd,442cf8539ec5a5a11d3a7b36efd6a7afb9a63576f00568d21c9e7a5ab5be29165dc94b6ac0ddece871ef9cc02818f6d4950a8a18648f3befb326259e530e225b
Batman: Rise of Sin Tzu,=,Batman: Rise of Sin Tzu,=,batmanriseofsintzu,USA,2003-10-27,Ubisoft Montreal,Ubisoft,#players:1 #genre:action>hackandslash #save:password #based #search:feature>batman #lang:en:fr:es,294d2e2e0782a347a04eb438185d805f,e4b38b537139de90659a25c7a51ba44cb7e9111c,bc8a19170703fb343a669d4b9b72f762cddc94b0af9a32aa1e0c150d9ad4df1d,f53e78fd0133fc7f8850d2bb0d7655d1700b562c09df693e681e346e5ece7b573e257dcd4bb63007fe2e997a8da949276bc1ccb88d154a78d4c4dd74cbe736b3
Batman: Vengeance,=,Batman: Vengeance,=,batmanvengeance,Europe,2001-11-09,Ubisoft Montreal,Ubisoft,#players:1 #genre:action>platformer>hackandslash:puzzle:shmup>v>h #save:password #based #search:feature>batman #lang:en:fr:de:es:it:nl,fffe680eff483b4d4366964eb7a150d8,413d18ee8a41e4b5051ea5bed343edf8e52eeee2,3fd9b933f682ddd0d2c6868dd717b437b5801f2e193ef1445ef2f2ade2b6402e,40ec7eb346f945705f8cae6e81b24e5bc71229c2f41003b064d840578e794ad1a8fa1fe6244b10fd475441c90a9b2affb7724eac446a05cde2880e544270d60a
Batman: Vengeance,=,Batman: Vengeance,=,batmanvengeance,USA,2001-10-30,Ubisoft Montreal,Ubisoft,#players:1 #genre:action>platformer>hackandslash:puzzle:shmup>v>h #save:password #based #search:feature>batman #lang:en:fr:es,06a6d7cd07281747cfe0300700a960fd,cde073ffbe21deabdfb8a6d47eb16db14068f468,760a9f3d9c6f8117b274c5435edfa7c5c7caeeb3ce6d8b197035ec442686b074,ae55638d050dfe68f5d4e9cc6d248907073eed552ef440149d196021f72c172cd225bb1cf8306f96c51a133070273c907f45bf66f75c208b3b6902f6a595a372
Battle B-Daman,=,Battle B-Daman,=,bdensetsubattlebdamanmoerobdamashii,USA,2004-08-05,Atlus,Atlus,#players:2:vs #genre:shooting>gallery #addon:link>gbalinkcable #embedded:backup>eeprom #save:backup #based:manganime #lang:en,2b6b408513302519fd0e3fa72a67444b,7016e0667201c965b6ae78c114b6cc5cb5ec7ff7,3545429459efb6ab54943ec074cbcad253a5642a0caa2a3c361f4f3d287a6229,d156dea66c08b092b56b559bc9dffcdee5ea1b567341ecd1190ec2af109a37cd9f28e120d42ac03cc12ee4fb6bfa0ce33859b569c80e8ab507b07d6c6c8875c1
Battle B-Daman: Fire Spirits!,=,Battle B-Daman: Fire Spirits!,=,bdensetsubattlebdamanfirespirits,Japan,2005-08-04,Atlus,Atlus,#players:2:vs #genre:shooting>gallery #addon:link>gbalinkcable #embedded:backup>eeprom #save:backup #based:manganime #lang:en,e1b689a5776e8e35840e3a676fa11853,d57084c399bbd4b37d145b712ff6ca22db9b1c49,14c61976e2b634640ab60a38f7baaac3ae3b7de8b6d142d17321afc89138ff14,a70a9dfb015e1dcb8ef8ea64507318d39a2798371ae87921234b3ac8e81887cbac55c04405c4648c8f1eca10e5baf69bc194ca814e104a2fcd4d1a6d7d0ccfad
Battle Network: Rockman EXE,バトルネットワーク ロックマン エグゼ,Battle Network: Rockman EXE,バトルネットワーク ロックマン エグゼ,battlenetworkrockmanexe,Japan,2001-03-21,CAPCOM,CAPCOM,#players:1 #genre:rpg>j #addon:link>gbalinkcable #embedded:backup>battery #save:backup #lang:ja,1e35207a805af5bafde2361df6721c60,6e42dbd5cdee25851fb55dba060b28e28e4f4e5f,5a453d04c8928d0e9426dd1643c3a18d1313ca38a5d2a8babbde8a5acc0c5a45,0e93cd13694833a23d4d95347888c21cb7cf88f43687e1d7f4578963076f1f5822550cabcb7728747dac898587e1eb5a4fd21c79fb0285f1dadd3fcf13544db3
Battle Network: Rockman EXE,バトルネットワーク ロックマン エグゼ,Battle Network: Rockman EXE,バトルネットワーク ロックマン エグゼ,battlenetworkrockmanexe,Japan,2014-07-09,CAPCOM,CAPCOM,#players:1 #genre:rpg>j #addon:link>gbalinkcable #embedded:backup>battery #save:backup #lang:ja #rerelease:virtualconsole>wiiu,2c473ca8fb6b7a76777029d1eee066fc,7872a276d0059ff0bcff86fd3f843cace3cc8840,73b74911e1ff4d7613af999dadc8534e33bae4138012fe82967332afb1e56529,6f35c98ae5781fe8433c53b7348eedc11cc0e5342a00d22c93730abdacb38edbc0af2cb99fd4fe240abafc394520ecf0fffe67b1cd04f7b9c968cbdb6ce85f95
Battle Network: Rockman EXE 2,バトルネットワーク ロックマン エグゼ 2,Battle Network: Rockman EXE 2,バトルネットワーク ロックマン エグゼ 2,battlenetworkrockmanexe2,Japan,2001-12-14,CAPCOM,CAPCOM,#players:1 #genre:rpg>j #addon:link>gbalinkcable #embedded:backup>battery #save:backup #lang:ja,5c9a6664da79a4893895fd0c380fd020,6ed31ea56328673ba9d87186a7d506c701508e28,56c83696f4e79bebca91c7969b84c03691aa4ca74575af415eaab23a5749b2c7,127e872d5e5c54891c6ebc3477dfa3d86ef884a8f998a9e00e7ad84de3d04777f11e1bc76df0865d63dead694e5649fcaf070b5fc4e156b062b51354190dee2b
Battle Network: Rockman EXE 2,バトルネットワーク ロックマン エグゼ 2,Battle Network: Rockman EXE 2,バトルネットワーク ロックマン エグゼ 2,battlenetworkrockmanexe2,Japan,,CAPCOM,CAPCOM,#players:1 #genre:rpg>j #addon:link>gbalinkcable #embedded:backup>battery #save:backup #lang:ja #rev:1,ae77f77fe5879abfa3a15d4422dac2db,9cb4d57bdedee5a760e98a3068c0e39a293b447c,1afe35e1d00099d62cbddad43c2be3f0f3c3f0f333e8df54456076cb2df6a6b8,95e629fb86959fe442441c60cd91f60d2cfb371d79cdf8f090fa2a9be4a3b4ba72f1902663164e59e2aaca6537a91c88bc610d4f14aa12cbf848d14ff41d008e
Battle Network: Rockman EXE 2,バトルネットワーク ロックマン エグゼ 2,Battle Network: Rockman EXE 2,バトルネットワーク ロックマン エグゼ 2,battlenetworkrockmanexe2,Japan,2014-11-12,CAPCOM,CAPCOM,#players:1 #genre:rpg>j #addon:link>gbalinkcable #embedded:backup>battery #save:backup #lang:ja #rerelease:virtualconsole>wiiu,4773e33b53acafe58f37c7d095c519fa,1c2416dfb86936752c5f68861f6339feac21458f,e7a931a0a9ff6654328c98891aac357748650ae447d2a0b7b1a358efe27701da,339e76b620068f358c865bfcfa502d9b94c09c8c93c8638b0aab68d972d3ffd247d5ba984ed74a56f6cc41822b228f3ab8624cde556cbc144efddd90854f28d5
Battle Network: Rockman EXE 2,バトルネットワーク ロックマン エグゼ 2,Battle Network: Rockman EXE 2,バトルネットワーク ロックマン エグゼ 2,battlenetworkrockmanexe2,World,2023-04-14,CAPCOM,CAPCOM,#players:1 #genre:rpg>j #addon:link>gbalinkcable #embedded:backup>battery #save:backup #lang:ja #rerelease:rockmanexeadvance,87dd60f33b342bc878a05bdb4ca8e753,7f6e770282718813f1115b29ec502f77422ac300,0603fd7e5a9afbdd615ed3bc1b77bb37707a986a80622931046fa1b3a5a99d4c,9a2158add07b86ca9baddf754e97ba59341d8f57cfb9ede45a7e473b794f3b228823e743a5d67817cdd76135c4acd2d2aeb62900406c856e27330ec797ddc35f
Battle Network: Rockman EXE 3,バトルネットワーク ロックマン エグゼ 3,Battle Network: Rockman EXE 3,バトルネットワーク ロックマン エグゼ 3,battlenetworkrockmanexe3,Japan,2002-12-06,CAPCOM,CAPCOM,#players:1 #genre:rpg>j #addon:link>gbalinkcable #embedded:backup>battery #save:backup #lang:ja,ee0b14aab3ce1039857ad005636e07a4,2a381543f84dacc0f8310d4516fde0c33b5feca0,c741e44fa0313fac15e8b29e788ab8ef3f780cd869b300f1a6f2f6cda65a9d5e,5c704de3f70f5b3b9e95579211345cc3472d547599be44ee3814d9b504bcbdae5ddd3038308c62ecba6859040af5c315fc06359a980eb127078d05ce3b759a39
Battle Network: Rockman EXE 3,バトルネットワーク ロックマン エグゼ 3,Battle Network: Rockman EXE 3,バトルネットワーク ロックマン エグゼ 3,battlenetworkrockmanexe3,Japan,,CAPCOM,CAPCOM,#players:1 #genre:rpg>j #addon:link>gbalinkcable #embedded:backup>battery #save:backup #lang:ja #rev:1,15b8647b2a4e1d62f779703a0a50154a,87e0ab10541eaaa5e9c01f7fad822a3e1bf52278,416aa3d4be363fa3032343c754c924c4d367735dafb5b9158bb2ec234458d2f4,a72c8cac3c3373770b24df38b8382f215ff82bd7894566c5a0d6eb98fa641dc7dd835c7209f8af6ad2519f2947a417a0efbbfbeb0de589ef6d091f70f759c623
Battle Network: Rockman EXE 3,バトルネットワーク ロックマン エグゼ 3,Battle Network: Rockman EXE 3,バトルネットワーク ロックマン エグゼ 3,battlenetworkrockmanexe3,Japan,2014-12-17,CAPCOM,CAPCOM,#players:1 #genre:rpg>j #addon:link>gbalinkcable #embedded:backup>battery #save:backup #lang:ja #rerelease:virtualconsole>wiiu,0644bdce94af8ec7e33f0aee1830b497,e2a7c4abba66d17e073281e9ea44b6a5760b53c6,87c2033bc0c38ac7762baea38116641646e4a73f1842fc24009cc3808f3e94f4,f1f2e0f39b437e685c47194e64dfd1fde056b93de4567d8c8a848221d154f756945cb45b799475c8dd5a2de028a20a605217e91948c3314c8a842cb2f717af16
Battle Network: Rockman EXE 3 Black,バトルネットワーク ロックマン エグゼ 3 Black,Battle Network: Rockman EXE 3 Black,バトルネットワーク ロックマン エグゼ 3 Black,battlenetworkrockmanexe3black,Japan,2003-01-19,CAPCOM,CAPCOM,#players:1 #genre:rpg>j #addon:link>gbalinkcable #embedded:backup>battery #save:backup #search:keyword>promo #lang:ja,0b57d3560459bd31c60667ad64843343,ff65af8fea15ecf5a556595efe414d1211a9ab4e,ac3d34d7011ef2cea2f916c52bf80d8f1cf89cbbc7e07456067bd20b09481d5d,e2aca71e0b4f5f89473de1df8d7e8807bdc17dd6c52027c5ed785c53fdcc4496d7525ad2fd2ef38925752bdfc2d70df471671be891dcc9cd6df8936b4d671e38
Battle Network: Rockman EXE 3 Black,バトルネットワーク ロックマン エグゼ 3 Black,Battle Network: Rockman EXE 3 Black,バトルネットワーク ロックマン エグゼ 3 Black,battlenetworkrockmanexe3black,Japan,2003-03-28,CAPCOM,CAPCOM,#players:1 #genre:rpg>j #addon:link>gbalinkcable #embedded:backup>battery #save:backup #lang:ja #rev:1,ce9f58d790acd6260bd45ca4346fac74,e089a2254496a4791666c8122585cb785e3012fc,f35f6b8a03049e4f23f8cc8c814a846bb5846b21fb8ee24ef40596a9d7554a49,6bb69fa5a4cd3c0610baf2d461ecc14632cfb8950487b7e37930e192eed90154029bf348fe2dbc2d05ad4f1c709a16f8b40c433b31061987dfd846ac65bf3d8f
Battle Network: Rockman EXE 3 Black,バトルネットワーク ロックマン エグゼ 3 Black,Battle Network: Rockman EXE 3 Black,バトルネットワーク ロックマン エグゼ 3 Black,battlenetworkrockmanexe3black,Japan,2014-12-17,CAPCOM,CAPCOM,#players:1 #genre:rpg>j #addon:link>gbalinkcable #embedded:backup>battery #save:backup #lang:ja #rerelease:virtualconsole>wiiu,581a071396ac05540d7f25109e711480,42ed01e9c8fdc0ea7c0703c821322bd196c66be4,c1ee3202d33c6bd875b790dc29862c4fef1def18645e853b774f5a460cc90647,db62a52f2d9562f6196022c06f698987bbc07b95a05e39f3091a0b2a2df8ef228577c259375931903e4d01d9423d362b388fc316b8031e566695192e47c68738
Battle X Battle: Kyodai Gyo Densetsu,バトルxバトル 巨大魚伝説,Battle X Battle: Kyodai Gyo Densetsu,バトルxバトル 巨大魚伝説,battlecrossbattlekyodaigyodensetsu,Japan,2003-09-26,Starfish,Starfish,#players:1 #genre:sim>fishing #embedded:backup>eeprom #save:backup #lang:ja,8537579863758cead65406c13ab40ec0,6fcfd1823b760a69ce5140af72c9afc32e334431,c87f87e975fb16a5c173e8e9dcc8f8ba076092e9c2a6dc92e614f8a2bf3b3732,97a9093c1b6389f9692ee636952e70152c24c038c9c337758579b98547eb661cbc1ee94e35fbb47d6860d4aea7b29c30c8eb5af83c5e8dd86a81607565c51388
BattleBots: Beyond the BattleBox,=,BattleBots: Beyond the BattleBox,=,battlebotsbeyondthebattlebox,Europe,2003-06-20,Cave+Barn/Pipe Dream,Vivendi Universal,#players:2:vs #genre:action:fighting>melee #addon:link>gbalinkcable #embedded:backup>eeprom #save:backup #based #lang:en:fr:de,d7897c2530deaa9d6abc224fe9026f50,b5825f0bcf1e02dc88be22ce4d889e27f92c01c3,ff82b20febd8347ab2fa1bd07747880480d45221d9e012525a203fe135d2ddb6,4aec4c0cb3864451962479d9e330a26f76d2e3709d30f19bced213c86985b10f12aa12e6970c00e5493339433def666509e9e09fe72294c5b3a5f7e75e8332a6
BattleBots: Beyond the BattleBox,=,BattleBots: Beyond the BattleBox,=,battlebotsbeyondthebattlebox,USA,2002-12-10,Cave+Barn/Pipe Dream,Majesco,#players:2:vs #genre:action:fighting>melee #addon:link>gbalinkcable #embedded:backup>eeprom #save:backup #based #lang:en,4d5bd1475fb898e5be99b85aa45f77fa,aa4ee55f8bbb906edbec1761eccc067454a881f8,764bb6781efd35986c01e70a230a1cec4b48c308febe6f3ffc0603ce802a818f,6fbe019561f5070229cb8a447f478fd7455edb3892dc4f63fb320bea04a96136d2924ec1b6f9ad6c877f1ba4ccd5a3593e05611a0c33c389dcf2ab2ad62967d1
BattleBots: Design & Destroy,=,BattleBots: Design & Destroy,=,battlebotsbeyondthebattlebox,USA,2003-08-31,Cave+Barn/Pipe Dream,Majesco,#players:2:vs #genre:action:fighting>melee #addon:link>gbalinkcable #save:password #based #lang:en,c93537014d674bf5843cb1ab5eb942c5,635986e584ebdc347c77eb45b1370a1206fbd7d7,0352c43aa4ac19dea33c2041e106498b77ddad846db5ac1dfb8a00b0ba20ab44,5baedb1fdc0e0e1f8d443e08f8b3a07ba2e413414bb1a9ddeda5bbf35e1cd1b90a0afbb3319df79567efc83fa86daa3e4601295c329f4c18c9d878ab7fe1cd16
(Battletoads),=,(Battletoads),=,battletoadsgba,USA,,Rare,,#players:1 #genre:brawler:action>platformer #lang:en #unfinished:proto,7357dacd671dd3af8bd4a528d0f85493,4ceebb84a77e4626c01dddd2fbc8446344ebf504,debacb081cc3610e138b92fba56bc30ebbee63e8dc0c670b85d2e1d237dc3a46,5848e6d410d6db23d399cb977fd9ab144732ca8267dc76183dc2e94a71d333ad0b4c14db87efb2fc8890678beec29ef2a4fc00da1c925ef4deff96249bba5598
BB Ball,BBボール,BB Ball,BBボール,bbball,Japan,2004-06-24,Micott & Basara,Micott & Basara,#players:2:vs #genre:rpg>j #addon:link>gbalinkcable #embedded:backup>flashram #save:backup #lang:ja,4d01ff5d60cfd19a61fd062efdbce0e0,6f7cf0287646093f0428c060d3447c503d602d1a,a0f2ec393d391ab7d6fb704c139a08d9dd4e3a3d8d152ef3cb96c34fee769a28,3847f6491be5743907f210c28c9f9afecdf42a542f927065f04cb8fdeed4cfe1d75ed22f296584861e8acc8e1c74c7100f1e533c43404258b2d7b2d3cf634f43
B-Densetsu! Battle B-Daman: Fire Spirits!,B-伝説! バトルビーダマン ファイヤースピリッツ! 炎魂,B-Densetsu! Battle B-Daman: Fire Spirits!,B-伝説! バトルビーダマン ファイヤースピリッツ! 炎魂,bdensetsubattlebdamanfirespirits,Japan,2005-08-04,Atlus,Atlus,#players:2:vs #genre:shooting>gallery #addon:link>gbalinkcable #embedded:backup>eeprom #save:backup #based:manganime #lang:ja,b97c2e5c0d2668ebb244d6afa0b1ad95,8e4fc778307bd70a0179f788eb58c4cc06886139,8bd3d35887e93deb2cc0587bae6ab8c80c5a9ec37794ebae713a602e9805cdfa,64cda76b9e6a340fefa63259ec3272a7594d483bc0876a45fa81340cce38498e69def4302f708474f7035626010a88558adb064e178f221a29b26b36534a8e42
B-Densetsu! Battle B-Daman: Moero! B-Damashii!!,B-伝説! バトルビーダマン 燃えろ!ビー魂!!,B-Densetsu! Battle B-Daman: Moero! B-Damashii!!,B-伝説! バトルビーダマン 燃えろ!ビー魂!!,bdensetsubattlebdamanmoerobdamashii,Japan,2004-08-05,Atlus,Atlus,#players:2:vs #genre:shooting>gallery #addon:link>gbalinkcable #embedded:backup>eeprom #save:backup #based:manganime #lang:ja,a479748cb20e4ed3d72a829dc5a870fd,49beba2e36459af92917acf911cbf2492f1b07f1,b880b2be1881f26031b5966b9161423b709eddd9d476f9b2c097ae7d648ead09,dd256c898a02f66a41a983090c1ad199a8b009cbd0d514322f550ab487bc1c57669a1f6194f65b91f23004b5ed2350fd78b6eadf0cdd477f9ae9ea57fd7a7ba9
Beast Shooter: Mezase Beast King!,ビーストシューター Beast Shooter めざせ闘獣王! ビーストキング,Beast Shooter: Mezase Beast King!,ビーストシューター Beast Shooter めざせ闘獣王! ビーストキング,beastshootermezasebeastking,Japan,2002-10-31,Hudson,Konami,#players:2:vs #genre:rpg>a #addon:link>gbalinkcable #embedded:backup>battery #save:backup #based #lang:ja,cec078b8f24ae79589e34454784f2386,1ad488b753498f271ce9c280197ff8e78b1c99bf,e3a06c5f35d663cb83f6a8ef99cb767096a30507c73b6eb0016b3f8f6dc4e4f7,07ae99decd6bebf0c4430447718de5242b0f3906d2693db7769242b5453c42c66e8decc3e2bbaf34625f33e72b98161d7800d7e337884d7380a1ac7260a875b6
Best Friends: Hunde & Katzen,=,Best Friends: Hunde & Katzen,=,bestfriendshundeundkatzen,Germany,2006-10-23,Sproing,YE,#players:1 #genre:sim>pet #embedded:backup>eeprom #save:backup #lang:en:de,458f1b31b305d4dccdab13be203411e0,5cafaa89770e4010026ad691e6e33965f27f8852,76345d33bbb667863ab4a439d0fc93a0c3a99f3e8c65c4f8b871e571b6ff0653,66210c9c37d042449ed1110a9a0dd4a8b6c1ff3275b3b094da86174b4290dd557c140fea90851c2f9547890aea2e7e6ad0d9f002a8bd074460f5fa8110b373b0
Best Play Pro Yakyū,Best Play ベストプレープロ野球,Best Play Pro Yakyū,Best Play ベストプレープロ野球,bestplayproyakyuu,Japan,2002-10-25,ParityBit,Enterbrain,#players:2:vs #genre:sports>baseball #addon:link>gbalinkcable #embedded:backup>flashram #save:backup #search:keyword>official #lang:ja,a1ae1feaf8199f7c6e2dc368382890ba,bb46a4556aa059f89522251ef0e6c981dfbf5169,7897da11bacd454e692b67a7517b5e8d83bfb9ec62ebebdc12005337e1302316,7f46194a995a169c180d71b0d41dc547ec61653e2b2c0995045f505d29ab9ff97545f740473a39d0f7d619928665b3126fbbff20406df625ad5632b7e4f70720
Beyblade G Revolution,=,Beyblade G Revolution,=,beybladegrevolution,Europe,2004-11-26,Full Fat,Atari,#players:1 #genre:sim:adventure #embedded:backup>eeprom #save:backup #based:manganime #lang:en:de:es:it,2448dbe0ddd454ad9b9217e2f3c64787,8e6d3aec2506ccb71e72feb30c52b22cab7ab563,acd45c036b6fbbf8a2710f641c43a0c25c510f5501d47c07450b929b0fd29738,18c03fec53429ce348cc2c885b34ab4347a0d9004409bec0e85d1007d7f5be36c6a80b13c31f397ea7723fe5a9d89add6880217c90dc13db7c1c27bc7195e650
Beyblade G Revolution,=,Beyblade G Revolution,=,beybladegrevolution,USA,2004-11-18,Full Fat,Atari,#players:1 #genre:sim:adventure #embedded:backup>eeprom #save:backup #based:manganime #lang:en,78c34b8026991ab7b0a4990e1af5d9b5,a89f7b4eb77dc986022201db51a676451ba7c5e4,c4a568adc896bace0e25dbff4aa0c1802933c88e3f4a4e825075116c8c4173e5,8908991fb780254b4abaead4293f1077de867fadd4f7c3a6739650bfc5c5b20875a6c88b03b98e9c7ee7756e1d0363f0bd1cd7c495c9903ace0d9a196fdc3c9c
Beyblade V Force: Ultimate Blader Jam,=,Beyblade V Force: Ultimate Blader Jam,=,beybladevforceultimatebladerjam,Europe,2003-11-14,Full Fat,Atari,#players:2:vs #genre:sim:adventure #addon:link>gbalinkcable #embedded:backup>eeprom #save:backup #based:manganime #lang:en:fr:de:es:it,d3057e966f2383ba5664d4523d8f6df1,6d20a586e7bb52b4a9352bbeaec9d7be65e93369,4d75f32807a23c424d7d9e0e1cd17c6f59d10912ebfe3dbbd80f196ba2b32cda,45c57d8b846831fed75e325bb8cd2ee1d060965903270e68c3227ab98379df2c27e728ef661cee7decdc7f6d1ed945d341d374857f15faadc701c208a01ddacb
Beyblade V Force: Ultimate Blader Jam,=,Beyblade V Force: Ultimate Blader Jam,=,beybladevforceultimatebladerjam,Europe,2003,Full Fat,Atari,#players:2:vs #genre:sim:adventure #addon:link>gbalinkcable #embedded:backup>eeprom #save:backup #based:manganime #lang:en:fr:de:es:it #unfinished:beta,2556b3d052b71961c52f618689595429,9210a12ce01fefbf7994af2a8d51351ed82d7253,52ddc443a7a0e7b82ed5ae5373311827163c8ed4ec163ac9eaeec025731261c5,1bdbd364e1c5fe9f51e3b2f23a043a09ec28eacade4b7818327d2e26f179e900afd582e790afd942bb7fdae6ef1663c0525feaf6a8d02046ef271c65711165a5
Beyblade V Force: Ultimate Blader Jam,=,Beyblade V Force: Ultimate Blader Jam,=,beybladevforceultimatebladerjam,USA,2003-11-18,Full Fat,Atari,#players:2:vs #genre:sim:adventure #addon:link>gbalinkcable #embedded:backup>eeprom #save:backup #based:manganime #lang:en,de37c8d6f9b8cd56dfd81ca0f754e54b,cd527c8c24e20e33913fc45199e64b3e6138a6e5,a9f4bdb4d7f889fb099aed794f5c03548c2f5e12fb9a1d3463278835f72db41c,d01fcb5ef62daa5eef12c18b45ffb5d5e44e6740c6afb834142d347769ab18debbebb870a542516baa4a72c53dc4c1001cd3d3ddf7cde8580469ba9dca1e1a62
Bibi Blocksberg: Der Magische Hexenkreis,=,Bibi Blocksberg: Der Magische Hexenkreis,=,bibiblocksbergdermagischehexenkreis,Germany,2005-08-13,Morgen,Kiddinx,#players:1 #genre:adventure:action:minigames #save:password #based #lang:de,c3c8470c8b0e460def74307fa985666b,2d16c365c4614d8e2839e352d5a1878be34cdd9d,266a182a9e8a387a81d6ff5a5934922ed910961534b9d5c85645a0b885f52752,0ec2426386888a7fb6f53a4cb6e648450c6da24d375cf3197be57c2f805dbc7466efd0915cac8b2c6300ac4cd57bd7d5891d2cb738b321b32dd951533fbf4718
Bibi und Tina: Ferien auf dem Martinshof,=,Bibi und Tina: Ferien auf dem Martinshof,=,bibiundtinaferienaufdemmartinshof,Germany,2006-08-11,Morgen,Kiddinx,#players:1 #genre:adventure:sim>farm #embedded:backup>eeprom #save:backup #based #lang:de,f50a0c3fbf3e206528a3e6f99c80820c,b7361717769fa942e04827de416b1fc1b5bcfd3e,ae1ee0d8a25dd5232b765426077eaf729e76953bb0c74f5017c7a3d0f7d163e5,45f3687edff521c70c40b5987f58f4d6f6bfed2397a02f3847e8e3469063432c33c8a08f331185528fd3d205146ec1fa594f1f2af96460efb3f3260457abb664
Bibi und Tina: Ferien auf dem Martinshof,=,Bibi und Tina: Ferien auf dem Martinshof,=,bibiundtinaferienaufdemmartinshof,Germany,,Morgen,Kiddinx,#players:1 #genre:adventure:sim>farm #embedded:backup>eeprom #save:backup #based #lang:de #rev:1,7b7889cf526b800182964798c7e3345e,29b46f4728d55db0e0d4092a9bf85f143adc7e22,84def3d5152667ccb6e83a4c48652f5b48642838f2949fbefcdf23311046cdc6,95811a9130df554fcc8f3149fa63aca36ead62c0a7aac8b20c6b5bc5f57ab1233a2e177bb0c7d1c0019ddb6f35690c4fe43fd27ad116ada9758859975931749d
Big Mutha Truckers,=,Big Mutha Truckers,=,bigmuthatruckers,Europe,2005-12-09,Raylight,Zoo,#players:2:vs #genre:sim>driving:racing #addon:link>gbalinkcable #embedded:backup>eeprom #save:backup #port:sony>playstation2 #lang:en:fr:de:es:it,34f00ecb5b316478806eeca84cf62e55,78c81fc4e41c7d846e876411f4759a17495aec3f,b76e6ef88ed63cf5f942160b24a5d6d09d579e24e64c9aeea7cb2350ba218f3e,1ab738b296e6d468768968dec75b498b070657f4b1aa39b832a8364dced3ebed0dc4504a588e7ef203d2878f801198b7e62c6b9361300b9cc0368c21fdadc9cd
Big Mutha Truckers,=,Big Mutha Truckers,=,bigmuthatruckers,USA,2005-11-09,Raylight,DSI,#players:2:vs #genre:sim>driving:racing #addon:link>gbalinkcable #embedded:backup>eeprom #save:backup #port:sony>playstation2 #lang:en,f1be09ac4b8d6a9e2c955cab741669ef,6d48801835c211decd50244e38145823b0c82be5,78a17fd1ed21f93a08e00c5de1038d16a068eba1680c137b87caf6fe98ff819b,1216a41ebeb22f4a85daae475465f5d7f9b8a7060674dcc5bcf841a77f210d8337f699c9f18251731de033dab302af971b8dadcc6e916f3465dd75ad8810e946
Bionicle,=,Bionicle,=,bionicle,Europe,2003-09-26,Möbius,THQ,#players:1 #genre:action>platformer:adventure #save:password #based #lang:en:fr:de:da,2c60af1c2c17377c27b2d9aac79f0cea,c605ab1aa03eba6bc957929aa5c707a052b06b0d,4505abfab1f3de90e830fe6f3c8ae452cedb60dae97a8265e6f4678f4deee193,19b6849342515a13476e148d599267e6d7cde21385610a4e4f91721970dadf45c8cc90bb16c659b65924e38003a7e10f0dc10258c3341a1f86f079b2646415ab
Bionicle,=,Bionicle,=,bionicle,USA,2003-09-10,Möbius,THQ,#players:1 #genre:action>platformer:adventure #save:password #based #lang:en,1934b7380ba91e4966f12c2968451289,2bbff2410dce12b96b98a193a5c5fb07e7b30b8c,6cd99f48817d590b1b99fd2ba9e669e6d35ec16fcf167e0a10a77dc52d1f1e84,61c450696a9e9eee16d9a7afbe0a69f930b3f863995aa8c27927d4f4c21dfa743912382be7e87054c5e80641ea519875b44aeffecb2e2dcb78683a0cfb0f2102
Bionicle Heroes,=,Bionicle Heroes,=,bionicleheroes,Europe,2006-11-24,Amaze,Eidos/TT,#players:1 #genre:action>runandgun #embedded:backup>eeprom #save:backup #based #lang:en:fr:de:es:it:da,729bf3ff498b73f09885ba38735a2858,102304aab2816c3483618498cab65c1626f1ced5,a199b7d391f346084a4eaa5703d5d14d423c55acaae0ee70977679fdefbf7b19,9c8faa3114160399a2cecf70298cd48fefeb54a45ea9084f3c6e0450938b3dc98413d348bf2b44e00924af7520eb323ff0ce28ea55d399c514d45120d73444f6
Bionicle Heroes,=,Bionicle Heroes,=,bionicleheroes,USA,2006-11-14,Amaze,Eidos/TT,#players:1 #genre:action>runandgun #embedded:backup>eeprom #save:backup #based #lang:en:fr:de:es:it:da,87d4626c1736b29a0e1f81cb6f3306a6,0996770ebfbbf2c272542e1ad4ffb0fcae9c3828,8bd413f0ef3b49d2572f7abb32b9102c6a05d449d4acc6d6df9109d433c467e4,1a81a49c8e8fa5b1d4121394edd34f4be49a398dd4143f834c3f1cc561c4d1088d587dcb4f3ddd38d85198b8c02ef77356b1db02ae951026e5a0eeec107d261f
Bionicle: Matoran Adventures,=,Bionicle: Matoran Adventures,=,bioniclematoranadventures,Europe,2002-11-01,Argonaut,Electronic Arts,#players:1 #genre:action>platformer #embedded:backup>eeprom #save:backup #based #lang:en:fr:de:es:it:nl:sv:da,ed573adeab96072232623aa7cff4f077,a478f5880c484a70a5fdefc42f73aae2eb948168,a0df916402b36c0b605201059e4d7872c4c94d88b43473d270ed3ab6bf56d002,479d029c0a9ebedd9c0abe1d5cd034a6d9d0f350714631f8da80418a55fa5ad0dd7dcecdd128f305a8dd5e56dca872111cf723ee847bd7af8a758e7bfd292c6c
Bionicle: Matoran Adventures,=,Bionicle: Matoran Adventures,=,bioniclematoranadventures,USA,2002-10-24,Argonaut,Electronic Arts,#players:1 #genre:action>platformer #embedded:backup>eeprom #save:backup #based #lang:en:fr:de:es:it:nl:sv:da,ed573adeab96072232623aa7cff4f077,a478f5880c484a70a5fdefc42f73aae2eb948168,a0df916402b36c0b605201059e4d7872c4c94d88b43473d270ed3ab6bf56d002,479d029c0a9ebedd9c0abe1d5cd034a6d9d0f350714631f8da80418a55fa5ad0dd7dcecdd128f305a8dd5e56dca872111cf723ee847bd7af8a758e7bfd292c6c
Bionicle: Maze of Shadows,=,Bionicle: Maze of Shadows,Bionicle: Maze of Shadows / Bionicle: Labyrinth der Schatten,bioniclemazeofshadows,Europe,2005-03-24,Razorback,THQ,#players:2:vs #genre:rpg #addon:link>gbalinkcable #embedded:backup>eeprom #save:backup #based #lang:en:de,8364f53c818449f93687ec490cd90120,7ff9811e2bd40b24da02be194213d41a0885aa34,6e13242892906d65ab3013641cac8e10dc2c11ca38e2b5a227b9f092070a2855,293398818404239f6d448036563c1ecdc0a7ae4e6ae3a28baf37fb2d8d96bccaba0c9edc5746a98dad032ef6d44f5dc92445185fbb4f84da4b672286753fae83
Bionicle: Labyrinth der Schatten,=,Bionicle: Labyrinth der Schatten,Bionicle: Maze of Shadows / Bionicle: Labyrinth der Schatten,bioniclemazeofshadows,Germany,2005-03-24,Razorback,THQ,#players:2:vs #genre:rpg #addon:link>gbalinkcable #embedded:backup>eeprom #save:backup #based #reboxed #lang:en:de,8364f53c818449f93687ec490cd90120,7ff9811e2bd40b24da02be194213d41a0885aa34,6e13242892906d65ab3013641cac8e10dc2c11ca38e2b5a227b9f092070a2855,293398818404239f6d448036563c1ecdc0a7ae4e6ae3a28baf37fb2d8d96bccaba0c9edc5746a98dad032ef6d44f5dc92445185fbb4f84da4b672286753fae83
Bionicle: Maze of Shadows,=,Bionicle: Maze of Shadows,Bionicle: Maze of Shadows / Bionicle: Labyrinth der Schatten,bioniclemazeofshadows,Europe,,Razorback,THQ,#players:2:vs #genre:rpg #addon:link>gbalinkcable #embedded:backup>eeprom #save:backup #based #lang:en:de #rev:1,3b4b980b9031056501cfbfb7f8064df8,430c7dac6f7dd989294a8ac1cfdabd9e74b3e682,7ed83b35469e8a407852d8b5f8018c00028b6c625357e46c7743a453c9994730,0c0d18ae09731c19105a411f509e2915508decfcfe722f215026fc5dedfe3d3cb688bf6dc788b8a64e626df0f5b7e7c3ae05fac28923f11dd06d4919dd43eb63
Bionicle: Maze of Shadows,=,Bionicle: Maze of Shadows,=,bioniclemazeofshadows,USA,2005-09-13,Razorback,THQ,#players:2:vs #genre:rpg #addon:link>gbalinkcable #embedded:backup>eeprom #save:backup #based #lang:en,f4f51f42af0fcf96a1c33705f7f5ce08,34edcd0c8e951533d9b4641dfaefe2c762ded019,392489956f8d64f6d9e8e287e40eb4bbf4c45adf54060d02e7f7fef598f8ccb3,a231fa00198cdab695139688e55263ddcbcfb79e1e37ed67e5609c96643a4aaaa924f16e249c9c9ef26c92433b3d8cc2641a49ac422ee95f0103a2cf21da4b1c
bit Generations: Boundish,Boundish,bit Generations: Boundish,Boundish,bitgenerationsboundish,Japan,2006-07-13,Skip,Nintendo,#players:2:vs #genre:action #addon:link>wirelessadapter #embedded:backup>flashram #save:backup #lang:en,2845b893708a6b8705c6f799f45d6eb3,a4bed05485274d1521d985c2de6db6b258d986c4,f37ee29693a3c4dafe9afd7624c19dbe0fc042371f3ed17b0b7ab1aeb70295b8,550618b430772dde9a6e6785864c128645823ba08decb94c9f33bca8595e7c5773add598b922bb3f8940eea742165d19d614207179890a520f39c442e0fcc15a
bit Generations: Coloris,Coloris,bit Generations: Coloris,Coloris,bitgenerationscoloris,Japan,2006-07-27,Skip,Nintendo,#players:2:vs #genre:puzzle>drop #addon:link>wirelessadapter #embedded:backup>flashram #save:backup #lang:en,facea584a4c4465bcb9e028c7b36a481,91bce8cfab330e6645da105bb145516642c1ca20,c19ad6c97f3a43c2238dd210a685d624d8c1ed6fb2f4dadb9e1ae58cfc9fce99,a8ef7fc14057904cc1f0e3398e3e7bc1be58b86f0620459d032d6475ae5dc1d0ea4f7d0d0140577d4da75b2c4a1f3838c440d2fbfaac02a5d7061568fdd35644
bit Generations: Dialhex,Dialhex,bit Generations: Dialhex,Dialhex,bitgenerationsdialhex,Japan,2006-07-13,Skip,Nintendo,#players:2:vs #genre:puzzle>drop #addon:link>wirelessadapter #embedded:backup>flashram #save:backup #lang:en,a4fe285e6e4c0248d9d2fd9ae22590cd,6c6f74a7012f5bca0397c34b404a4d9e4b79c933,82b75fe95d951e9ee63651351ea9315ef992c40c72232e7c606dbab6f41ef8c6,a73cd24f34496c7f7f386f122365479b2cfc4fc40fe8c1309384fc2dfbfcb1f0e2bf89e6330c678e1f0f70415071fab432f92e537d05897efc6853fa7df01ae8
bit Generations: Digidrive,Digidrive,bit Generations: Digidrive,Digidrive,bitgenerationsdigidrive,Japan,2006-07-27,Q-Games,Nintendo,#players:2:vs #genre:puzzle>drop #addon:link>wirelessadapter #embedded:backup>flashram #save:backup #lang:en,0772dfd199bb5039a5d0cc5015d4af1d,106595acb960ecbf05dfc1909a0b7e08ee3ef1c6,b1038ab5c1fc7f2a2f32009853f4dcec3a6cefa3309a63f007b3fbc03eb3efe9,2b68f47eea5f466b2bc5f65ff818e91b6fede53e12915da584bfdb78fe20ca5b2c3e4013f378e52c1d596adcc98d02b9836574a26841c4c7c7e3e0ac909daac0
bit Generations: Dotstream,Dotstream,bit Generations: Dotstream,Dotstream,bitgenerationsdotstream,Japan,2006-07-13,Skip,Nintendo,#players:1 #genre:racing #embedded:backup>flashram #save:backup #lang:en,00fc773fff582dc53604a7229f64e82f,d0883352702f812a03b3c794163af0ff558bd4c7,ffb57892f1e709460df835e3a64e7dbad8d8bc907d9cf358dc2506e9a793eb53,d4f4a7faec41e870869c0ebca61d54a4f03a112a3b17522ef943d54daaeb25af4d83066e8d77821e28412ad7a1b9f8fbe3d5ed8b39a3f5f451aadcac02a835ab
bit Generations: Orbital,Orbital,bit Generations: Orbital,Orbital,bitgenerationsorbital,Japan,2006-07-27,Skip,Nintendo,#players:1 #genre:action:puzzle #embedded:backup>flashram #save:backup #lang:en,2885a1d384a596a6098855bd155a24a6,437e3093928ce9b0705476053a059d70f9f84ae3,e83c877144062a912a0e56aed2480a51f7d3e8753624526ad2778b2ea837acaf,d57305578e1abb7c1ee867272a6a27a497cb0524d46866a1ee8140c15ecc041f96e7917234a70308f564c66dfd579f3ec8d08e39adc47ffafc50641c2455e62c
bit Generations: Soundvoyager,Soundvoyager,bit Generations: Soundvoyager,Soundvoyager,bitgenerationssoundvoyager,Japan,2006-07-27,Skip,Nintendo,#players:1 #genre:puzzle #embedded:backup>flashram #save:backup #lang:en,6632f33046615d90a891259d0b2678f9,b376c61897f810685dbdd55833503a7ea74a235e,5da5e7f49703d489de0bf0158de4c9df009225be7a952b738e1e2f9f7ddea679,b77c688fc1ba6abe86fc33e81c127567dee70b83d82f691b6f3bbea6a25301acac5a9e5c93766ae1ea833b8eed184efb73d022128624fd34411f9770008c67cb
Black Belt Challenge,=,Black Belt Challenge,=,blackbeltchallenge,Europe,2002-10-18,Formula/Lost Boys,Xicat,#players:2:vs #genre:fighting #addon:link>gbalinkcable #embedded:backup>eeprom #save:backup #lang:en,edd82d2798c8537cfbf044fd1afd6a49,7965812c90267b4c9aa49d303aa651ad406e95a2,7b0a5a6e0a2d7ced922847491fb3514f1acd5a49faf7e542ba7481c940e1191c,affccc2f4dc93227bdd597885d51a0380ee7e061bd486558c2fe506d985dc58eba184dfadb1a6b44f5601d15de1fcde2b7a44402b621db5283921f02259ec82a
Black Matrix Zero,BM0: Black Matrix Zero,Black Matrix Zero,BM0: Black Matrix Zero,blackmatrixzero,Japan,2002-08-30,Flight-Plan,NEC Interchannel,#players:1 #genre:rpg>s #embedded:backup>eeprom #save:backup #lang:ja,567c4e75646947464920559892e5747f,697f85513ab5704b8b1d554e087a45bfdb92ec33,39cbc7c6a6d5fc9e03357795a3b46c6558dc6f882724d501d7fddb7e8c27faf4,a8609c77944f9118b2e8e9f3ef7d0bde1c147da99d2e796ee6cf7fe2c362d98ff9c2d6649c290636116c7a65b9acd78a4539cb7aa7afce4664f5bde19dbb878d
Black Black: Bura Bura,Black Black ブラブラ,Black Black: Bura Bura,Black Black ブラブラ,blackblackburabura,Japan,2002-02-08,CAPCOM,CAPCOM,#players:1 #genre:rpg>j #embedded:backup>battery #save:backup #lang:ja,20d7b1bcaf56617df5718f0052a83011,80cbb4fbfaf5b0b0f2a01b82c46b672b69ef3fae,94f0c9123890756464a9b27b30abc03f9300467ea5e0481ecdb77a3c3ed34dc4,b529e8c716463ec30da0fe66d68682876b52bd0d98efd1807ea4470dc585c4d890d4b5b4ff0ebcfbee957b83480b0da00cb36b053e54d3357eb0d20580ad78e0
(Black Sigil: Blade of the Exiled),=,(Black Sigil: Blade of the Exiled),=,blacksigilbladeoftheexiled,USA,2007-02-10,Studio Archcraft,Graffiti,#players:1 #genre:rpg>j #lang:en #unfinished:proto,78decb6a1cbed75cd7939884d2c52101,567e4efa496eabbf1db285e0ec02a8da8a8c07a3,c60328d7f7329c7eae67307f187b9edfd035f72c96d78ffd8cffcbd7394b45a6,cc74f1ac2b5843e581703f2a81f6fc06e509871060a2507b2beb32c5fd5454e973163ea52ba07b48227ab102f2adbed5144e5a911c4ff000178b3bcc2c31f683
BlackThorne,=,BlackThorne,=,blackthorne,Europe,2003-09-26,Mass Media,Blizzard,#players:1 #genre:action #embedded:backup>eeprom #save:backup #port:nintendo>superfamicom #lang:en,4c84df7f486bf96316e73cd655c0f46b,4611a129977a4a12186106bbf3a34a51b603d1ea,c62e744a42afdcbdf747d5e65fc95cd0b3a002480fd32906a68d2de02730afde,d0d1c9397b204a2e9e1b3e25fda3a216099922c0c9028f9dbc91c4016d19de8fcb1caee22edd3bdd0e395822e8dc7fd316c09d3d9ec5a9a3056c579381d1d08d
BlackThorne,=,BlackThorne,=,blackthorne,USA,2003-09-17,Mass Media,Blizzard,#players:1 #genre:action #embedded:backup>eeprom #save:backup #port:nintendo>superfamicom #lang:en,d0bb79fb5a05702ce8b7d03320fcdf52,8f7f8c2051130b881e1fc131360cbc4946a63535,2699ea8f2848dc41a5a22dd2ed236c3b8502fad04f9aff0b7e39cc898ef27db8,8014d251130fc18c7d53520b3490915650add7e88d405cac6834858cd700415569ec94409c924f1500ecce2fa92dc39d68b20a249a75c313fff67dc843ae7471
Blades of Thunder,=,Blades of Thunder,=,bladesofthunder,USA,2005-02-01,InterActive Vision,Summitsoft,#players:1 #genre:shooting>rail #save:password #lang:en,2164e4c57a166869961fa1b428fd6ded,ce371c336edb5e961878223936de61c40ccb4a97,10185cf2a77c8be78ba7657d648c25b0d7c19ec7514b177a62637fb5e451a80c,7aa216dcc8583f6993886c0cb87a529d40250fcdcd751ee848f9ebb588e2e84a293e340a54eaf6dea3cc4b52c7682cef6794b32c50ab214e8b7f63950a4b0ad5
Bleach Advance: Kurenai ni Somaru Soul Society,Bleach ブリーチ アドバンス 紅に染まる尸魂界 ソウル・ソサエティ,Bleach Advance: Kurenai ni Somaru Soul Society,Bleach ブリーチ アドバンス 紅に染まる尸魂界 ソウル・ソサエティ,bleachadvancekurenainisomarusoulsociety,Japan,2005-07-21,Alpha-Unit,SEGA,#players:2:vs #genre:sim:fighting #addon:link>gbalinkcable #embedded:backup>flashram #save:backup #based:manganime #lang:ja,a3827342698bd0ff407e2d805bfc27ad,29d24c38d3ec8bbe9d81df2f5ff61c4a2dadcee4,c889f2a733f750173fc55f90966e5f0fa461ddd19889fa675baca36e07d82f8a,42ca15efbc27884ea0f0a91e4d322ee21bd3189008011804b75f0c4194a9eda497850a6d582e8af894cd54c004066a63d0f64de16902ab7556b81f85794e38cc
Blender Bros.,=,Blender Bros.,=,blenderbros,USA,2002-04-15,Hudson,Infogrames,#players:4:vs #genre:action>platformer:minigames:racing #addon:link>gbalinkcable #embedded:backup>battery #save:backup #lang:en,8aa4f88927f3c5bf1aaed1562742a64d,485b1698b4005bc15a83982b85bac68bbbae40ec,5d9a18f14392d823c88de21a73ce7cd57baa5a4fac47c6ab0bad0956d6eb34b4,0e3a82ce887cd6bd7363a73235f5821c0cd1448ef880f9ed030fb8754caeba1ca38c5725261588ce5d099b6006064164f96fa69b71bad8b3534d4631787938cd
(Blue Angelo: Angels from the Shrine),=,Blue Angelo: Angels from the Shrine,=,blueangeloangelsfromtheshrine,Europe,2005,Virtual Spaghetti,,#players:1 #genre:action>platformer>hackandslash #port:gp32 #lang:en #unfinished:proto>1,63233c0e440c0b351ef902bfdbcf7b2e,d57b1f717ee65a8e45cf5c2a38a9fc542a1d1d20,5d9cb08dab8b1c7ed81b47512717408cd8c24fc9d95cb12596cd5e8a557b2610,b9af08154b6c13c6c52c2103923730f70fba434819fb0dd9faddd1630e02e094b758c2c12b2d98b84151663131d6040f388329b204ba58178fc2c9e891b7ca82
(Blue Angelo: Angels from the Shrine),=,Blue Angelo: Angels from the Shrine,=,blueangeloangelsfromtheshrine,Europe,2005,Virtual Spaghetti,,#players:1 #genre:action>platformer>hackandslash #port:gp32 #lang:en #unfinished:proto>2,84fc5415c6a687b656ba79df90cfc6a7,b238acd325d8a53ead8e72a95c29922e31d0012e,56d212e66cdf50aa98273cfb22d8ab869b5d031db1d370abc09c9345843ffc23,90101379b6d80cab576a1aa6b0926fed2274b1e663c8d300d0a1b6f29b4d51c955fbdd1bf071a4d4e8db199e8e974e8baddeb2d1f88f0bb1e5bea7ebb45952b7
BMX Trick Racer,=,BMX Trick Racer,=,bmxtrickracer,USA,2003-12-31,Hypnotix,Simon & Schuster,#players:4:vs #genre:racing:sports>cycling #addon:link>gbalinkcable #embedded:backup>eeprom #save:backup #lang:en,2b9a9998d870afaec5d7b0f1a2a477f4,3a42d3331e81e92d49e285b36ae1a6ed5db6a2ea,b0de1c426f95accf00f8fb0be9e3ab8d3b73de1b2b0a94e3bee2e28a5f68944b,7f350c05d721cf3d7ae143e3d7d6d12a806193fbcef5bf18efb92e8db582bb25cd6d663f245d4793112b2b5c545ebe87b06ef99e199e1a4f0d7bf8a13dbf517d
Board Game Classics,=,Board Game Classics,=,boardgameclassics,USA,2005-08-26,Black Lantern,DSI,#players:1 #genre:board>chess>backgammon #save:password #lang:en,871133b4e4e8b172f7538b0250c9bb45,83ba1075b9170598fea26d0f1f9f1ecd3cf0d6d2,3bef2ab6a83086c6cd52fc9f53e626ddbc5bb2fbd21b695532f34d622ddd2331,f98dca920820bf8e5ee0387c8c63b053522c47842330b76908e52dcecd3f2f8d219d5654f84f59830cabeb1184ef22394f20cffa9f8488b23a86b56eddbfdee2
Board Game Classics: Backgammon & Chess & Draughts,=,Board Game Classics,=,boardgameclassics,Europe,2006-01,Black Lantern,Zoo,#players:1 #genre:board>chess>backgammon #save:password #lang:en:fr:de:es:it,1da8c2e3f6594c4287770171d145b7d3,f9a3058e55d72efdebc5e2b4d2b5d6e00e71e5ff,bb5f5396c39b8c06552fded3b1a781a6583b39e251f947f75fcf9156955b50f8,ce74e000a13845a4cd99857223da46781c4363cddf4994ba0d4820743a54091c003749a6b3fa06f178bf44fa3dd3d82ee2442e43202499664a46308cdcfd5ffd
Boboboobo Boobobo: 9 Kyoku Senshi Gag Yūgō,ボボボーボ・ボーボボ 9極戦士 ギャグ融合,Boboboobo Boobobo: 9 Kyoku Senshi Gag Yūgō,ボボボーボ・ボーボボ 9極戦士 ギャグ融合,bobobooboboobobokyuukyokusenshigagyuugou,Japan,2004-03-25,Rokumendo,Hudson,#players:2:vs #genre:rpg>j:minigames #addon:link>gbalinkcable #embedded:backup>battery #save:backup #based:manganime #lang:ja,9ef9715f14ae656bbc4a11f5d2cb7480,77d8301d8f7e9580e70500597475df1df2a0b843,0d9ce4e794327c667c98cae55d8efc0d1319f2fe577df585287c06be33f784c3,cd9d5f3827b918f74fc865f3745930127c82f5d28ee34c5ee5973bd182dac7fc68f14e320f828f426fc794a6eb5f0be89148610f4ce4869e3c6e2f07c4fad314
Boboboobo Boobobo: 9 Kyoku Senshi Gag Yūgō (Hudson The Best),ボボボーボ・ボーボボ 9極戦士 ギャグ融合 (Hudson The Best),Boboboobo Boobobo: 9 Kyoku Senshi Gag Yūgō,ボボボーボ・ボーボボ 9極戦士 ギャグ融合,bobobooboboobobokyuukyokusenshigagyuugou,Japan,,Rokumendo,Hudson,#players:2:vs #genre:rpg>j:minigames #addon:link>gbalinkcable #embedded:backup>flashram #save:backup #based:manganime #reboxed:hudsonthebest #rev:nobattery #lang:ja,9ef9715f14ae656bbc4a11f5d2cb7480,77d8301d8f7e9580e70500597475df1df2a0b843,0d9ce4e794327c667c98cae55d8efc0d1319f2fe577df585287c06be33f784c3,cd9d5f3827b918f74fc865f3745930127c82f5d28ee34c5ee5973bd182dac7fc68f14e320f828f426fc794a6eb5f0be89148610f4ce4869e3c6e2f07c4fad314
Boboboobo Boobobo: Bakutō Hajike Taisen,ボボボーボ・ボーボボ 爆闘ハジケ大戦,Boboboobo Boobobo: Bakutō Hajike Taisen,ボボボーボ・ボーボボ 爆闘ハジケ大戦,bobobooboboobobobakutouhajiketaisen,Japan,2004-09-09,Hudson,Hudson,#players:2:vs #genre:fighting #addon:link>gbalinkcable>gbacable #embedded:backup>flashram #save:backup #based:manganime #lang:ja,c44fc33a49d116db3ba5248d877a52f5,d42817971433e2604a1c57431b0fc6de52723e6a,5ca196c5265ae19f611d3380e0700312199d3be26247967d00cc05412a461965,d081d0a2a511cfb82b2304cc37312dbf494ee3c772fbdcd3973941aaf378a7143fc7be0d8d34d08dae8e92dcd6f558ad1ba2341542e557445b1b344aae7be7b8
Boboboobo Boobobo: Maji de!!? Shinken Battle,ボボボーボ・ボーボボ マジで!!? 真拳勝負 しんけんバトル,Boboboobo Boobobo: Maji de!!? Shinken Battle,ボボボーボ・ボーボボ マジで!!? 真拳勝負 しんけんバトル,bobobooboboobobomajideshinkenbattle,Japan,2003-08-07,Rokumendo,Hudson,#players:2:vs #genre:rpg>j:minigames:action:parlor>jackpot:rhythm #addon:link>gbalinkcable #embedded:backup>battery #save:backup #based:manganime #lang:ja,6134d1e8b4794e073413657c98f8c82a,5b5e672031f5148bdd69bc5190fd4ceef3ffddc5,2c793280cdacced8c32d54904c25f8b2d03855c94c92b610decaff74713efd29,bf3e8781593fb0f32d6f8bafeada679fb6147a0b63f993b7f2f41f8e41868c2fdac662e21eb6a863acbeca572f0f5fa61c3dcbb1e3ab8b3693deb2ea8ec41f14
Boboboobo Boobobo: Ōgi 87.5 Bakuretsu Hanage Shinken,ボボボーボ・ボーボボ 奥義87.5 ハナゲー 爆裂鼻毛真拳,Boboboobo Boobobo: Ōgi 87.5 Bakuretsu Hanage Shinken,ボボボーボ・ボーボボ 奥義87.5 ハナゲー 爆裂鼻毛真拳,boboboobobooboboougihanageebakuretsuhanageshinken,Japan,2002-12-19,Rokumendo,Hudson,#players:2:vs #genre:rpg>j:minigames:action:parlor>jackpot:rhythm #addon:link>gbalinkcable #embedded:backup>battery #save:backup #based:manganime #lang:ja,ce085f9eb00a26cf9535172acc99921c,c93fd22bb10e26cb986161ce1cdc4c2acb38add9,7c6c04c3c2fd00ebcb062436a6ea3f4b40a8571320a3bd861200be047564d12c,3ab50e34c1cc57480089a48372115f835e65247360e7edfd865be71f95f77e116a09e7a99db610d3d0dcef939f21b7c56238c79acd33701e9eef81632c5bf540
Boktai: The Sun Is in Your Hand,=,Boktai: The Sun Is in Your Hand,=,bokuranotaiyou,Europe,2004-05-14,KCEJ,Konami,#players:4:vs #genre:rpg>a #addon:link>gbalinkcable #embedded:uvsensor:chip>rtc:backup>battery>eeprom #save:backup #lang:en:fr:de:es:it,c8b49c53003b8d9a15d91a5a5d5cc91b,64f7bf0f0560f6e94da33b549d3206678b29f557,214285b09200848d5f8639a688051a627ec4aa648e078ad6d77579633822dd6c,28777e3c92fdaa8d5a8dd1fe445485e694d18382e4ee0a2239224d48eb26343bd989caec8712cdb225a0eda3f6d031c4466b366430145c3e80b0a9fd9d858dd4
Boktai: The Sun Is in Your Hand,=,Boktai: The Sun Is in Your Hand,=,bokuranotaiyou,USA,2003-09-16,KCEJ,Konami,#players:4:vs #genre:rpg>a #addon:link>gbalinkcable #embedded:uvsensor:chip>rtc:backup>battery>eeprom #save:backup #lang:en,ff75c62ab690410cc8fca24204d783e9,7164326283df46a3941ec7b6ceca889cbc40e660,aad4eaf0b3ab9f80ffb3a5346d6607b2e2ea12f8e5f3851d2edd1306a4f7a8cd,29f3225e758f60ec395025629390f3f0c1b0c19c0021771fbd25edb88d1ce7af301b6d510eb58366d3377d428cb7c794bf84cbfda4627a918c02d117e70b341a
Boktai: The Sun Is in Your Hand,=,Boktai: The Sun Is in Your Hand,=,bokuranotaiyou,USA,2003,KCEJ,Konami,#players:4:vs #genre:rpg>a #addon:link>gbalinkcable #embedded:uvsensor:chip>rtc:backup>battery>eeprom #save:backup #lang:en #unfinished:sample,5eed126956c06a047b7098e0facd7067,f91126cd3a1bf7bf5f770d3a70229171d0d5a6ee,ecfc68885942fab16a03a13ffe3da74a3d596a9692be2ef9a9ce9f95756ff8e9,504f34373b05a4ac58099eb891a2fb607b2c1bcfb66ffe7d957cdc199de59e8b1a6e33ca6bf27ff39b4065bc6d98f5ca4e010a059b497d80258e3ac11e87550f
Boktai 2: Solar Boy Django,=,Boktai 2: Solar Boy Django,=,zokubokuranotaiyoutaiyoushounendjango,Europe,2005-06-10,KCEJ,Konami,#players:4:vs #genre:rpg>a #addon:link>gbalinkcable>wirelessadapter #embedded:uvsensor:chip>rtc:backup>battery>eeprom #save:backup #lang:en:fr:de:es:it,66c0b2e21872f8e9af56292d881c1516,eeacdf5a9d3d2173a4a96689b72dc6b7ad92153c,8a8cc80b597fa30f0792fd0d7e9b006552e4dbcf521b025563be268f7a2351d9,957bb53a4ba872116d76242cb2a49a0cf3beddb21818d8bfe496c21ccba3b4b8e342a73c9f2a0aa57d55164820e9bad38fbafed38a70731b8c302479d9db2dad
Boktai 2: Solar Boy Django,=,Boktai 2: Solar Boy Django,=,zokubokuranotaiyoutaiyoushounendjango,USA,2004-10-19,KCEJ,Konami,#players:4:vs #genre:rpg>a #addon:link>gbalinkcable>wirelessadapter #embedded:uvsensor:chip>rtc:backup>battery>eeprom #save:backup #lang:en,31231965d6a43d935e3629a67e06e0bb,cd10d8ed82f4daf4072774f70d015e39a5d32d0b,b51b6c667f4ff78f2e1462f8280af2e96e55fe872efdc85ecfc152f7c34e2483,22cac2b7644cb04c8d1d2cb1ef4718fdfadb9e3e08e0f139451b9225f10488e6969e016effaad8a43a702bbab2d29b86d3c4621cea056c97be6b1509f247ce5f
Boku wa Kōkū Kanseikan,ぼくは航空管制官,Boku wa Kōkū Kanseikan,ぼくは航空管制官,bokuwakoukuukanseikan,Japan,2001-03-21,Graphic Research,Tam,#players:1 #genre:sim #embedded:backup>battery #save:backup #lang:ja,90f1dfb87a2c47224d43c8f09eda0841,54bf631a49c031539d8b3dd5f98b050b0f4a202e,fe11cc8d6ae4a750a04ecd7b3e57c46864b7d29d86961fe76a24bf619b30936d,cacceff370741c21d7daacf5405bd939a2c2a67199f3fb72781b90b3d1ffbb6d261a2fde4dfbbc7c8d68aa73d5cdc7a27caabcb2dc5ab2d3512e413df85bf816
Bokujō Monogatari: Mineral Town no Nakama-tachi,牧場物語 ミネラルタウンのなかまたち,Bokujō Monogatari: Mineral Town no Nakama-tachi,牧場物語 ミネラルタウンのなかまたち,bokujoumonogatarimineraltownnonakamatachi,Japan,2003-04-18,TOSE,Victor,#players:1 #genre:sim>farm #addon:link>gbacable #embedded:backup>battery #save:backup #lang:ja,d92308bc903f4e92587df2cedc89b477,a655b2789aed14a6ac78c6075fbc533d3062dbe3,9d82f8d67714d84d5ea69d342ede9a9bcccfad54fe174b72fc83b3533411a154,26f2f28494d03178f66c8d0f17aaca6469bd3a126d0ded01580c0d452c9e9bcddde23e0ee159243d7f7259237220f2ffe20d1359b200e42996d82e561295f1fb
Bokujō Monogatari: Mineral Town no Nakama-tachi,牧場物語 ミネラルタウンのなかまたち,Bokujō Monogatari: Mineral Town no Nakama-tachi,牧場物語 ミネラルタウンのなかまたち,bokujoumonogatarimineraltownnonakamatachi,Japan,,TOSE,Victor,#players:1 #genre:sim>farm #addon:link>gbacable #embedded:backup>flashram #save:backup #rev:nobattery #lang:ja,d92308bc903f4e92587df2cedc89b477,a655b2789aed14a6ac78c6075fbc533d3062dbe3,9d82f8d67714d84d5ea69d342ede9a9bcccfad54fe174b72fc83b3533411a154,26f2f28494d03178f66c8d0f17aaca6469bd3a126d0ded01580c0d452c9e9bcddde23e0ee159243d7f7259237220f2ffe20d1359b200e42996d82e561295f1fb
Bokujō Monogatari: Mineral Town no Nakama-tachi for Girl,牧場物語 ミネラルタウンのなかまたち for ガール,Bokujō Monogatari: Mineral Town no Nakama-tachi for Girl,牧場物語 ミネラルタウンのなかまたち for ガール,bokujoumonogatarimineraltownnonakamatachiforgirl,Japan,2003-12-12,TOSE,Marvelous,#players:1 #genre:sim>farm #embedded:backup>flashram #save:backup #lang:ja,3a502cdb8f2d8e6e0e3b07685b50fa7e,8b624aeb36a0321c094dc3ee1f64f5573509b212,b35da879aaab432750920cb290238ca19b7ac012d5aa1eb0ee8269ad2861e2e5,b9154fb97d5d4c5e6b1151324c323ac53257ac5148b844e8f0adaede052fb0ddb70433be7d5fca3e57def68579af87410047cb62f2a384fa31a29e2843fbd949
Bokura no Taiyō: Taiyō Action RPG,ボクらの太陽 太陽アクションRPG,Bokura no Taiyō: Taiyō Action RPG,ボクらの太陽 太陽アクションRPG,bokuranotaiyou,Japan,2003-07-17,KCEJ,Konami,#players:4:vs #genre:rpg>a #addon:link>gbalinkcable #embedded:uvsensor:chip>rtc:backup>battery>eeprom #save:backup #lang:ja,9f1c1202ed1d856c5836cee6818a171e,c51ad84e9403db94cd18a14ac72f8367b52a0d7f,6a0c358516567e10a5d5692ee26cf59a54dab71f9c4aab98d22766c18de2649c,9d23c1eeab3b0b5c5fe8dcec178602c7f046e6a69fc0421e26be1fe1f3803c9fb2500a08ec738610188b9ea3b81d07088955bca8fd3be73a106717b401a3f1cb
Bokura no Taiyō: Taiyō Action RPG (Kabunushi Goyūtaiban),ボクらの太陽 太陽アクションRPG (株主御優待版),Bokura no Taiyō: Taiyō Action RPG,ボクらの太陽 太陽アクションRPG,bokuranotaiyou,Japan,2003-07-17,KCEJ,Konami,#players:4:vs #genre:rpg>a #addon:link>gbalinkcable #embedded:uvsensor:chip>rtc:backup>battery>eeprom #save:backup #reboxed:genteiban #lang:ja,9f1c1202ed1d856c5836cee6818a171e,c51ad84e9403db94cd18a14ac72f8367b52a0d7f,6a0c358516567e10a5d5692ee26cf59a54dab71f9c4aab98d22766c18de2649c,9d23c1eeab3b0b5c5fe8dcec178602c7f046e6a69fc0421e26be1fe1f3803c9fb2500a08ec738610188b9ea3b81d07088955bca8fd3be73a106717b401a3f1cb
Bokura no Taiyō: Taiyō Action RPG (Konami The Best),ボクらの太陽 太陽アクションRPG (コナミ ザ・ベスト),Bokura no Taiyō: Taiyō Action RPG,ボクらの太陽 太陽アクションRPG,bokuranotaiyou,Japan,,KCEJ,Konami,#players:4:vs #genre:rpg>a #addon:link>gbalinkcable #embedded:uvsensor:chip>rtc:backup>battery>eeprom #save:backup #reboxed:konamithebest #lang:ja,9f1c1202ed1d856c5836cee6818a171e,c51ad84e9403db94cd18a14ac72f8367b52a0d7f,6a0c358516567e10a5d5692ee26cf59a54dab71f9c4aab98d22766c18de2649c,9d23c1eeab3b0b5c5fe8dcec178602c7f046e6a69fc0421e26be1fe1f3803c9fb2500a08ec738610188b9ea3b81d07088955bca8fd3be73a106717b401a3f1cb
Bomberman Jetters: Densetsu no Bomberman,ボンバーマンジェッターズ 伝説のボンバーマン,Bomberman Jetters,ボンバーマンジェッターズ,bombermanjettersdensetsunobomberman,Japan,2002-10-24,AI,Hudson,#players:4:vs #genre:rpg>a:action>maze #addon:link>gbalinkcable #embedded:backup>battery #save:backup #based:manganime #lang:ja,c86f84d68f584b666e5490f764fda27e,7d0fbe2d8addba9d3c49da7bc0de792cf10b7268,8627870dbe38e1fbc732ae9e07005000790687a766311e49a09d07cdf1734b5f,95a7ed401983a3e7c6d742d03d134aaf1e4248641ac1cfd587e30121e0de65de2ec91cfac83a3c174f47882ddca51f2585d434299c2104bfdc9db1cc108a9b53
Bomberman Jetters: Game Collection,ボンバーマンジェッターズ ゲームコレクション,Bomberman Jetters: Game Collection,ボンバーマンジェッターズ ゲームコレクション,bombermanjettersgamecollection,Japan,2003-10-16,Hudson,Hudson,#players:4:vs #genre:action>maze:minigames:parlor>pinball>mogurataiji:shmup>h:puzzle>drop:shooting>gallery:sports>golf:board>othello #addon:link>gbalinkcable #embedded:backup>eeprom #save:backup #based:manganime #lang:ja,4b4d0e642c8b299f3d7d1298acb0bddb,55a6ef08c00e5c02b256424495d9f90f6924cb7a,70a0aa8329a5d32492da7fde4503f9a3e589a110bee55823cf4f3e4e966a1c54,bd6bc5cdf7a4288bb9780a2266eef4d8222e090ccd5910b5e1588a4bac91324b2c99670391df25b7c39e5b9ee3d11b08ea1687aed4d664054dfd3173b5e5d3a7
Bomberman Max 2: Blue Advance,=,Bomberman Max 2: Blue Advance,=,bombermanmax2bombermanversion,Europe,2003-03-14,Hudson,Vivendi Universal,#players:4:vs #genre:action>maze:puzzle:minigames #addon:link>gbalinkcable #embedded:backup>eeprom #save:backup #lang:en:fr:de,723ee616e311bd9f8584405637d9128c,eb25e28ae1047145fd2cbcc3ecbb63330fbc8fe0,84c73c0d0f0c68fea530cd7a17afb51b891528c267dc267ec34a64420fde052d,22e28ebb22856461a3e8ee0a7c04ddf4a38048130ad8309fc14709cb15c04393ab3b61d1e384b0d7130f81bd0cdf67b175afd975c218530312213055b134c9ec
Bomberman Max 2: Blue Advance,=,Bomberman Max 2: Blue Advance,=,bombermanmax2bombermanversion,USA,2002-05-30,Hudson,Majesco,#players:4:vs #genre:action>maze:puzzle:minigames #addon:link>gbalinkcable #embedded:backup>eeprom #save:backup #lang:en,4efb16f9d71758336db0afeb380859b0,b2c64452fe8c879c1abd5cf709e3e26971eeb166,e7ab828cda726d1193f3ac514a3128b6d1f4de73430d3c8aa7cf744dea1bed75,e4fa658d473c3b001e6947e6f4c75e484ff50d354000e8467a312e0873a7c79bde949e200368897355cc3223f25272c5a6e2cb323d9d1a07b141e4b69ac6ea05
Bomberman Max 2: Red Advance,=,Bomberman Max 2: Red Advance,=,bombermanmax2maxversion,Europe,2003-03-14,Hudson,Vivendi Universal,#players:4:vs #genre:action>maze:puzzle:minigames #addon:link>gbalinkcable #embedded:backup>eeprom #save:backup #lang:en:fr:de,bee56ca47b1f319e27592baf2f053ec9,4d514fe19b59d42be9a118c99e2008efee2aedcb,3fff7d76166a9cc85358c16285bbb217504e3091a1180ba41e32fc4134aa8a81,d87613b9c5f8e0e0e96a1290fca969189571cf8161bc0ba9f525cbe19db60c2aedd55314bd9f20c1249e44ef9ab59d223a89237b8102af1b7dae9ab04d7b2bec
Bomberman Max 2: Red Advance,=,Bomberman Max 2: Red Advance,=,bombermanmax2maxversion,USA,2002-05-30,Hudson,Majesco,#players:4:vs #genre:action>maze:puzzle:minigames #addon:link>gbalinkcable #embedded:backup>eeprom #save:backup #lang:en,0cc6758258b584e51046b00139c50e60,1428bb0a78aebb112a2702ed8561bdfe9bcedcf1,268eda4c9bfed2cdac13173402bb8f0f2b3dee6b352b2d96c2e156bed4edd745,85a16df004a5f5781d95818ea617b321209131651b20392b081fbd01eecb97209898df7fc8cceacfb4afa44ed731e5779f400a75f336b4414d086e260da5b9a3
Bomberman Max 2: Bomberman Version,Bomberman Max 2 ボンバーマンマックス Bomberman バージョン,Bomberman Max 2: Bomberman Version,Bomberman Max 2 ボンバーマンマックス Bomberman バージョン,bombermanmax2bombermanversion,Japan,2002-02-07,Hudson,Hudson,#players:4:vs #genre:action>maze:puzzle:minigames #addon:link>gbalinkcable #embedded:backup>eeprom #save:backup #lang:ja,c49c26566f147a3546f7a299d55010ba,625e4c19f045202de4d95262b5cd30f15c4469fe,971be60d8cd3409928ea67f23e39ec91ef262db954326d37a5c436434878cbe3,15c816aab97d7d9259e88727177092e622a032027ee18bbcb50928f24eed71b6b3eb93392ec5341d6f5ab5b85db6c3e5e996e1b6b2ef65c96c2f23c4be31d789
Bomberman Max 2: Max Version,Bomberman Max 2 ボンバーマンマックス Max バージョン,Bomberman Max 2: Max Version,Bomberman Max 2 ボンバーマンマックス Max バージョン,bombermanmax2maxversion,Japan,2002-02-07,Hudson,Hudson,#players:4:vs #genre:action>maze:puzzle:minigames #addon:link>gbalinkcable #embedded:backup>eeprom #save:backup #lang:ja,edb9cfe1efcdd9b8abcf16dfbd0421b8,7277ea99c0015df9ae1a29a9b45909f168624901,03b06c4df0aca1127d4561408a0d8982e248d8faacd260ca0b3139436e912a24,3428d6414bfc90f7343a1c91ec420e5feacd3413afc83cc6b907221a27d1f285038a6d872e1917c282ab103453f875871c4236c9a163b72ddbcacdada91aa3f8
Bomberman Story,Bomberman Story ボンバーマンストーリー,Bomberman Story,Bomberman Story ボンバーマンストーリー,bombermanstory,Japan,2001-04-27,Hudson,Hudson,#players:4:vs #genre:rpg>a:action>maze #addon:link>gbalinkcable #embedded:backup>battery #save:backup #lang:ja,34bc4830fdd1cff2e33b8ac7fd3a6cbe,ba093c5ef2c2bb57d0f6f6735e82c536c7e9ec45,138df33ff85dbfdc5c0e75b2e1c091982e898f8137e1de94057df757fadc1ba8,c11948acd9a26dc5404d58db5ae881455c0f3d7d0de884175180f4f43470a3001352b2e2f6b8b5166e1520a88d26d7d505be77f48f4b7548dc8341bf5f49d70c
Bomberman Tournament,=,Bomberman Tournament,=,bombermanstory,Europe,2001-10-08,Hudson,Activision,#players:4:vs #genre:rpg>a:action>maze #addon:link>gbalinkcable #embedded:backup>battery #save:backup #lang:en,79aef9bbe1378adfbd688cd66e11a7be,da44a5d65f1a00d75a57e5b46e30f9e4e2d18f6c,e02e6cc3e91f4f4c7b50ae9558eddc93d43a7f894be0bb0cd46b0296327de902,1228df8137906cee422ea776eaf4f0e62e242b4e4f2130606e05af8a5bc996adb50efd8aced047d878eb5bbc16b0b71e19786b1d565b729ab9f0aeb3a889eb86
Bomberman Tournament,=,Bomberman Tournament,=,bombermanstory,USA,2001-06-29,Hudson,Activision,#players:4:vs #genre:rpg>a:action>maze #addon:link>gbalinkcable #embedded:backup>battery #save:backup #lang:en,79aef9bbe1378adfbd688cd66e11a7be,da44a5d65f1a00d75a57e5b46e30f9e4e2d18f6c,e02e6cc3e91f4f4c7b50ae9558eddc93d43a7f894be0bb0cd46b0296327de902,1228df8137906cee422ea776eaf4f0e62e242b4e4f2130606e05af8a5bc996adb50efd8aced047d878eb5bbc16b0b71e19786b1d565b729ab9f0aeb3a889eb86
Book Worm,=,Book Worm,=,bookworm,USA,2003-02-25,PopCap,Majesco,#players:1 #genre:puzzle #embedded:backup>eeprom #save:backup #port:pc #lang:en,c64b677831500e85222d85c70e2d23b6,c45d588f8aade81152ae789d62316db9138452b8,3a0ab3e7ff4d9e2c2ebcfe3367787175c1ce8b38447c86c12278392da2367780,ba9cb5174f080fb6cf07ae42def138ba9a5288f18f315b54a85418d472c3ae9a826fef13a787e381fce9f09cf0761be569fdf3972aa4be6e185e9355fcdb1688
Bōken Yūki Pluster World: Densetsu no Plust Gate,冒険遊記プラスターワールド 伝説のプラストゲート,Bōken Yūki Pluster World: Densetsu no Plust Gate,冒険遊記プラスターワールド 伝説のプラストゲート,boukenyuukiplusterworlddensetsunoplustgate,Japan,2003-04-24,Will,Takara,#players:1 #genre:rpg>j #addon:reader>multipluston:link>gbalinkcable #embedded:backup>battery #save:backup #based:manganime #lang:ja,a5f4c03f31988a0bd97569372e1f826d,bb779de3aa9c08b82ffcb3cb2eb70f151a8a3b13,5394fb03d59e2f093c8cbc6497a370ae9a70b309153137f713b4d4f7464031f1,9fba0cedd24ff2b07dc3689ec0194385d9c872a5ad69b1e2a1f76140b5597b7c4b0a328795cd08326b52175ff9b67a2007e3274bd46665069e16685b9c1d065a
Bōken Yūki Pluster World: Densetsu no Plust Gate EX,冒険遊記プラスターワールド 伝説のプラストゲート EX エクス,Bōken Yūki Pluster World: Densetsu no Plust Gate EX,冒険遊記プラスターワールド 伝説のプラストゲート EX エクス,boukenyuukiplusterworlddensetsunoplustgateex,Japan,2003-12-04,Will,Takara,#players:4:vs #genre:rpg>j #addon:reader>multipluston:link>gbalinkcable #embedded:backup>battery #save:backup #based:manganime #lang:ja,d60c5ace24093283f3dc9c74f3ac2489,d660e16640897da847951937f7792724e133a642,c4be70dac83a201be4929d64e2956270cc37affd9702a73a05b8cc3263e5751e,0db541d2bd7998c0cbed493c1e4b64bf39996e1ae9097a90dcc35dd419c0d96f434d203633bdc6f6552a88ebcbbdf746a9cf2ec70ff82435bc7799b008c1174f
Bōken Yūki Pluster World: Pluston GP,冒険遊記プラスターワールド プラストオンGP,Bōken Yūki Pluster World: Pluston GP,冒険遊記プラスターワールド プラストオンGP,boukenyuukiplusterworldplustongp,Japan,2003-04-24,Takara,Takara,#players:4:vs #genre:racing>combat #addon:reader>multipluston:link>gbalinkcable #embedded:backup>battery #save:backup #based:manganime #lang:ja,5d31ffa72fdecf556cdff2d760274967,013301f82256ee6f574864455301f0e756974d6e,e011849d801f7592f90264eb63b8f5a0900600194da7ec3da047c111419c75cb,2dbfbadfb1ca74b6625d3d98d740a50d8b1ef8fc2ea0cbf099aee202e1f6fdeb56fdc8829bcfa7fbbb6ecec9b7b640945825803d610f2fb4ca7b42a7f40d8d3e
Bōken-Ō Beet: Busters Road,冒険王ビィト バスターズロード,Bōken-Ō Beet: Busters Road,冒険王ビィト バスターズロード,boukenoubeetbustersroad,Japan,2005-01-20,Bandai,Bandai,#players:1 #genre:rpg>j #embedded:backup>eeprom #save:backup #based:manganime #lang:ja,42f9a789ccc93fb5ccfd63f086f5094d,82e8e42fe7b5cef46079ed18ad38b2f48c26d52d,8214bb5f02d98497bb1678305e40ab3b3b278371e28888dc8b49c3c36a54b242,0d11f9623e36bdba9d13b945a1c511e8c78f5aee15d4eda72f0c758c28ffc1e2c35aab3834b634d99d191c475f1698ddc26264ba24dbd9b6c9efbeaf993732b2
Bōkyaku no Senritsu: The Melody of Oblivion,忘却の旋律 The Melody of Oblivion,Bōkyaku no Senritsu: The Melody of Oblivion,忘却の旋律 The Melody of Oblivion,boukyakunosenritsuthemelodyofoblivion,Japan,2004-11-25,Alpha-Unit,Bandai,#players:1 #genre:action>runandgun:brawler #embedded:backup>eeprom #save:backup #based:manganime #lang:ja,0c53ef6b66b0f6912a524659c3a068c6,0df471f8a7e06fd56ed8fb09d902b65a79520b4d,de82f7cfd0a3218a9125b528d106ae748dcf92f35e7f9606db29df2281a16895,9c5eebbce0d7ad3af2c5ab4538351cc80a20b9305ee46bb028aabb67bd0a51d383cabfc07f8a0f401774797fc0c1ed0a43efd746633bbe98764285453ce7e6c7
Boulder Dash EX,=,Boulder Dash EX,=,boulderdashex,Europe,2003-05-09,Vision Works,Kemco,#players:4:vs #genre:action>maze:puzzle #addon:link>gbalinkcable #embedded:backup>eeprom #save:backup #lang:en:fr:de,70ed2328306fa863bf144b7fdcdbfdfd,da098ca5d083019aa920fbb648031bacab549cc4,7b1547e7c3c111ebc6994433d1ef8d57cedf96d9b8a97eefed45516c65a24606,0d730c57f7c2f8c7b57332f272b049d07cc4a1feb6d9c0d0207173eb69f028e27b13a1264a5823640d2a4ebe50b353e710bc909fec3e1aa1741179238542ed30
Boulder Dash EX,Boulder Dash EX バルダーダッシュエックス,Boulder Dash EX,=,boulderdashex,Japan,2002-12-06,Vision Works,Kemco,#players:4:vs #genre:action>maze:puzzle #addon:link>gbalinkcable #embedded:backup>eeprom #save:backup #lang:ja,3cc5e954f8adc6d313c44da31e3f8a5c,1348bfeae9c4d82a577edc76b8fa81f8a8a8c2b2,caca899c877eecea6250e8a1dc2e682d99a28eeb8330e80e8c26d0b1c27ad994,2a3387f95b77359081e41d47dcc9366368684bfea0f35b48ac658498f44e7cad28b5229e65147c894e8fd58802fbe3d2d6f411418d9489711bf3b925c42db0d3
Boulder Dash EX,=,Boulder Dash EX,=,boulderdashex,USA,2002-09-16,Vision Works,Kemco,#players:4:vs #genre:action>maze:puzzle #addon:link>gbalinkcable #embedded:backup>eeprom #save:backup #lang:en,8653d5731f4effd21e435b9a274023a4,8bc0dadbd18e3d88645aaba3aa0ced8088201c8f,ffaabce2401a54dc4e454893a8ce831c81fa1e2d6c0404ceb29e8c620a813dde,0d72144c6e1f5c1cbd661a0d4920c860d0072e564c5a35af60e31a81bdde560fccd9beac2d9b74241f9583e8cb52e4eb014a0301cd4ddca504ef9ac9997396c8
Boxing Fever,=,Boxing Fever,=,boxingfever,Europe,2002-02-15,Digital Fiction,THQ,#players:2:vs #genre:fighting:sports>boxing #addon:link>gbalinkcable #save:password #lang:en,2a43344ed8e9654f0cc95ce788371ba4,20ad5e7d367be3e4220b184947585df7d305b6d3,e67ee4d360c4086a542ec7498c63c1714c3e5ebb8e78f319e1c365079c799029,40128bf2b9bdd191ceda041313d61d936fdd5fa52981d06418c03168639f45d5f8389f3fcc2676e2a467671537d8d1fdfbb4ef1bc75911ebbc18bf90c4bb79df
Boxing Fever,=,Boxing Fever,=,boxingfever,USA,2001-10-11,Digital Fiction,Majesco,#players:2:vs #genre:fighting:sports>boxing #addon:link>gbalinkcable #save:password #lang:en,2a43344ed8e9654f0cc95ce788371ba4,20ad5e7d367be3e4220b184947585df7d305b6d3,e67ee4d360c4086a542ec7498c63c1714c3e5ebb8e78f319e1c365079c799029,40128bf2b9bdd191ceda041313d61d936fdd5fa52981d06418c03168639f45d5f8389f3fcc2676e2a467671537d8d1fdfbb4ef1bc75911ebbc18bf90c4bb79df
Bratz,=,Bratz,=,bratz,Europe,2003,DC Studios,Ubisoft,#players:2:vs #genre:rhythm #addon:link>gbalinkcable #embedded:backup>eeprom #save:backup #based #lang:en:fr:de:es:it,accb22e06c37f68b55d8fa34853f885b,27c83075014fbf4d15a1a91db5f9c9babb8e96d3,66489b0b8f52407c267b4aff57234f788337fc9efc27029f75db9f2e4aeb17ee,aba221d1260b91790c7c94c939e274caf4f72b43120f982a756fec40964dfbee1b4000657fc1aa557cb32eb7a69edb45cb358459eca3ec6ac5fd6908a1ddfd62
Bratz,=,Bratz,=,bratz,USA,2003-03-12,DC Studios,Ubisoft,#players:2:vs #genre:rhythm #addon:link>gbalinkcable #embedded:backup>eeprom #save:backup #based #lang:en:fr:es,8b809080a689886e7877ec89eb82ae99,7372324941f48f5d02f667099de4fafbc96cff86,fb4811eac43aa8763d7ebae1ef8296bcbc71da9623331990a42c6209d1c7e93f,7e7ea6b77a59743b04ed992a970c7bf60b0ba02517fd2e8dcfb64f01d7d85acdac3bacd27500557cb5be5ee3e2e11721d5441c2d3942bdd4cccc1849c9d46ab1
Bratz: Babyz,=,Bratz: Babyz,=,bratzbabyz,Europe,2006-11-03,Barking Lizards,THQ,#players:1 #genre:minigames:action:rhythm:puzzle>drop #based #lang:en:es:it,a7b49de9ab6230d8077bbef4d906497b,33b0600b2cc0bfd555bd26bdd73bc9830607a2ac,d246b014ac824acb4eec1871fb7b4d68314a83cb2bce1b37306b8d1996468a9d,5bd8cae8c9a8039cc0f213601c0a518662171c664f78b829ce404f2acecb352fec6bbd93e63ee8225b2e3af5353d7ff791d49be52a69d19a25647e6dacd8921c
Bratz: Babyz,=,Bratz: Babyz,=,bratzbabyz,USA,2006-06-08,Barking Lizards,THQ,#players:1 #genre:minigames:action:rhythm:puzzle>drop #based #lang:en,33492e64f810fb02f6dff879b8e0182b,84548f0e15048b024f787cef41c5258293753c1f,c6ab1d4939b7009c56b8433ab95ec470dcdb6447e28cf89d3b0d355ab8015867,634cb55e5ef0e5643ac9b95f2890537a05a10fce5b0142ef081db59638aa329bd646d45358b75679d82332a23e114eb27ba64b447d7194e0e24153ab24a33055
Bratz: Forever Diamondz,=,Bratz: Forever Diamondz,=,bratzforeverdiamondz,Europe,2006-11-03,Barking Lizards,THQ,#players:1 #genre:adventure:minigames:action:sports>volleyball>skiing:puzzle>drop #embedded:backup>eeprom #save:backup #based #lang:en:fr:es:it,016fe71584c04d4b8725aafd3cbdac9c,69b6326d19143f3ca2c2c64ac22a8b73935af555,c9a02a15711f44af2099a931cdfc9ee09201d311c932abd0c754d30dab1f6c0c,9a01d1d16ddf775f4c04ba5ca9f18610dc82cb58ba04182059396e42c43a3a58655b37cff42f193077cdc981eb8be33dec02bb44ca9c031d63b063598ff5ae41
Bratz: Forever Diamondz,=,Bratz: Forever Diamondz,=,bratzforeverdiamondz,Germany,2006-11-03,Barking Lizards,THQ,#players:1 #genre:adventure:minigames:action:sports>volleyball>skiing:puzzle>drop #embedded:backup>eeprom #save:backup #based #lang:de,5cd8df1c60618ce05bb26302defb0b7b,fd590cc4c3ad26ff32f80f66890d8cfc968b23fb,a32a6bacf95d050fbf467716a4514465bee39340684793641c38120b62e4bf61,04949da833dc2887bd9e634e0128938e74049b6864521773193f2f8181506c845950b44ce48effc2f039efa87e79a3ac5a49cf733b636a3a0f234e67fd385899
Bratz: Forever Diamondz,=,Bratz: Forever Diamondz,=,bratzforeverdiamondz,USA,2006-09-18,Barking Lizards,THQ,#players:1 #genre:adventure:minigames:action:sports>volleyball>skiing:puzzle>drop #embedded:backup>eeprom #save:backup #based #lang:en,afbd8a5d314391d9731692cc1131dc6c,68222b1e029d931c2a9776b7040928a921a9c12b,263f58a5634b42ff593afd98e7e42042581347b6b9e0cc5a5b63cd4636646689,2462c151db944667ec216ee5915ea50439083830b74eeb44d2a5ca18c035917df5ace76782c3fe6c8243ff5954ebe93593c1e6dc0f122b3e9cd619651a546da7
Bratz: Rock Angelz,=,Bratz: Rock Angelz,=,bratzrockangelz,France,2005-10-14,Altron,THQ,#players:1 #genre:adventure:minigames:action:puzzle:sports>skateboarding:rhythm #embedded:backup>eeprom #save:backup #based:movie #lang:fr,d6482e271791cd7b324c36b55ca3b693,aba27782159d9a4d4cbe8d6de67594134c00bbaa,17fc5634a33ad5bf08b8c39de2472adf940bae44fa9535cfe8f7a28cb8049cca,78e6496d20df3639bd58138720f655ded1eb6558f630e142df1495c2f3d5696f999c53b377c94a2c12cac3906f32db1314ebba709a2a1d0ef7a810f0eaaed0bf
Bratz: Rock Angelz,=,Bratz: Rock Angelz,=,bratzrockangelz,Germany,2005-10-14,Altron,THQ,#players:1 #genre:adventure:minigames:action:puzzle:sports>skateboarding:rhythm #embedded:backup>eeprom #save:backup #based:movie #lang:de,1176113fe66cf20d5d00def9fbda8c20,8c217acb3d7dcdbe677b216a9323bc9e516d65b4,0507dfd82915235511d7543e7295294438c6774f86edb6426f0eba6cc2cb49ab,4d9b22a88275027eeaa67f3fe343bf3db8e58a9d85570a150888942b015c0339c381d7ad869acfe5ab661aa7abadfd1bfe6381e1b6a26ca6d27950b94f2f3f85
Bratz: Rock Angelz,=,Bratz: Rock Angelz,=,bratzrockangelz,Spain,2005-10-14,Altron,THQ,#players:1 #genre:adventure:minigames:action:puzzle:sports>skateboarding:rhythm #embedded:backup>eeprom #save:backup #based:movie #lang:es,6d8f418e5b5ef1929ca9518c34d0bde6,d34d8359f9011d55f693e23efb444a458d8690a2,def07735918ab18c89ab33da7ad813a4a3e39312347795ad6f187ec8fdd69cc5,71b3c69962524ac4c815c738d32f488a1f44863a98e6d6c3a24ccda0ab68760d91679c0fa93100d763fd846c62541543864a240108328f87de367ddc6dcbbf11
Bratz: Rock Angelz,=,Bratz: Rock Angelz,=,bratzrockangelz,Europe,2005-10-14,Altron,THQ,#players:1 #genre:adventure:minigames:action:puzzle:sports>skateboarding:rhythm #embedded:backup>eeprom #save:backup #based:movie #lang:en,874aa5c4c6217febec6405a22d7bc9ef,eb2b8ddbb5ca2449f80ddf2c7bec2bd0b4a75e47,08f5dc54324dd7e9cc3fb50bfa1e39e2f6ff7a94ce4c907fc84f88d076df9c0e,adde5e89699dfece7b2589e325a59478d3e29aa9470b60478ad734285b361a2309dfe10caa27a7f5ed9e66c20f31f2bdd8e5990899fe49023e1b1fb9164963c2
Bratz: Rock Angelz,=,Bratz: Rock Angelz,=,bratzrockangelz,USA,2005-10-04,Altron,THQ,#players:1 #genre:adventure:minigames:action:puzzle:sports>skateboarding:rhythm #embedded:backup>eeprom #save:backup #based:movie #lang:en,874aa5c4c6217febec6405a22d7bc9ef,eb2b8ddbb5ca2449f80ddf2c7bec2bd0b4a75e47,08f5dc54324dd7e9cc3fb50bfa1e39e2f6ff7a94ce4c907fc84f88d076df9c0e,adde5e89699dfece7b2589e325a59478d3e29aa9470b60478ad734285b361a2309dfe10caa27a7f5ed9e66c20f31f2bdd8e5990899fe49023e1b1fb9164963c2
Bratz: The Movie,=,Bratz: The Movie,=,bratzthemovie,Europe,2007-08-17,Barking Lizards,THQ,#players:1 #genre:minigames:action:rhythm #save:password #based:movie #lang:en,e192f69d5fe9098cc0ee4f85aeedb4eb,8bb3f1293d1fd60e5050ce522c26f869d76e982d,cb7acdb95d618716086dffb2952fe981a250f5845887a2761cd205cd5e35e31a,da56d820802c485d80a29334a837dfdee0749891e30fcfea686b5c482927a759b26f27aecfa8dbbd29875fce0800f59a267cf8f40aa6f7e04f0e7c638638e8a1
Bratz: The Movie,=,Bratz: The Movie,=,bratzthemovie,Italy/Spain,2007-08-17,Barking Lizards,THQ,#players:1 #genre:minigames:action:rhythm #save:password #based:movie #lang:it:es,bf585f54686e2b5f55d97d624a8a3e28,666f09568cbace84c92ede16a2b11d1a902c7617,c7e102e56ccf3b049da139e491fe78596652b7a646fd6777d37e89aea1d5d960,f5ed441e554cdb68a7e2445eea2cc2a27bb4347498533e4f822df616501157d8e59d724bc808e8b1e91066d34623b24e4d85b9d29d0152558a398a7e024512e7
Bratz: The Movie,=,Bratz: The Movie,=,bratzthemovie,Germany,2007-08-17,Barking Lizards,THQ,#players:1 #genre:minigames:action:rhythm #save:password #based:movie #lang:de,794c177c712c030bce32a85dda73cb36,8ee0580102162217c95724e9b7209dd85aec30e4,20a4e464f426b39d040e9781a081e1d85f64cf189b5d728820ea2811a8ffbbc7,0075849dcc3b6635b3ef1579ec3838e2630a980525681bd7b3fbe7ba554c14c8f106ac615f8a7e70c14c35456a4042c898b59e5649351b493fb21e9872458a9e
Bratz: The Movie,=,Bratz: The Movie,=,bratzthemovie,USA,2007-09-24,Barking Lizards,THQ,#players:1 #genre:minigames:action:rhythm #save:password #based:movie #lang:en,33de786f427b47750aaed814c761c5b9,bfab6a139275b6968531a43ab34d4710e9efc7ef,e6d2124944ba63006dc069d9d86db556dcdb35f533a80b9ff8517c308b831a92,d0a5d19ab944ee7dcc000a79093b7c11f6f7523225bb96caaf45f5f3d6e9eb9a1d6432fe111f772168edff99352b38d146834d6762d9dac3c162bda05ec268d8
Breakout & Centipede & Warlords: Triple the Fun! 3 Games in One!,=,Breakout / Centipede / Warlords,=,breakoutcentipedewarlords,Europe,2005-09-09,EC-i,Zoo,#players:4:coop:vs #genre:shmup:action>blockbreaker #addon:link>gbalinkcable #port:arcade #compilation:breakout:centipede:warlords #lang:en:fr:de:es:it,b6d0bdfb98d0ab084087e7284cb53bb6,f898df0332cc62371f35cc1c7c2b9d5c9e95c403,94920d3f320c01d37f54ae102fab7bb41c89a925fb1c2b018bef2f90c75f77e4,1041c7da4ef008ab73ec1d7af64f7fd8ce08ab21e2bb667e0075c87e11b73037253e0329c4cccaa5c9d812ab6392539680609f047ac5a4cfa5b5985eed3a6e8a
Breakout / Centipede / Warlords: Triple the Fun! 3 Games in One!,=,Breakout / Centipede / Warlords,=,breakoutcentipedewarlords,USA,2005-08-21,EC-i,DSI,#players:4:coop:vs #genre:shmup:action>blockbreaker #addon:link>gbalinkcable #port:arcade #compilation:breakout:centipede:warlords #lang:en,cab2a6bb0d3c754ccf75ac3b3dc94cb0,e91e58c62363fb10dd4ffcaeb09c98ca6b9b5a77,d9bf11913c326a05500ca5d3456c86d913d7ca6f295ca09c5d1c1f14e8775bcf,649ff12005cd1d3b031b826e6338ea1d07cad2d6b98f0483993bae0dc50bac761ca0339902ab45980a93319bcfac858988352b3160f662b1f8c9f906103ca69b
Breath of Fire,=,Breath of Fire,=,breathoffireryuunosenshi,United Kingdom/Ireland,2001-12-14,CAPCOM,Ubisoft,#players:1 #genre:rpg>j #addon:link>gbalinkcable #embedded:backup>battery #save:backup #port:nintendo>superfamicom #lang:en,1cb94e81dd0168c33e0eb8b070fddb6e,f47870d25665588d19b75e90d0bd32a759e64918,241ccc3db2f169ea9a73f1de953431021e6ee4a688e11ca202400ebfd6de509e,9850f43ea2f01673b22d2aa37659b6c7a289bda1f514886993e0e04bbd6eb0c00ad5fbf20867e7fa89a4eda7b5b1efa5a572bbcd7a724658adf5e5eb92c1b4b1
Breath of Fire,=,Breath of Fire,=,breathoffireryuunosenshi,Europe,2001-12-14,CAPCOM,Ubisoft,#players:1 #genre:rpg>j #addon:link>gbalinkcable #embedded:backup>battery #save:backup #port:nintendo>superfamicom #lang:en:fr:de,a413cf9036c03eac937539a255ac6949,fdc7e7b6ab680229dcd159eb4dd7d1967b9e88ee,6ca11e110c4faa74db3aa86e8c5b1a34d1282af7280ec12ec1e63f5b79669f3d,57fd193308e0c649b16400bf602f521a36d23d49c269e40efc741c86cbb89a8743a6a5e7e4412883663bc6282cdffc397f803c6c19d4e69ad85c38c6aea923aa
Breath of Fire,=,Breath of Fire,=,breathoffireryuunosenshi,USA,2001-12-01,CAPCOM,CAPCOM,#players:1 #genre:rpg>j #addon:link>gbalinkcable #embedded:backup>battery #save:backup #port:nintendo>superfamicom #lang:en,17a32cfa3d0a5c74f914281ef55c75cd,b30533f68037b47d5439bab0182169e4a643a38d,3289aec193497c86c3c769b42c1024a1d491d48f15b90fcb58910dca0a79647a,051a44bd565570446925586b5b808b450752f11902a6abed7eef4bdc1b052684a3c18a406e5742f25983013eec23afaf89380ea9723f36b1f9796a2beb9fa46a
Breath of Fire: Ryū no Senshi,ブレスオフファイア Breath of Fire 竜の戦士,Breath of Fire: Ryū no Senshi,ブレスオフファイア Breath of Fire 竜の戦士,breathoffireryuunosenshi,Japan,2001-07-06,CAPCOM,CAPCOM,#players:1 #genre:rpg>j #addon:link>gbalinkcable #embedded:backup>battery #save:backup #port:nintendo>superfamicom #lang:ja,15de8e3ed041332e0529c0b884d42d42,b09dc97ab42f5e32dc6254d09b0b195295b24932,cdebafd678e9b51a41e28162c42072e66123ee5120758d2831b6af4f2b95c705,c9bfa99b391741d129376579f229e3bd94c8d09c780a931b36442551c9fb47bc4f3f52e9b64595706b80f860cd8c2dd649d6eb1b33b950a1145db6023a8a3768
Breath of Fire II,=,Breath of Fire II,=,breathoffire2shimeinoko,Europe,2002-06-28,CAPCOM,Ubisoft,#players:1 #genre:rpg>j #addon:link>gbalinkcable #embedded:backup>battery #save:backup #port:nintendo>superfamicom #lang:en,433ce4c6d525c74e3e60cdc197f6abfb,307798ca71bda7f6b313ff1c18880f22c5a81711,462f755a139fc9425ad4281aef7395b065487331fb3a90421d29dd77e99508c0,a18124996aa7f9f1d2d7cdbd6cf372ee89f17f074cd6ab9655ae23c120dbabc80ca8215b6e2cde6c5f25c3572a77d261bb11e91efa645144622a73933bf2cc36
Breath of Fire II,=,Breath of Fire II,=,breathoffire2shimeinoko,USA,2002-04-15,CAPCOM,CAPCOM,#players:1 #genre:rpg>j #addon:link>gbalinkcable #embedded:backup>battery #save:backup #port:nintendo>superfamicom #lang:en,2132b06357239d4e6a0716d963f46597,d35e452d467093c4a788d290a65adf05a4270343,ea3b2e4c8d0d8bc9ff2f3eff7b62cc94d914764e5de3a3256a93366a5970a821,e118c49f5e50620582d12856b6247023c06009d5cffc3f3fe0390f39bd069b8427cc85ca1fa608f31089f69c9c7127c0ee876d5c7a0a99a1dd162ca56b121c9a
Breath of Fire II: Shimei no Ko,ブレスオフファイアII Breath of Fire 使命の子,Breath of Fire II: Shimei no Ko,ブレスオフファイアII Breath of Fire 使命の子,breathoffire2shimeinoko,Japan,2001-12-21,CAPCOM,CAPCOM,#players:1 #genre:rpg>j #addon:link>gbalinkcable #embedded:backup>battery #save:backup #port:nintendo>superfamicom #lang:ja,45fb38af8d17edd3bd14171d5fe3ab0e,e862d66da9286b4c938441bee2fd1a8e980d694f,e79d9200f9a06387d644db035f3497cc79bb2dba8207fac1a0367ee39541e8ff,e0d3f38854ef932a39c69c6fac8a9f531091fe57cf7270e5e46ce06c3957df5cde032249d8a5919e29f20bc4f004a40b2607cf64891bbfa2353f839fd55cb590
Britney's Dance Beat,=,Britney's Dance Beat,=,britneysdancebeat,Europe,2002-06-14,Art/House of Moves/Links,THQ,#players:2:vs #genre:rhythm #addon:link>gbalinkcable #save:password #search:keyword>endorsed #lang:en,dcaf52240df58d7f9d6be95e918c7bb3,f8e2185509a81a763f8a052401e64f227ee22627,2a77aabf0125f1f57fa5c250368b8f6b1923e84361d18dc26ff8cacf3c4a0320,cf5801965b557087b9dde3ef727891396d6f2ff9a43216c9e1a65057a1e43a9adbbbb19680aab4219d55245b0591c0185f877369b43efa1ce516636c191b5b14
Britney's Dance Beat,=,Britney's Dance Beat,=,britneysdancebeat,Germany,2002-06-14,Art/House of Moves/Links,THQ,#players:2:vs #genre:rhythm #addon:link>gbalinkcable #save:password #search:keyword>endorsed #lang:en:de,9c6a3c4c14ff9d8ca6df08f3f251c63f,b7d2bbac630cfd921f65dea256fcc3db27b0bf5d,787fc114baa0180bbbbf56fc25580ccafdd2767d397bd96f47360b138fe9d75e,d8178a24faa365f582f334908ae1ebc37f6d559b3af14d440899acb09da62bafba38250cfc1b1c4d0795a54eefc6e64675a74ac10c8a374d94a65162821c4cef
Britney's Dance Beat,=,Britney's Dance Beat,=,britneysdancebeat,France,2002-06-14,Art/House of Moves/Links,THQ,#players:2:vs #genre:rhythm #addon:link>gbalinkcable #save:password #search:keyword>endorsed #lang:en:fr,b9434c3f72e6e0d1b79eb7ab65634840,3bc3394648db1cb36cf6ff7e636dd04bbd8f5a43,d85d5d6290f3e3c96e29a43590532b3e5f76428bb7888be7c8d4e236a1b19852,fbcf970c0e0cb7305b7e1218cd7746391d64bbb1e273b86799da1ccf6e8acf8d10c6e566cdff54d8439d2a7b63304bb3f895bff5c6bc572a6b2bc1b21a75400d
Britney's Dance Beat,=,Britney's Dance Beat,=,britneysdancebeat,USA,2002-03-25,Art/House of Moves/Links,THQ,#players:2:vs #genre:rhythm #addon:link>gbalinkcable #save:password #search:keyword>endorsed #lang:en,bb1a8e9129d4d2dcb4bbb3e4879ee97b,8f13503bf068dc13fa60ae8b4f5a83d07ffca5f4,b228dcd13427b9f4514375eed1f7f69ca502777e35d8d032581844748d4a8075,bb1f001f19b3c65a8e3672b295f345c2ad635c51be714840055550cc79a49125ded84d22d08cd2ef924205fb3a0c75645204f6c4a1f22555f7b69e3bafeac76e
(Broken Circle),=,Broken Circle,=,brokencircle,Europe,2006,7Raven,,#players:1 #genre:rpg>j #embedded:backup>eeprom #save:backup #lang:en:it #unfinished:proto,420a1cf3e052ec30d3612d7d945c525e,d015a5039ff5d08eeba3ddb16470eaab259631d0,c404cede6e4030195b9f2d97790dc11de678d710f3e20ca1ee47d8f441260209,1c2491f6ab208ac2486b8bb6a8bc97655e1d3f60f6575f09d7ff667e56efc611376d9a91b5d6fe970186d0d13b1ef62391f263d9084f09aa762a640d8695e55a
Broken Sword: The Shadow of the Templars,=,Broken Sword: The Shadow of the Templars,=,brokenswordtheshadowofthetemplars,Europe,2002-03-22,Revolution,BAM,#players:1 #genre:adventure>pointandclick #embedded:backup>eeprom #save:backup #port:pc #lang:en:fr:de:es:it,0041789771fab4154eb638b4bcc68641,25c6cf94b1b54a1ac5058460faad00cf93d272f5,19bd3c7d2bb8d58c208cd3895d8b3a5a04682b419e893d4968dbafe612165002,89fdc7f8fa24b5fb6b0e09bbd3098ee1fca4a8a7617ee3db280ed333a1d985ab98933336c52559ae2cdc78efefef9d77516cc99415225083be826c909a7946dd
Broken Sword: The Shadow of the Templars,=,Broken Sword: The Shadow of the Templars,=,brokenswordtheshadowofthetemplars,USA,2002-03-17,Revolution,BAM,#players:1 #genre:adventure>pointandclick #embedded:backup>eeprom #save:backup #port:pc #lang:en:fr:de:es:it,5bf98eb8cc6247b4edf7b9b5b08dbab9,314eced054604866153883ee20e0966e1443e0d9,bd66dfee0a05c252957333b9b040bc8f730b3e986fd5f18cc12f0981aef08d30,666dbce0bdf2fa351517f143ba5f53042cbd5306137fc8d6b3cdffb080f00299921f051dc855ebe735b62813ca8387701a9e271c7fd8107ea19dbdafd296f037
Brother Bear,Disney's Brother Bear,Brother Bear,Disney's Brother Bear,brotherbear,United Kingdom/Ireland,2003-11-21,Vicarious Visions,THQ,#players:1 #genre:action>platformer #embedded:backup>eeprom #save:backup #based:movie:disney #lang:en,80112ba773c8b8072502f46c1781561f,0bd142c546d13c2adf21a48b48fe09f7633ad6f3,8253f5c877319b45b9952716497f7467fef9b311189f69312144de3f0255bec5,25613f677c190f97c1152ed70380d3340262a6f8d6faecd839f0532dc3f564c168ac3c16d2d9af05371bb928853f2aa8ba06ea147691e5e03698974e5a768636
Brother Bear,Disney's Brother Bear,Brother Bear,Disneys Bjørne Brødre / Disney's Brother Bear / Disney: Frère des Ours / Disneys Bären Brüder / Disney: Koda‚ Fratello Orso / Disney: Hermano Oso / Disneys Bjornbroder,brotherbear,Europe,2003-11-21,Vicarious Visions,THQ,#players:1 #genre:action>platformer #embedded:backup>eeprom #save:backup #based:movie:disney #lang:fr:de:es:it:nl:sv:da,80112ba773c8b8072502f46c1781561f,0bd142c546d13c2adf21a48b48fe09f7633ad6f3,8253f5c877319b45b9952716497f7467fef9b311189f69312144de3f0255bec5,25613f677c190f97c1152ed70380d3340262a6f8d6faecd839f0532dc3f564c168ac3c16d2d9af05371bb928853f2aa8ba06ea147691e5e03698974e5a768636
Bären Brüder,Disneys Bären Brüder,Bären Brüder,Disneys Bjørne Brødre / Disney's Brother Bear / Disney: Frère des Ours / Disneys Bären Brüder / Disney: Koda‚ Fratello Orso / Disney: Hermano Oso / Disneys Bjornbroder,brotherbear,Germany,2003-11-21,Vicarious Visions,THQ,#players:1 #genre:action>platformer #embedded:backup>eeprom #save:backup #based:movie:disney #reboxed #lang:fr:de:es:it:nl:sv:da,b8b752c5659e94c0474fe6050df498f2,7e217e5f644b0333c51f3827df5fd64023ac7c0e,d7e6d7f35eeb08bd61184c7b386c468ecd342d5606d8c6668f82fba854e098db,1103a345327bcf7345b410ba9f49e4257787c578c7ce0b90bfbb48e586b3fe9e557f40d8fae0dc5b494e3c1141b0c78841e826b53b824c23fabe2654fda5f6e5
Frère des Ours,Disney: Frère des Ours,Frère des Ours,Disneys Bjørne Brødre / Disney's Brother Bear / Disney: Frère des Ours / Disneys Bären Brüder / Disney: Koda‚ Fratello Orso / Disney: Hermano Oso / Disneys Bjornbroder,brotherbear,France,2003-11-21,Vicarious Visions,THQ,#players:1 #genre:action>platformer #embedded:backup>eeprom #save:backup #based:movie:disney #reboxed #lang:fr:de:es:it:nl:sv:da,b8b752c5659e94c0474fe6050df498f2,7e217e5f644b0333c51f3827df5fd64023ac7c0e,d7e6d7f35eeb08bd61184c7b386c468ecd342d5606d8c6668f82fba854e098db,1103a345327bcf7345b410ba9f49e4257787c578c7ce0b90bfbb48e586b3fe9e557f40d8fae0dc5b494e3c1141b0c78841e826b53b824c23fabe2654fda5f6e5
Hermano Oso,Disney: Hermano Oso,Hermano Oso,Disneys Bjørne Brødre / Disney's Brother Bear / Disney: Frère des Ours / Disneys Bären Brüder / Disney: Koda‚ Fratello Orso / Disney: Hermano Oso / Disneys Bjornbroder,brotherbear,Spain,2003-11-21,Vicarious Visions,THQ,#players:1 #genre:action>platformer #embedded:backup>eeprom #save:backup #based:movie:disney #reboxed #lang:fr:de:es:it:nl:sv:da,b8b752c5659e94c0474fe6050df498f2,7e217e5f644b0333c51f3827df5fd64023ac7c0e,d7e6d7f35eeb08bd61184c7b386c468ecd342d5606d8c6668f82fba854e098db,1103a345327bcf7345b410ba9f49e4257787c578c7ce0b90bfbb48e586b3fe9e557f40d8fae0dc5b494e3c1141b0c78841e826b53b824c23fabe2654fda5f6e5
Koda‚ Fratello Orso,Disney: Koda‚ Fratello Orso,Koda‚ Fratello Orso,Disneys Bjørne Brødre / Disney's Brother Bear / Disney: Frère des Ours / Disneys Bären Brüder / Disney: Koda‚ Fratello Orso / Disney: Hermano Oso / Disneys Bjornbroder,brotherbear,Italy,2003-11-21,Vicarious Visions,THQ,#players:1 #genre:action>platformer #embedded:backup>eeprom #save:backup #based:movie:disney #reboxed #lang:fr:de:es:it:nl:sv:da,b8b752c5659e94c0474fe6050df498f2,7e217e5f644b0333c51f3827df5fd64023ac7c0e,d7e6d7f35eeb08bd61184c7b386c468ecd342d5606d8c6668f82fba854e098db,1103a345327bcf7345b410ba9f49e4257787c578c7ce0b90bfbb48e586b3fe9e557f40d8fae0dc5b494e3c1141b0c78841e826b53b824c23fabe2654fda5f6e5
Brother Bear,Disney's Brother Bear,Brother Bear,Disney's Brother Bear,brotherbear,USA,2003-11-04,Vicarious Visions,Disney,#players:1 #genre:action>platformer #embedded:backup>eeprom #save:backup #based:movie:disney #lang:en,1bdadffe311ef9fa231c799806ad5ca3,89e6903500f62e11483402b76c1454af788646c0,aebaac20a98b6ba88b6e106c679bad587f2016da6055bd2201c357b4b1def06a,d2b43c276491ded5734e9dcfa019efb167fdbc8fec0128f2d3a12a5fd2b14a30684d321937c55bed854241e775d7dd72de4dfe10d21aaacc86ec2008db4fcb92
Bruce Lee: Return of the Legend,=,Bruce Lee: Return of the Legend,=,bruceleereturnofthelegend,Europe,2003-03-21,Vicarious Visions,Universal,#players:1 #genre:action>hackandslash #embedded:backup>eeprom #save:backup #search:keyword>endorsed #lang:en:fr:de:es:it,bd34635cf119a77c121bbf005b3ddfbe,fc1c50a12b76efaeae0bb66c37d0d6cad4998d3c,cca747b9c57cfdd45bbc09fd6cf7cd002fc266dc5762b02d6232a47e13f1196b,064637beb535ab42948a0f6749fcf8c8209368127e2d8b63574495f182437a98e3195ec6b2c14799a64fbbc7462115b881b67c3270fdacfebd120a443bbb3956
Bruce Lee: Return of the Legend,=,Bruce Lee: Return of the Legend,=,bruceleereturnofthelegend,USA,2003-03-28,Vicarious Visions,Universal,#players:1 #genre:action>hackandslash #embedded:backup>eeprom #save:backup #search:keyword>endorsed #lang:en,73d90562373b2b0882354986aabdd61f,ebf28bfbf6932e386c261b28555294f183a08435,ecfd25e7b6f9d5c5e2038a741e2df2ed96ee005363c2b89c0f372352ed2e4e8f,93a377acdfd83ba488c3502e27db397cbcd60509e67f4201ba12d6ed6a84202efb432d32d1ab72fc3aa70968496ad3702d16ebe1e54dc1765297f64c5f057fcf
Bubble Bobble: Old & New,=,Bubble Bobble: Old & New,=,bubblebobble,Europe,2003-03-14,Taito,Empire,#players:2:coop #genre:action>platformer #addon:link>gbalinkcable #embedded:backup>eeprom #save:backup #port:arcade #lang:en:fr:de:es:it,2d9d80520480dbc4872b774a80f02f07,179523e4c6da0dc050626ac69862f2a6e880f70d,ef9a120b2f4013ed550f2df194c320a77d65ec5c89afcb3fd74a7e59d7f24046,b13081f6d84c0b00ece96e06f4a8326c0bc76d12298d1d97683bd560801e9c81364542f1dd32824c7baeaed986e97c0c561678b2ae3cc890f382f083450fa0e3
Bubble Bobble: Old & New,Bubble Bobble バブルボブル Old & New オルドアンドニュー,Bubble Bobble: Old & New,Bubble Bobble バブルボブル Old & New オルドアンドニュー,bubblebobble,Japan,2002-07-25,Taito,MediaKite,#players:2:coop #genre:action>platformer #addon:link>gbalinkcable #embedded:backup>eeprom #save:backup #port:arcade #lang:ja,7ab9b3d99be1723ecedde1ed8d0f359b,973594b533fa97319ea791c09905837b20fd9fca,8b06a5ce76fe280cbddb4c317b64872f9efa3bb80bbbadbf7e4c1c124e608e2f,ac04cfa57d59e66c5e1d11811587957a22eba9dc2b1c356f1db63a804d3a8e3b33d049027a668216d1a7c05157b4bada4e59334bbd2faaf33907b68f8bbd7535
Bubble Bobble: Old & New,=,Bubble Bobble: Old & New,=,bubblebobble,USA,2004-09-28,Taito,Empire,#players:2:coop #genre:action>platformer #addon:link>gbalinkcable #embedded:backup>eeprom #save:backup #port:arcade #lang:en,ebe1fc2780d93c4cf42f1fe5815a84bf,efd718795fd29389942ae93611ac12546a6a3e86,7262351705148496c102a361e3a68621884a104249f05b692971daceb2cbb500,ea846e2aed049a893804eb6c96f5dc15ff416867d5d4786ed88161f58dfdbedd82a4619c7b66783316494616d3c9c7aaac4118f0db576ba1d5df131c91be14c4
Buffy: Im Bann der Dämonen: König Darkhuls Zorn,=,Buffy: Im Bann der Dämonen,=,buffythevampireslayerwrathofthedarkhulking,Germany,2003-06-27,Natsume,THQ,#players:1 #genre:action>hackandslash #embedded:backup>eeprom #save:backup #based #lang:de,c9091f3e04bb2b0f0989efb546c3ffc8,cdff352154983d0f5ce3c5c58f71b1049234d96d,eaecc212f1333be19286f4e4215c05ef205c3d99576e6d2972a028405680e642,6a9cbecece39e243f91a6fe86b82f94a430cae426394aafd5a4a66c795780cdfa0bd1bafe46cd180143371673a29f64afa235832f640e125bb4171e92e2cbca0
Buffy contre les Vampires: La Colère de Darkhul,=,Buffy contre les Vampires,=,buffythevampireslayerwrathofthedarkhulking,France,2003-06-27,Natsume,THQ,#players:1 #genre:action>hackandslash #embedded:backup>eeprom #save:backup #based #lang:fr,ca775010545c69bb28ec6635fa48cefd,832e11838d7d6da49936a55fcf8686a2abc0f0e8,ba094e5b137db2ff7d3c142270776dea20134612e44ddd39657bbdb29bc91889,e155a3957844a3c9348413e5caf16a5e64f6e6a0db8c5473716944feaf2fc443a07c04c6d1f9459e09e0fd133496040d454ff54c3e9bfd84b4bcd7b5e06f5078
Buffy the Vampire Slayer: Wrath of the Darkhul King,=,Buffy the Vampire Slayer,=,buffythevampireslayerwrathofthedarkhulking,Europe,2003-06-27,Natsume,THQ,#players:1 #genre:action>hackandslash #embedded:backup>eeprom #save:backup #based #lang:en,e8fe8458edbf341e9d7eba0cbec95d46,fb52e2d91850fa222187e5cd839bd6405ab90f25,7c41ec9557f97ee126222c0d45a3541b10fc7561d9e524139e954c1e904254f5,629cd1fc2ab6713f99dec4029d8efe06bda09c83c93644ea40b81712a28d214c472dccfe5201e7e4ff3063d4d3269901263e233258b18c1f602cbd95a145c082
Buffy the Vampire Slayer: Wrath of the Darkhul King,=,Buffy the Vampire Slayer,=,buffythevampireslayerwrathofthedarkhulking,USA,2003-06-24,Natsume,THQ,#players:1 #genre:action>hackandslash #embedded:backup>eeprom #save:backup #based #lang:en,e8fe8458edbf341e9d7eba0cbec95d46,fb52e2d91850fa222187e5cd839bd6405ab90f25,7c41ec9557f97ee126222c0d45a3541b10fc7561d9e524139e954c1e904254f5,629cd1fc2ab6713f99dec4029d8efe06bda09c83c93644ea40b81712a28d214c472dccfe5201e7e4ff3063d4d3269901263e233258b18c1f602cbd95a145c082
Bura Bura Donkey,ぶらぶらドンキー,Bura Bura Donkey,ぶらぶらドンキー,buraburadonkey,Japan,2005-05-19,Paon,Nintendo,#players:4:vs #genre:action #addon:link>gbalinkcable #embedded:backup>flashram #save:backup #lang:ja,cb6451eb458a51ac7d1757d2f419dd3c,ec5671abbb5dc39531f2e3630fc968ee050e12b2,4686a9864b0dcc711242cc4e52c17fd06797af6c9855401820d8aca49aa2bc54,b4da725d9d23e807cabf5816baee8140a1b27014953ac3556c084fe18b686a2381e8c5d2e99a40eadba96bc1882c7a135e5e29ab11debd6e4e23d88ade103c5c
Butt-Ugly Martians: B.K.M. Battles,=,Butt-Ugly Martians: B.K.M. Battles,=,buttuglymartiansbkmbattles,Europe,2002-11-29,Runecraft,Vivendi Universal,#players:1 #genre:action>runandgun:shmup>h #save:password #based #lang:en:fr:de:es:it,6222d8990b98dc3702ea6b1ccad50183,6407d8d188552bb539272b0ae4eaaea0e21aa441,77b29a2d7ebc6d31cb699aa24fd1e96359e0adc8208739806906af5d9f718ad6,c9fd8e788ae37885217b59693bdc6a5d745b6018d072fa727b31c478d12f8afa850b7cade13ac3a0032e0c470d7973b9bdfa7a9d16937c391a9f847917b26194
Butt-Ugly Martians: B.K.M. Battles,=,Butt-Ugly Martians: B.K.M. Battles,=,buttuglymartiansbkmbattles,USA,2002-09-24,Runecraft,Vivendi Universal,#players:1 #genre:action>runandgun:shmup>h #save:password #based #lang:en,37b681295390ef9f55ee3222c761c4c3,24962220f242b49231969f6d313e325148886106,264fdc8b3f1dd6770694f3e0f39a05ea2ac05b48a9695cb8051e2005189be51f,ac51fc9ff5660e9f690d5f8878628b46d0969ab0bfcd6c995a326e6bb5033809308dc10cf8f9f26af3e70290a28266c5e3fd54e4f4ed945c636f4685987e807e
Cabbage Patch Kids: The Patch Puppy Rescue,=,Cabbage Patch Kids: The Patch Puppy Rescue,=,cabbagepatchkidsthepatchpuppyrescue,Europe,2006-06-23,1st Playable,D3Publisher,#players:1 #genre:action>platformer #embedded:backup>eeprom #save:backup #based #lang:en,25998f81ba65037dcde78250b7d2c28b,db05963f51ec781b59fc3c2acecd4258a8f629a2,385ddadbdbc96673530c330b81f24ec7b565ba570f29e410e92208a340c65c63,e3181c9bf96c9cadd8098f8d33e9c0a372534b08108f6391ab4f4980f2c31336325b055faf8a62f1bf29e0e6fffc4397c5d3a4340e38009f48c41a5b462cf859
Cabbage Patch Kids: The Patch Puppy Rescue,=,Cabbage Patch Kids: The Patch Puppy Rescue,=,cabbagepatchkidsthepatchpuppyrescue,USA,2006-04-11,1st Playable,D3Publisher,#players:1 #genre:action>platformer #embedded:backup>eeprom #save:backup #based #lang:en,f05560ae14f622de028308b372ab2fe3,0a18915e4914b48604a0d2e43762c5dd44fce980,0505ec240e2ee9077cd13b456ad5e437872d5d59d2161db5cce3b7ae46515dce,94ad8ab18cb4e983dc389f4085c7c53bee15f8b6bc9b5fd465b5fcc85464d412fec43ff0ce5011c01f3a7ae3a5fb6e6def822d74b6fe98daea5a0637686eac0d
Cabela's Big Game Hunter,=,Cabela's Big Game Hunter,=,cabelasbiggamehunter,USA,2002-12-10,ImageBuilder,Activision,#players:1 #genre:sim:shooting>gallery #search:keyword>brand #lang:en,b0a0c0fd729544c7fd786a6a4d4b419f,f6590b9f069856c1a9e43d19b4b05e3175a97e02,2bd88eaa5eea883c5aaff3b6184093d954c118fe37f609470f18f239b8453530,b0efbabcc7111e59442f452759ff4836c4d407222c050b02708f2354fb0d390484f1a2c8b4659483b28499d94bda1ef66bf043e8cdba66e08225c2f2f1a99b64
Cabela's Big Game Hunter: 2005 Adventures,=,Cabela's Big Game Hunter: 2005 Adventures,=,cabelasbiggamehunter2005adventures,Europe,2005-10-14,Torus,Zoo,#players:1 #genre:sim:shooting>gallery #embedded:backup>eeprom #save:backup #search:keyword>brand #lang:en,d569ea9204f4683592ed49e47f6f9568,aff3c5bc948c2c868be7da8a327aee25beaa027c,118afa69c0ccf98a3cc62e67bad5d94593bcb2ed8b16f7477f8ba6ec5c6ae2ac,a97730b367530bbc2cf6ea61f3fe4aa3ac3a34593845fba73891b350436437277120a50f0263ed2b915799a8372da0f2ce0bb647cae7a9442af5b561ad61bb4a
Cabela's Big Game Hunter: 2005 Adventures,=,Cabela's Big Game Hunter: 2005 Adventures,=,cabelasbiggamehunter2005adventures,USA,2004-11-10,Torus,Activision,#players:1 #genre:sim:shooting>gallery #embedded:backup>eeprom #save:backup #search:keyword>brand #lang:en,d569ea9204f4683592ed49e47f6f9568,aff3c5bc948c2c868be7da8a327aee25beaa027c,118afa69c0ccf98a3cc62e67bad5d94593bcb2ed8b16f7477f8ba6ec5c6ae2ac,a97730b367530bbc2cf6ea61f3fe4aa3ac3a34593845fba73891b350436437277120a50f0263ed2b915799a8372da0f2ce0bb647cae7a9442af5b561ad61bb4a
Caesars Palace Advance: Millennium Gold Edition,=,Caesars Palace Advance,=,caesarspalace2000millenniumgoldedition,Europe,2001,Pipe Dream,THQ,#players:1 #genre:board>cards:parlor>jackpot #save:password #search:keyword>official #port:sony>playstation #lang:en,ce1b62b6673b0e4338fda5bcdd1e2366,cd5dbb8b8361ca5d003ec496a99351020dabc329,0695b3f7de3c995240d1d2063df7054588351dd7e053c17efa94671fc1730dff,78fcc4ecd6a3993b2255cb5371e6ccdc0d0c3cd2310ff791d79226522fe1f9a77b7183920ccefe412e53235c8cdecc472cacfb3348a3ada3dde678a4d9937b6a
Caesars Palace Advance: Millennium Gold Edition,=,Caesars Palace Advance,=,caesarspalace2000millenniumgoldedition,USA,2001-09-19,Pipe Dream,Majesco,#players:1 #genre:board>cards:parlor>jackpot #save:password #search:keyword>official #port:sony>playstation #lang:en,ce1b62b6673b0e4338fda5bcdd1e2366,cd5dbb8b8361ca5d003ec496a99351020dabc329,0695b3f7de3c995240d1d2063df7054588351dd7e053c17efa94671fc1730dff,78fcc4ecd6a3993b2255cb5371e6ccdc0d0c3cd2310ff791d79226522fe1f9a77b7183920ccefe412e53235c8cdecc472cacfb3348a3ada3dde678a4d9937b6a
Caesars Palace Advance: Millennium Gold Edition,=,Caesars Palace Advance,=,caesarspalace2000millenniumgoldedition,USA/Europe,2001,Pipe Dream,Majesco,#players:1 #genre:board>cards:parlor>jackpot #save:password #search:keyword>official #port:sony>playstation #lang:en #unfinished:beta,fb6512463e361b4a79bb4f62bfca86fd,1a89cecd9bf89df42ae4ef35d17d437b17e53c80,f02af085ee1b7ae668d2dc8bf227cac1b3cfb42bb27c314a3d709b9e882507a4,e0285f33553ed3191291c556b30f1908a46e759cff597bbadc6187abac298b56a9b34d4f08409344b82af173876668810c84d347e5dcfaa8741bd1400b49ec38
Calciobit,カルチョビット,Calciobit,カルチョビット,calciobit,Japan,2006-05-18,ParityBit,Nintendo,#players:2:vs #genre:sports>soccer #addon:link>gbalinkcable #embedded:backup>flashram #save:backup #lang:ja,5c1230403a28121a7235d3cda810e96a,df835357ee70fc0b6c6eb606d9ff1dcc97eba9d3,3801cb767bcb005aa85cffa00ae3b366c62801f1a74a0ee72fcb06b21081604b,ac7104f2249e542198c9b777d8a294b25ecbefd50a6bfe11e9c5ebdca563668cf791bbe97693e66c96866073b36d5ce3db5811ac940e9f8e0c07a0919ce8ec38
Camp Lazlo: Leaky Lake Games,=,Camp Lazlo: Leaky Lake Games,=,camplazloleakylakegames,Europe,2007-01-05,Collision,505,#players:1 #genre:adventure:minigames:action #embedded:backup>eeprom #save:backup #based #lang:en,28a966d194d788bf9ef4b5751ceee872,138ef77b18b87689d6d6e6e4887874de3f72e52e,2ff5a9ecaa1dcec8308f6bd43244f08099afd9d8b950875916a2127c9c3f5db4,88c2a93fbde6eebec963442e670b80156ebf8b97b44fe368543a9c60ba373088649e7f5222661253120bf69644a38a1a6cc0aacd540c542d35d05c89543683c9
Camp Lazlo: Leaky Lake Games,=,Camp Lazlo: Leaky Lake Games,=,camplazloleakylakegames,USA,2006-11-06,Collision,Crave,#players:1 #genre:adventure:minigames:action #embedded:backup>eeprom #save:backup #based #lang:en,6385b15433d8cd369cadec45e5d5a783,184fe377d82264c2c3ae426d9e57437ec5f8901e,24270fc9ed0f7ec459b14ee6adfe778c517a4db3fe13105264515a7ee8ca30a6,b2262c748f312fe84ce56baac3397e55050a7a00e5c871e87944947a1fcf308be7ff5d43e06db31b2e402f045db97e69e53ffec0c6cbbbbb79748c616fe20f0e
CAPCOM Classics Mini Mix,=,CAPCOM Classics Mini Mix,=,capcomclassicsminimix,USA,2006-09-19,Sensory Sweep,CAPCOM,#players:1 #genre:action>platformer>metroidvania:brawler #save:passsword #port:nintendo>famicom #compilation:stridernes:finalfight:hitlernofukkatsutopsecret #lang:en,05bf1a8337fb6b000dc2b875e1da07c9,f5602cb9e8aa13c3631c47ff3213325404940798,c9f0a8cba357c954c84e8633e6f884cba8bf3f65828216d8d9441f12248b9d9b,facefba27723c910ff95fc98685cf32c9d8e8d95a7f57092c7406dc7fdae12beb660bda3e156b9a7ce3ac3cc71429cc4aa49c73fae5d96e05d02aff51151e71a
Captain Tsubasa: Eikō no Kiseki,キャプテン翼 栄光の軌跡,Captain Tsubasa: Eikō no Kiseki,キャプテン翼 栄光の軌跡,captaintsubasaeikounokiseki,Japan,2002-02-21,KCEJ,Konami,#players:2:vs #genre:sim>cardgame:sports>soccer #addon:link>gbalinkcable #embedded:backup>battery #save:backup #based:manganime #search:keyword>official  #lang:ja,834c59c74efdd616ceb429832c06de31,58ec6a38285bdc77ce2a322b5f7be65e1d0895a3,b77b54040d382328e8bdf57d022e0ba4455ab3175371925ac61ea17bab6f75a4,6e0c462572b4186a468cb46c4f683db3a1d99bff4593dfae2b0a7fa02dfad5a838562166e9cf62405da4adb0a309e5380786b05831f8abe2605f14eaf755eac4
Car Battler Joe,=,Car Battler Joe,=,gekitoucarbattlergo,USA,2002-10-21,Ancient,Natsume,#players:4:vs #genre:rpg>a #addon:link>gbalinkcable #embedded:backup>eeprom #save:backup #lang:en,37a569f4b2ee0818f89117a5cc958e83,5c9982a230ebf6c93b1706a242d2149fc052a37c,e9d2ea68624080434d4aae30fcf0b16cca6d84c27a061d7a6b32cd4906624e4c,6693c14c031d556a9c5e04e7e4d11b2dc6f4bb1ceaa27ba1632671762ea3fe88cd2fb97deeeffca026ef52510dcf44647397e32f580982596a57991671d5c2b8
Card e Reader,カードeリーダー,Card e Reader,=,cardereader,Japan,2001-12-01,Nintendo/Olympus,Nintendo/Creatures/HAL Laboratory,#players:1 #genre:notagame>application #addon:reader>cardereader #embedded:backup>flashram #save:backup #lang:ja,b44aacbfe0a64d73b466f8f7bcca4577,5cf045a083bf7c86a197a7f19caf7153f3e227f4,4755881082d2b6afa6958c0200efcccf0a4096ef147b2077a99cf4cc67286018,029e7388625eae1527fc9e005e5321c08bee2a5ac904f436cefe456d38f635288360d5ae795ce000f3442ce9ad73fd606b8708edc8e7fe2fc7c88e1137337343
Card e Reader+,カードeリーダー+,Card e Reader+,カードeリーダー+,cardereaderplus,Japan,2003-06-27,Nintendo/Olympus,Nintendo/Creatures/HAL Laboratory,#players:1 #genre:notagame>application #addon:reader>cardereaderplus:link>gbalinkcable>gbacable #embedded:backup>flashram #save:backup #lang:ja,32cbd7b3468b5f595876161a47f15895,2af41785dd72c664e8a1c0f1e1ce0edcd105dd5e,db0a82027ac17da69c9651aed8f3be9c4814ea30ca04b6ccba2e7895bd7dde6d,752d106bcb3b741489a181e1f4c0c8c43637056cd1de0ce4436e4483c6603049e23b39b5651e16c5e0d57cf30733cea092a8efb63c6f5153822eff0e376c568b
Card Party,Card Party カードパーティ,Card Party,Card Party カードパーティ,cardparty,Japan,2002-10-25,NDcube/Hi,MediaKite,#players:4:vs #genre:board>cards #addon:link>gbalinkcable #lang:ja,54024eb18ad484126ce84d30843e0b59,38d57c56f3fc8d458d3e9b8a6f98174911167dac,d02476b6a991a04cf403dce91b3b0cbb9e0814933c1db722db78372afe79a58c,47503a4b00b76f3d458f50abc4156d3dc5d3fbc711236027bc9604c8ed0875bcee70e8d5888fa83d8398fd9b28aecd77ac42137efc97974976132ad68cf1dbd2
Cardcaptor Sakura: Sakura Card de Mini Game,カードキャプターさくら Cardcaptor Sakura さくらカードdeミニゲーム,Cardcaptor Sakura: Sakura Card de Mini Game,カードキャプターさくら Cardcaptor Sakura さくらカードdeミニゲーム,cardcaptorsakurasakuracarddeminigame,Japan,20003-12-12,Affect,TDK,#players:1 #genre:minigames:action:board>othello:puzzle:shmup:rhythm #embedded:backup>eeprom #save:backup #based:manganime #lang:ja,0ab2602d06da0ee5d87ac319495a78f2,e91289d5ef58f984f0377d956aad1d3bf48667bb,82f8f7aec276d48103631715d77885a025a41cfd37ee71fe69b3caea86771220,13838bfbcdf264979802225a252fb2a3352213b0da966d8fec5e2310f1fc31f7d29f2124e4bb33bdddb284bcb8a37d41cc138955d35098de84c802e1e72e015f
Cardcaptor Sakura: Sakura Card Hen: Sakura to Card to Otomodachi,カードキャプターさくら Cardcaptor Sakura さくらカード編 さくらとカードとおともだち,Cardcaptor Sakura: Sakura Card Hen: Sakura to Card to Otomodachi,カードキャプターさくら Cardcaptor Sakura さくらカード編 さくらとカードとおともだち,cardcaptorsakurasakuracardhensakuratocardtootomodachi,Japan,2004-04-23,M²TO,M²TO,#players:1 #genre:adventure #embedded:backup>eeprom #save:backup #based:manganime #lang:ja,0a05b2762f053783d9e1d20ed10a6b4a,2149b1f92fcd114fa78ee6303181cdc9903ae237,41ddbeb05c16f069b60a670bf935839a57e6a3b5837c53d1bd0e29a609e1a05f,ea25ed6a19d70e6b333e8b470c8fd53dc374becc3d96b8853835df2d0f4ea62a378f6c7dcb3bf9431914cda6012f5f08b40f0b115b1ea9990eba233bb45256a5
Cardcaptor Sakura: Sakura Card Hen: Sakura to Card to Otomodachi,カードキャプターさくら Cardcaptor Sakura さくらカード編 さくらとカードとおともだち,Cardcaptor Sakura: Sakura Card Hen: Sakura to Card to Otomodachi,カードキャプターさくら Cardcaptor Sakura さくらカード編 さくらとカードとおともだち,cardcaptorsakurasakuracardhensakuratocardtootomodachi,Japan,,M²TO,M²TO,#players:1 #genre:adventure #embedded:backup>eeprom #save:backup #based:manganime #lang:ja #rev:1,80e5dcfab9437202bb6e745095e78c95,06f8cef944241ab73a062972cc7eb4a744dc1b6b,84021de77d82e9e8db4bbbe61c975473b507695be3ad6085f14bb1fa3a3a3f87,261360b99d5070fc839c50f93355c5ed2eb3346fc8195fea152db2927b00fd92c035d79d9d709db7dc04ee6010e0e4a4528195563318dec5cc897212a24a2496
Care Bears: Care Quest,=,Care Bears: The Care Quests,=,carebearscarequest,Europe,2006-02-03,Sirius,The Game Factory,#players:1 #genre:minigames:action:sports>volleyball>skateboarding #embedded:backup>eeprom #save:backup #based #lang:en:fr:de:es:it:nl:pt:da,ed307f6ea37b57eae6e7d32b76fddf7d,606ad547286fdf14cc0fe60e5c34f9db83a059dc,998dfd3958b54f1d84e1244a1f2be8818a8d0cd9f84057f8201adec510ae8259,47d25fedcf7a99dd6974a25e0666ecf2b82bcaa4507052e99decd28df298e1c2ee8bda3b2d67476acf0dd61b234c29a53acc7e3ab567b741da4e041842a55381
Care Bears: Care Quest,=,Care Bears: The Care Quests,=,carebearscarequest,USA,2005-11-15,Sirius,The Game Factory,#players:1 #genre:minigames:action:sports>volleyball>skateboarding #embedded:backup>eeprom #save:backup #based #lang:en:fr:es,10d14cbd9d43d2c4d59da9a7ee64ba95,750eb05960ace3bd38c6e362a0f6970ac3371964,5e629cae8e999327ba53f580482d7f7a9cb8a1f0b53ca9e8734fcf15e3ad69cf,b74bd28b768376f0e54eb98827dc50d0b343c0aea3a99dce4d3a67f1e9a8f354e27cb4a0f3684a554da6cade4cb3ddc76396fdb8cb53993d1e022aa2146614ee
Carrera Power Slide,=,Carrera Power Slide,=,carrerapowerslide,Europe,2003-01-01,Tiertex,Stadlbauer,#players:2:vs #genre:racing #addon:link>gbalinkcable #embedded:backup>eeprom #save:backup #based #lang:en:fr:de:es:it:nl,d62d4e34e5db75a4b44db96752cc2f69,965ce9750705fd576cd73ef3450c6537bb6f9c68,02fe39fba2efb64f19834398f0622e9f74286a09a0aff6e4b4bb35925bab1098,a9ca573b1f07ba1142c33f5d00d30a6c45877853746860acd2d585bd9eb6cada166bb3f71d637d5f1207c63d4dd9473076f9567a1bd349870391d660decd532d
Cars,Disney・Pixar Cars,Cars,=,cars,United Kingdom/Ireland,2006-07-14,Helixe/Factor 5,THQ,#players:1 #genre:racing #embedded:backup>eeprom #save:backup #based:movie:disney #lang:en,214047ac78c08eb59e256f54df9522f2,7a3a5236fb3a335fbdc7b3ebb80a42766833d40d,e8fc4f34695f05b28075e0be293496aeb7a3f6990be683884a4f8ad74e189635,660da76b6d3833364f11f9ab12bebde8d04dccab2ac88ffadb9fe7bdcb461f28dff7a3e327f68bfdd062db34b632fa44344b30a02f0dc21287b5aee98b4b5b82
Cars,Disney・Pixar Cars,Cars,Cars / Carros,cars,Spain/Portugal,2006-07-14,Helixe/Factor 5,THQ,#players:1 #genre:racing #embedded:backup>eeprom #save:backup #based:movie:disney #lang:es:pt,0e9df95d854d56a7bed63b79bab40bc1,b7dbdf12678e0f36973ca660178f8978450f4a3e,b7a96c624f9717cccff9f11e14e9f79ef348efb90e45574d1bf9520b85b502a1,6abfc6515e19cb71d3be632bfb8c7309b4b9f2a9bcc5e9488cfa6ac3d3da9fd72d624f09c878db644b14ec97e501649d113963c0801f7a42831cd32bb8ee9b9f
Cars,Disney・Pixar Cars,Cars,=,cars,Germany,2006-07-14,Helixe/Factor 5,THQ,#players:1 #genre:racing #embedded:backup>eeprom #save:backup #based:movie:disney #lang:de,7031e05fea8257a2658683436b0e3db1,8b9800817faad9ea6efdb5ace585d4d970b19353,0230c63b4ac8a8cfb2de05ee6aaa3114b84c7b4bab8c9e5fd97a628d95c2834e,16b99a252e7205ea09cf87acb5bb574af92b82d60038671af3c2bd9f5b15133c2c9b9c42ea84bbe934b948fe9c0b2b936904f330f24a4a17d0d28693bdcd3067
Cars: Quatre Roues,Disney・Pixar Cars: Quatre Roues,Cars: Quatre Roues,Cars: Quatre Roues / Cars,cars,France/Netherlands,2006-07-14,Helixe/Factor 5,THQ,#players:1 #genre:racing #embedded:backup>eeprom #save:backup #based:movie:disney #lang:fr:nl,94cda1aa3381f457186908ac3fe82f24,63bd4b332d8f5d022901bd0d0f4ebd6a45d928ec,fbda2214c8a943619857201a87f401ea7a06561e18c1e82250d31fce874d8044,a86e77e6a9408cdb46b13a9e1bb54d67e04d2bb85084a4403a4121ab0ddb1a4c62cd0bf8f62bd311e11ffcdee3c9066036147b66f8c6c0a1d32a61ab083704de
Cars,Disney・Pixar Cars,Bilar,Bilar / Biler / Autot,cars,Scandinavia,2006-07-14,Helixe/Factor 5,THQ,#players:1 #genre:racing #embedded:backup>eeprom #save:backup #based:movie:disney #lang:sv:no:da:fi,99581023cbb348a577d461e328646218,d0e9061bf7f3c78844915d98c8409d5c09a77efd,ece3c5e15d8ceafa77f7d14111b7a0c7b0afd8e077b04238ab2598021fcc57fb,db023157ab0678c09a650a52eceb773f9120d4c07d683a81ea86f34a1b351a72a56efd8a5871f964bffadec2b22c7ec0cd06459c0282b065cc8e400171713a8d
Cars: Motori Ruggenti,Disney・Pixar Cars: Motori Ruggenti,Cars: Motori Ruggenti,Disney・Pixar Cars: Motori Ruggenti,cars,Italy,2006-07-14,Helixe/Factor 5,THQ,#players:1 #genre:racing #embedded:backup>eeprom #save:backup #based:movie:disney #lang:it,7dde4a9d879bad9a898a3e32903d406c,98f3733112e85eff63fcef6aefe73d1f19694151,fdda6791920c9ab20345122050d6906b2332085a681396441f29db276fab0511,1f3b0a4127a1942b5191ffd4806b49e3bef5076ccb0e056047b0b72e07f3db7f652bcdf8c781cac36132746f1b06c38173e6b6724e4c8818ef566e5251f1052c
Cars,Disney・Pixar カーズ,Cars,Disney・Pixar カーズ,cars,Japan,2006-06-06,Helixe/Factor 5,THQ,#players:1 #genre:racing #embedded:backup>eeprom #save:backup #based:movie:disney #lang:ja,2dd75f1b7e8095ab41918fccdd64e1ae,5f10460ef1267ffc155475c30f377d37a1ee5e35,7d6322b2d4e6fee73fec41fc0913b8b9355aff2c26bde1d8b3cc0c19f5e9f3e5,8b9dcdefeb27c5b5f6e0d4d2c46fe04cafcc7d3359375ea58448dcbf8ea74ae972f1b1fd19252784f8faba4c998b65a5af0c8f5a2001214a6d0bdf25b7cfa771
Cars,=,Cars,=,cars,USA,2006-06-06,Helixe/Factor 5,THQ,#players:1 #genre:racing #embedded:backup>eeprom #save:backup #based:movie:disney #lang:en,214047ac78c08eb59e256f54df9522f2,7a3a5236fb3a335fbdc7b3ebb80a42766833d40d,e8fc4f34695f05b28075e0be293496aeb7a3f6990be683884a4f8ad74e189635,660da76b6d3833364f11f9ab12bebde8d04dccab2ac88ffadb9fe7bdcb461f28dff7a3e327f68bfdd062db34b632fa44344b30a02f0dc21287b5aee98b4b5b82
Cars: Mater-National Championship,Disney・Pixar Cars: Mater-National Championship,Cars: Mater-National Championship,Disney・Pixar Cars: Mater-National Championship / Disney・Pixar Cars: La Coupe Internationale de Martin / Disney・Pixar Cars: La Coppa Internazionale di Carl Attreggi / Disney・Pixar Cars: Hook International / Disney・Pixar Cars: La Copa Internacional de Mate / Disney・Pixar Biler: Bumles Internationale Racerløb,carsmaternationalchampionship,Europe,2007-10-09,Tantalus,THQ,#players:1 #genre:racing #save:password #based:movie:disney #lang:en:fr:it:de:es:nl,aaa5acb5b94fccc8f3de8fef3f1a22cb,16c666082db0e12384d342e5db4336ac66869d28,561a6291c69a46b72f380c530c29ae8a20f1b99398489cadf5951e049edb7194,16600b07a82649678c62bdfd4cad0aa3c62fa145e48b50f6cb47e952d4ef787e6ed68c572384691bb457d5a29fdd41b10d618c3713181f0b93f4c71fcf2008e5
Cars: La Coupe Internationale de Martin,Disney・Pixar Cars: La Coupe Internationale de Martin,Cars: La Coupe Internationale de Martin,Disney・Pixar Cars: Mater-National Championship / Disney・Pixar Cars: La Coupe Internationale de Martin / Disney・Pixar Cars: La Coppa Internazionale di Carl Attreggi / Disney・Pixar Cars: Hook International / Disney・Pixar Cars: La Copa Internacional de Mate / Disney・Pixar Biler: Bumles Internationale Racerløb,carsmaternationalchampionship,France,2007-10-09,Tantalus,THQ,#players:1 #genre:racing #save:password #based:movie:disney #reboxed #lang:en:fr:it:de:es:nl,aaa5acb5b94fccc8f3de8fef3f1a22cb,16c666082db0e12384d342e5db4336ac66869d28,561a6291c69a46b72f380c530c29ae8a20f1b99398489cadf5951e049edb7194,16600b07a82649678c62bdfd4cad0aa3c62fa145e48b50f6cb47e952d4ef787e6ed68c572384691bb457d5a29fdd41b10d618c3713181f0b93f4c71fcf2008e5
Cars: Motori Ruggenti: La Coppa Internazionale di Carl Attreggi,Disney・Pixar Cars: Motori Ruggenti: La Coppa Internazionale di Carl Attreggi,Cars: La Coppa Internazionale di Carl Attreggi,Disney・Pixar Cars: Mater-National Championship / Disney・Pixar Cars: La Coupe Internationale de Martin / Disney・Pixar Cars: La Coppa Internazionale di Carl Attreggi / Disney・Pixar Cars: Hook International / Disney・Pixar Cars: La Copa Internacional de Mate / Disney・Pixar Biler: Bumles Internationale Racerløb,carsmaternationalchampionship,Italy,2007-10-09,Tantalus,THQ,#players:1 #genre:racing #save:password #based:movie:disney #reboxed #lang:en:fr:it:de:es:nl,aaa5acb5b94fccc8f3de8fef3f1a22cb,16c666082db0e12384d342e5db4336ac66869d28,561a6291c69a46b72f380c530c29ae8a20f1b99398489cadf5951e049edb7194,16600b07a82649678c62bdfd4cad0aa3c62fa145e48b50f6cb47e952d4ef787e6ed68c572384691bb457d5a29fdd41b10d618c3713181f0b93f4c71fcf2008e5
Cars: Hook International,Disney・Pixar Cars: Hook International,Cars: Hook International,Disney・Pixar Cars: Mater-National Championship / Disney・Pixar Cars: La Coupe Internationale de Martin / Disney・Pixar Cars: La Coppa Internazionale di Carl Attreggi / Disney・Pixar Cars: Hook International / Disney・Pixar Cars: La Copa Internacional de Mate / Disney・Pixar Biler: Bumles Internationale Racerløb,carsmaternationalchampionship,Germany,2007-10-09,Tantalus,THQ,#players:1 #genre:racing #save:password #based:movie:disney #reboxed #lang:en:fr:it:de:es:nl,aaa5acb5b94fccc8f3de8fef3f1a22cb,16c666082db0e12384d342e5db4336ac66869d28,561a6291c69a46b72f380c530c29ae8a20f1b99398489cadf5951e049edb7194,16600b07a82649678c62bdfd4cad0aa3c62fa145e48b50f6cb47e952d4ef787e6ed68c572384691bb457d5a29fdd41b10d618c3713181f0b93f4c71fcf2008e5
Cars: La Copa Internacional de Mate,Disney・Pixar Cars: La Copa Internacional de Mate,Cars: La Copa Internacional de Mate,Disney・Pixar Cars: Mater-National Championship / Disney・Pixar Cars: La Coupe Internationale de Martin / Disney・Pixar Cars: La Coppa Internazionale di Carl Attreggi / Disney・Pixar Cars: Hook International / Disney・Pixar Cars: La Copa Internacional de Mate / Disney・Pixar Biler: Bumles Internationale Racerløb,carsmaternationalchampionship,Spain,2007-10-09,Tantalus,THQ,#players:1 #genre:racing #save:password #based:movie:disney #reboxed #lang:en:fr:it:de:es:nl,aaa5acb5b94fccc8f3de8fef3f1a22cb,16c666082db0e12384d342e5db4336ac66869d28,561a6291c69a46b72f380c530c29ae8a20f1b99398489cadf5951e049edb7194,16600b07a82649678c62bdfd4cad0aa3c62fa145e48b50f6cb47e952d4ef787e6ed68c572384691bb457d5a29fdd41b10d618c3713181f0b93f4c71fcf2008e5
Cars: Mater-National Championship,Disney・Pixar Cars: Mater-National Championship,Cars: Mater-National Championship,Disney・Pixar Cars: Mater-National Championship / Disney・Pixar Cars: La Coupe Internationale de Martin,carsmaternationalchampionship,USA,2007-11-12,Tantalus,THQ,#players:1 #genre:racing #save:password #based:movie:disney #lang:en:fr,a9ed5e9ce8b27136133af666474fd42d,dede8d3a8d18ca561325d0cbf22bbf25ad658308,f59e26915074ce04580013e2781d85cb5c0634fa38159c52c86fc4b2ae34d0a6,afd20b3c22f913a42d00a52e56693d23b1868ecb8b4f5f5ab1c46edd75ae063b8a7f15f0ac46f53bcf9b445369fd984d79a2f229441467256ca1530b1783b62a
Cartoon Network Block Party,=,Cartoon Network Block Party,=,cartoonnetworkblockparty,USA,2004-08-05,Monkeystone/One Man Band,Majesco,#players:4:vs #genre:board>party:minigames:sim>fishing:rhythm>dance:shooting>gallery:racing:sports>skateboarding #save:password #based #lang:en,fc244be5e2a8b811ea2b2e0101d64a6e,5e1ae3428c528755dc9c58e28df349bf58b17a45,42edf0804c7b11fd2077d1488078bc85f09aa0cafa7a6d565d6b2ef9c4d4baba,d09034d0035e062c7a400864fd77b3e8e62500c618c47a903f5c353df7641dc704da4a346f80097a7361915e8ccae7d050d8085662522a089633b44b2930d36f
Cartoon Network Speedway,=,Cartoon Network Speedway,=,cartoonnetworkspeedway,USA,2003-11-17,Digital Creations,Majesco,#players:2:vs #genre:racing>combat #addon:link>gbalinkcable #save:password #based #lang:en,b3f65540eea88983c63e454b34d3028e,26afa157c527dcaa5a4fa0eccc772426156320d8,d8e48a283fd0a813ecd85ba5992c035b562a256543b1246c7d14560d17270216,4aaeead9db1552dd48de9f4aa3af42d0344c3159af8285e54084fcae730b3485b0fca3fd9d58650e1241873b09614680868382858f76dcd5b8252e2761b5432b
Casper,=,Casper,=,caspergba,Europe,2002-03-22,Planet,Microïds,#players:1 #genre:adventure #save:password #based:movie #lang:en:fr:de:es:it:nl:pt,3bc985416f6229eb8c51457c51a64f6d,2321b90c04690e8e4973a4495d25c9197ab5bfcc,39f9e5095f9ad1ce87d24103ba383a9204ee459b1009e2d4bc6488d8c2cb0fdf,f90d0ef16bf699523bcdf377c09c6838ba465d5bea2447469b41925adcd9367cf67537287dff2ab0895dfa8f6359414a3931242c72044d9a80137ef166f26951
Casper,=,Casper,=,caspergba,USA,2002,Planet,Microïds,#players:1 #genre:adventure #save:password #based:movie #lang:en:fr:es,a6c803e0887f46db78bdf095628ed7de,75392d01815d807f8fbd6846469d5d535a6aeeda,e2ebcfd920ba8058bb0305332bcc0f7fa20c2ac4d4250185a12e19c6c932f2a6,3af6c613db89e97ee001b0d8f409e53cf322062356a8f3e47eae1520c0a17d35f93a318f2f1107f2fb147ef8a3255f83602cbea74e5f966714203f97e0f2c867
Castlevania,=,Castlevania,=,akumajoudraculacircleofthemoon,Europe,2001-06-22,KCEK,Konami,#players:1 #genre:action>platformer>metroidvania #embedded:backup>battery #save:backup #search:franchise>castlevania:feature>dracula #lang:en,b7b0e7a5f8e8bd22ac9f5766d1acef56,a127e0c62ce61cd72661a1af6f0bda18bcad26b3,f2a7d5dca15d5a0f11cc4135517b5ddb4d76d522bac6f40b38b76439dafd2292,234f986457d4ddbafe695e53b461e94b1adb0850216d5204faea00d847001b1662d0d83ece77a9771d2956903a12fa8f2bf12674a7af24ede3085ad059b9c263
Castlevania,=,Castlevania,=,akumajoudraculacircleofthemoon,Europe,2015-01-29,KCEK,Konami,#players:1 #genre:action>platformer>metroidvania #embedded:backup>battery #save:backup #search:franchise>castlevania:feature>dracula #lang:en #rerelease:virtualconsole>wiiu,4da06e60c419238f114ca2c632a094c5,b5fa3402a8fb86786f97d08f88b3cbc790bb5d6e,369c7560c25afc723f53a6fa4d74c159042e75c21572a1e6ca73e2e9269b0379,5cfae8b9cc360fc219105c8a47c52fa0ec674622e1dbac5cdf603595cef55795300a26090c96808d9de9c5b4076596314b8193683b4756cb59bd6a584df9750b
Castlevania,=,Castlevania,=,akumajoudraculacircleofthemoon,Europe,2021-09-24,M2,Konami,#players:1 #genre:action>platformer>metroidvania #embedded:backup>battery #save:backup #search:franchise>castlevania:feature>dracula #lang:en #rerelease:castlevaniaadvance,4081d5667d931445a0a26153100e9fc3,30a2fd3fe95a8a84b02da7ddbc8b2a90e0553d9b,086c9f17c03d56e82b04507c2f8c2947434643c0c377034c22560de68f52da18,91d767484bb8d5e3c7d63e2c0e70e124a288ed1631da8d76400f55edba8a5b4d083be6846a65454166fb5e7223fec66d5cab61a7680bec6c77fb68e21a022d9c
Castlevania: Akatsuki no Minuet,Castlevania キャッスルヴァニア 暁月の円舞曲 あかつきのメヌエット,Castlevania: Akatsuki no Minuet,Castlevania キャッスルヴァニア 暁月の円舞曲 あかつきのメヌエット,castlevaniaakatsukinominuet,Japan,2003-05-08,KCET,Konami,#players:1 #genre:action>platformer>metroidvania #addon:link>gbalinkcable #embedded:backup>battery #save:backup #search:franchise>castlevania #lang:ja,146ae198a3d42a66733b9e0ef3ec11eb,0e086345f3bef45611c252adf1f4d1fbe642f2c1,c36899e05a29b481d3fb38c2edc9569437f0811e67fa50a067bf587a6419f891,9987254020d7b450c02f64990eb4c2d507cfbc2ebc3eeceedf339b76b0c3c4793f510503aa972e4cd23ec8bfa590c7c37b8e20e414340ddbbe5c07370cf725ec
Castlevania: Akatsuki no Minuet (Konami The Best),Castlevania キャッスルヴァニア 暁月の円舞曲 あかつきのメヌエット (コナミ ザ・ベスト),Castlevania: Akatsuki no Minuet,Castlevania キャッスルヴァニア 暁月の円舞曲 あかつきのメヌエット,castlevaniaakatsukinominuet,Japan,,KCET,Konami,#players:1 #genre:action>platformer>metroidvania #addon:link>gbalinkcable #embedded:backup>flashram #save:backup #search:franchise>castlevania #reboxed:konamithebest #compilation:castlevaniaakatsukinominuet #rev:nobattery #lang:ja,146ae198a3d42a66733b9e0ef3ec11eb,0e086345f3bef45611c252adf1f4d1fbe642f2c1,c36899e05a29b481d3fb38c2edc9569437f0811e67fa50a067bf587a6419f891,9987254020d7b450c02f64990eb4c2d507cfbc2ebc3eeceedf339b76b0c3c4793f510503aa972e4cd23ec8bfa590c7c37b8e20e414340ddbbe5c07370cf725ec
Castlevania: Akatsuki no Minuet,Castlevania キャッスルヴァニア 暁月の円舞曲 あかつきのメヌエット,Castlevania: Akatsuki no Minuet,Castlevania キャッスルヴァニア 暁月の円舞曲 あかつきのメヌエット,castlevaniaakatsukinominuet,Japan,2015-08-26,KCET,Konami,#players:1 #genre:action>platformer>metroidvania #addon:link>gbalinkcable #embedded:backup>battery #save:backup #search:franchise>castlevania #lang:ja #rerelease:virtualconsole>wiiu,a7f1f118df6437e4dc1d2906dbb2109b,353bd090e2479fabccc889f1458d00d67ab5b81f,9a9c72436b269b5e6a8dbe1ea6f2aa03ec231212ed326cc0cc88967f08083b08,d4a551ea4022909c16d1795e15bdaa7b1da33e02370869deb039eca1f7100f0bfa124750d3850322f23c717a51d97f1b2c1aaf296557f3a8b9eb76558f5e8430
Castlevania: Akatsuki no Minuet,Castlevania キャッスルヴァニア 暁月の円舞曲 あかつきのメヌエット,Castlevania: Akatsuki no Minuet,Castlevania キャッスルヴァニア 暁月の円舞曲 あかつきのメヌエット,castlevaniaakatsukinominuet,Japan,2021-09-24,M2,Konami,#players:1 #genre:action>platformer>metroidvania #addon:link>gbalinkcable #embedded:backup>battery #save:backup #search:franchise>castlevania #lang:ja #rerelease:castlevaniaadvance,784b6d3c7eeb2c98078f5b7d7d637f75,7f513361dcb5321a1d430f2fd291eb8aac9ce319,25ccd1467ab3bc8bcc85096fc673c54dfa9a885ad09f96454c960a974916ddf9,e6730600b4c3b68f9e1364e407b863cf6457c1f424b34a80be8c80e590fbf0828fe89bec8636012fc092396e098dcb4f1548de38c481d1f2aa2f3824e3c834a6
Castlevania: Aria of Sorrow,=,Castlevania: Aria of Sorrow,=,castlevaniaakatsukinominuet,Europe,2003-05-09,KCET,Konami,#players:1 #genre:action>platformer>metroidvania #addon:link>gbalinkcable #embedded:backup>flashram #save:backup #search:franchise>castlevania #lang:en:fr:de,4a5d8e686d55829d54a03fda8d6887d7,2e8302c2a5a61614749f609d7edc8c3e6af20585,5e53bad137852c55280964c08f8f4a6622ddf332fa0108722a26d462e1f8a92a,33085f43119067cc3a2d974d6fba53fa22e0a2f5ed908fe134470e9a4ad56c9416a0d04ed9b80de7da5a1a01cdb07c9865deff1cd793c7689dda83ad68eb8d65
Castlevania: Aria of Sorrow,=,Castlevania: Aria of Sorrow,=,castlevaniaakatsukinominuet,Europe,2015-03-19,KCET,Konami,#players:1 #genre:action>platformer>metroidvania #addon:link>gbalinkcable #embedded:backup>flashram #save:backup #search:franchise>castlevania #lang:en:fr:de #rerelease:virtualconsole>wiiu,e21564dea14e62d831cc1ffe2fefad0b,458c42a6b8fd6cf18579b0f7eef9dcd12b43c12b,1bcee610c782d79573120332157aa92af4601a354cb9ee7d967da7ba63d31b12,71cee63fcfd1c833c11e86ce8e660a1ad8fe6c6936087f6481194db0f44250e992e06183c0b2e1f3aeffa2452237a67fc17062272fde6d9fbe5baec751656478
Castlevania: Aria of Sorrow,=,Castlevania: Aria of Sorrow,=,castlevaniaakatsukinominuet,Europe,2021-09-24,M2,Konami,#players:1 #genre:action>platformer>metroidvania #addon:link>gbalinkcable #embedded:backup>flashram #save:backup #search:franchise>castlevania #lang:en:fr:de #rerelease:castlevaniaadvance,5914890e4fa2157e4df5388a038730f1,02dc76fdfe464877202b3d59cd102d626d194fe6,9455154ac80b1554ee856531e10636cd7b6fbee6a2c4727fec4761966667383d,b2e3d6972a59927ab01610fd4c41179e46ac4e7ea71b166d07cfcc517c0d440a5df7ba1d7ed7108f14097d1daa744e027f2a58fe6188ec56d45a4aa944b4be84
Castlevania: Aria of Sorrow,=,Castlevania: Aria of Sorrow,=,castlevaniaakatsukinominuet,USA,2003-05-06,KCET,Konami,#players:1 #genre:action>platformer>metroidvania #addon:link>gbalinkcable #embedded:backup>flashram #save:backup #search:franchise>castlevania #lang:en,e7470df4d241f73060d14437011b90ce,abd71fe01ebb201bcc133074db1dd8c5253776c7,910f88d3701e6c9f99c0d63660c14c61d8b79b0c17bfd7b35a15185be36430a5,10556bf43f6f6aa1694c18364179478883776b7c5e4ec8aae1edf1941f16328148fec2c19282b71ab211529d324da340a9948181b0791503377fd21b2d5f100e
Castlevania: Aria of Sorrow,=,Castlevania: Aria of Sorrow,=,castlevaniaakatsukinominuet,USA,2014-10-23,KCET,Konami,#players:1 #genre:action>platformer>metroidvania #addon:link>gbalinkcable #embedded:backup>flashram #save:backup #search:franchise>castlevania #lang:en #rerelease:virtualconsole>wiiu,83319d4f9e32e0ef5a5c1fc423f174d5,b69a77970878b453e2b308fe124641f66925ae6a,07f1acaf195aefe9bfefc05f493869b455286029e3ec78f5862d1da3b202d03b,6ba081256fbc304ee325c2c0ac3d7072068d8d0a79d03ac3449eb381b6acd86cca0a9722cb05c030bc492a380a6c446d5cfeea04f26c807fe4c84c01a3881b9d
Castlevania: Aria of Sorrow,=,Castlevania: Aria of Sorrow,=,castlevaniaakatsukinominuet,USA,2021-09-24,M2,Konami,#players:1 #genre:action>platformer>metroidvania #addon:link>gbalinkcable #embedded:backup>flashram #save:backup #search:franchise>castlevania #lang:en #rerelease:castlevaniaadvance,899b136ff8391f574b52be34ddb683fc,f2869a861f1be637a1d1b57009cb42cc06b82e09,f80c131195ecd5845f83e8a51a5b63118b1ddce2ca66bff176b4e7b26c00763d,fa0115a1a6bb926d8fd7b4d6867d13139ca16b78e55f659eb7f02145ffc642078c2095ba6c3c02b36bcb91a6a17d83dbcc201cffb45ad1c60b5b59f8c0d5d0a4
Castlevania: Byakuya no Concerto,Castlevania キャッスルヴァニア 白夜の協奏曲 コンチェルト,Castlevania: Byakuya no Concerto,Castlevania キャッスルヴァニア 白夜の協奏曲 コンチェルト,castlevaniabyakuyanoconcerto,Japan,2002-06-06,KCET,Konami,#players:1 #genre:action>platformer>metroidvania #embedded:backup>battery #save:backup #search:franchise>castlevania #lang:ja,cade47def03ad1cc02a1bd97b5ea4e9f,3aeb81ee60fa3e56a56ee069b0ce0d8bc34d9c4c,e50df7b87f8523f6301d41baa02961b940887f33339c73d22c20e53623ebc30e,aae3dac8849df16e61f8f960831b9cefb12f47b7926525e1516e6b4398515e7b8f22854adac8c4be43146028f5b1f6f5af603178881964ff011e9c651a606f6d
Castlevania: Byakuya no Concerto (Konami The Best),Castlevania キャッスルヴァニア 白夜の協奏曲 コンチェルト (コナミ ザ・ベスト),Castlevania: Byakuya no Concerto,Castlevania キャッスルヴァニア 白夜の協奏曲 コンチェルト,castlevaniabyakuyanoconcerto,Japan,2002-06-06,KCET,Konami,#players:1 #genre:action>platformer>metroidvania #embedded:backup>flashram #save:backup #search:franchise>castlevania #reboxed:konamithebest #compilation:castlevaniabyakuyanoconcerto #rev:nobattery #lang:ja,cade47def03ad1cc02a1bd97b5ea4e9f,3aeb81ee60fa3e56a56ee069b0ce0d8bc34d9c4c,e50df7b87f8523f6301d41baa02961b940887f33339c73d22c20e53623ebc30e,aae3dac8849df16e61f8f960831b9cefb12f47b7926525e1516e6b4398515e7b8f22854adac8c4be43146028f5b1f6f5af603178881964ff011e9c651a606f6d
Castlevania: Byakuya no Concerto,Castlevania キャッスルヴァニア 白夜の協奏曲 コンチェルト,Castlevania: Byakuya no Concerto,Castlevania キャッスルヴァニア 白夜の協奏曲 コンチェルト,castlevaniabyakuyanoconcerto,Japan,2021-09-24,M2,Konami,#players:1 #genre:action>platformer>metroidvania #embedded:backup>battery #save:backup #search:franchise>castlevania #lang:ja #rerelease:castlevaniaadvance,5ebc0f4becb9e921af11a46653ff6d81,094ed1081bc7aa69ac2214718f54b7f99517cad8,2606be0a3fae8f8f47331cf231bd98a991e1b656a7f51df0f162b2ae8161da6f,9a8d9135aedb5a0c723cce0f91d631fe6f5ccb636d98abd489a1f1da009e478a51002f51ffc9b007c113c0df31a3260bbd4b65c597ce023c0fb5e068a507cd27
Castlevania: Circle of the Moon,=,Castlevania: Circle of the Moon,=,akumajoudraculacircleofthemoon,USA,2001-06-10,KCEK,Konami,#players:1 #genre:action>platformer>metroidvania #embedded:backup>battery #save:backup #search:franchise>castlevania:feature>dracula #lang:en,50a1089600603a94e15ecf287f8d5a1f,d661b01eb94186435723ac03344792c11c20c522,ad9fabaf4398e0f4a2a095bacddc6c0dc7e139903b41e088ca3590c44b684da0,7643d4441a9d4dfee145af712027a4a45f62b3cc92d48d23458043115b12f167b417f5b10868c7333dd7a0badf977e7eb837c739e1139455e262ec7ee441c791
Castlevania: Circle of the Moon,=,Castlevania: Circle of the Moon,=,akumajoudraculacircleofthemoon,USA,2014-10-09,KCEK,Konami,#players:1 #genre:action>platformer>metroidvania #embedded:backup>battery #save:backup #search:franchise>castlevania:feature>dracula #lang:en #rerelease:virtualconsole>wiiu,2cc38305f62b337281663bad8c901cf9,e055b4ab00e16ec39c9036ef85463c770d809c6c,5379a8ae5a0d2165669c2a0ef212bd14d90bfe243be97a0fa86347d47176f1c9,41e8403f5158e22d10d6dfe3436c2b47b23dc167aff329c2175e23524b74e54c768521984ddbd0e842cdd17d5d9289c3c251d8d2156bd49985152ac28a6b9fc9
Castlevania: Circle of the Moon,=,Castlevania: Circle of the Moon,=,akumajoudraculacircleofthemoon,USA,2021-09-24,M2,Konami,#players:1 #genre:action>platformer>metroidvania #embedded:backup>battery #save:backup #search:franchise>castlevania:feature>dracula #lang:en #rerelease:castlevaniaadvance,87a1bd6577b6702f97a60fc55772ad74,9483aa48b384ff3142c47fe81c13ca874a608eb0,2ea06ceae0d1c6c2689551f8c596041e7aa42bd3264a22622385487977f4770e,9fc413bb1c9b6159b21594faa9c3a626704926afc8eb18d9f2658e44177980548dbfac938f57ee49f5c20398e6621cf8eb3eada22fef95224243be8ac4af32a3
Castlevania: Harmony of Dissonance,=,Castlevania: Harmony of Dissonance,=,castlevaniabyakuyanoconcerto,Europe,2002-10-11,KCET,Konami,#players:1 #genre:action>platformer>metroidvania #embedded:backup>flashram #save:backup #search:franchise>castlevania #lang:en,e619f9dcd7ef3d4c6851834018b139bd,58034adf2cf788ed308286090987ca73f807a54f,e47cd67259f4cf4787aa6c1be3f1e6d82d178b307c3b5913b77069c93552f0e5,6ac6db6a51eb0bd93d33c70765a6fe461ed93e0238def3b30326338607463f1e615df3557541704d007b7a4fd087391b0473d29362dc0d5a95621eb38c1f1532
Castlevania: Harmony of Dissonance,=,Castlevania: Harmony of Dissonance,=,castlevaniabyakuyanoconcerto,Europe,2021-09-24,M2,Konami,#players:1 #genre:action>platformer>metroidvania #embedded:backup>flashram #save:backup #search:franchise>castlevania #lang:en #rerelease:castlevaniaadvance,9dc72587c935d493a4363f598faea56e,3997c7a3bd3b47165f78fe96e1d20e8037fea555,fd6bbbdb0f400888fe2acdef4b1cc9268ca271872e0409b0f50436a8ee37da28,55712343f6f5cb1a52a8804b858d6788990163a4bee131ecacc88a5cc6cf700403b42c1694ee134137f5deceb32920d630d40d32d49941d8cc1b817a505d8040
Castlevania: Harmony of Dissonance,=,Castlevania: Harmony of Dissonance,=,castlevaniabyakuyanoconcerto,USA,2002-09-16,KCET,Konami,#players:1 #genre:action>platformer>metroidvania #embedded:backup>flashram #save:backup #search:franchise>castlevania #lang:en,ea589465486d15e91ba94165c8024b55,b90da0d9be0b3a0893cd9e2c399056bcf9579e21,85e0a40de22783badbbc95d6bcad68a3a25d0916c4111956213f8281358a61db,41b89f870000c3edb1bc74c84e455ef73ba6aab7701cddfd5cdec77d26f448af3a100a7a5c59abff7bd977e29d6d49673724542b4ca4161f3f20641741e0d4c7
Castlevania: Harmony of Dissonance,=,Castlevania: Harmony of Dissonance,=,castlevaniabyakuyanoconcerto,USA,2021-09-24,M2,Konami,#players:1 #genre:action>platformer>metroidvania #embedded:backup>flashram #save:backup #search:franchise>castlevania #lang:en #rerelease:castlevaniaadvance,35db4a2bacdec253672db68e73a41005,58a562662f416846b7e3575da2844f2fda72f6c1,ff27e065385994c427a89b8b4f1529aeafd484a1a08b7fed2859bf7e8e49c4fc,aa765731131ed63f789b6825615ddcc6638130b84076ee88cb355afe48912281b27199e4ffbd45ecced7d7979c5d053e67ee90825e7182b9dab44d83792a8453
Castlevania Double Pack,=,Castlevania: Harmony of Dissonance / Castlevania: Aria of Sorrow,=,castlevaniadoublepack,Europe,2006-02-17,KCET,Konami,#players:1 #genre:action>platformer>metroidvania #addon:link>gbalinkcable #embedded:backup>flashram #save:backup #search:franchise>castlevania #compilation:castlevaniabyakuyanoconcerto:castlevaniaakatsukinominuet #lang:en:fr:de,c9f99ccdf29fe8f9b5dc52c3a84e95a3,e7aea4480f02822904eef1d7b51c18f169881075,4e4469abfe046cdb9006ba0343a75c20949044f307506ecebdbf6a30f2d30774,8b68c8a9424ee3add4be66b05dabf5aed657ec4a64dc8d28c50a6e2a87059212b4b7f6c817599250a8945e18403171895f0f806b99ade72254be2f17c23c21be
Castlevania Double Pack,=,Castlevania: Harmony of Dissonance / Castlevania: Aria of Sorrow,=,castlevaniadoublepack,USA,2006-01-11,KCET,Konami,#players:1 #genre:action>platformer>metroidvania #addon:link>gbalinkcable #embedded:backup>flashram #save:backup #search:franchise>castlevania #compilation:castlevaniabyakuyanoconcerto:castlevaniaakatsukinominuet #lang:en,90d5887eaefd16478525478410155dec,1ba25e80cfbc3d667a0f5d4cbeb295580f586edb,0471c34b0e30321ec4f6a6711a6f5bf5ac3d088320141918a0ca213d59e29af8,79a579624724359878071ca1dba50781251ea1764aea2ad1366558b2c050b7cfc93e1a1a052edcad56d79aef791c7fc02d08c9a8c513127cfb185eb8a39ac9d8
ChuChu Rocket!,=,ChuChu Rocket!,ChuChu Rocket! / チューチューロケット!,chuchurocket,Europe,2001-12-07,Sonic Team,SEGA,#players:4:vs #genre:action:puzzle #addon:link>gbalinkcable #embedded:backup>flashram #save:backup #port:sega>dreamcast #lang:en:ja:fr:de:es,6957bac168ff27f70df74629751b3f5c,34f3066bc8dbd3f046e43db01476f87e64dcc38b,f2c2a62dfabb0e226e1bff83c8caf9928ff657fbb86dcd96ea480aa77ad22948,3b13d1b6e42506926a945b1f782154c44a59cf0e74f0750dfc5eb0f36722b0c8b3935073e70951bd6be0eb112c860c32a447674efeaa76c46eca75dc57280d5e
ChuChu Rocket!,チューチューロケット!,ChuChu Rocket!,チューチューロケット! / ChuChu Rocket!,chuchurocket,Japan,2001-03-21,Sonic Team,SEGA,#players:4:vs #genre:action:puzzle #addon:link>gbalinkcable #embedded:backup>flashram #save:backup #port:sega>dreamcast #lang:ja:en:fr:de:es #lang:en:ja:fr:de:es,2f661853601455283f51e54fb85dea73,ea7099f5e4cbeee929f43db91b0331855202bb03,0d496fd83bb55fe8033ca064697827d692bc084b8596ce252acd1f096df7da13,2084409b3196eaa71ac7d176e8d5dd1f8856b9c84fe3314fb057fbd01867fca218184a76bbd9abac4dd602b992954d5c4f74c89a3dae62194b46c332c172114b
ChuChu Rocket!,チューチューロケット!,ChuChu Rocket!,チューチューロケット! / ChuChu Rocket!,chuchurocket,Japan,2015-10-21,Sonic Team,SEGA,#players:4:vs #genre:action:puzzle #addon:link>gbalinkcable #embedded:backup>flashram #save:backup #port:sega>dreamcast #lang:ja:en:fr:de:es #rerelease:virtualconsole>wiiu,53b9e7eadc7c00e6d70929e938ec4d4b,354a58812013c07442d68f0a662510500f4659af,9a33152f9644092c8c70fce9ff08349f0b6e7432d96cd3e4e8c3415a0f7a7808,0ffc5e18bbe05b699082d4ebe033c789a4b7b1ea5a7b4ee8f9e46ae067f9814ab0f50f2eeac8f1447ef541a0d32dac0cf414da98e7e93b1db73e5cedbd2e09c0
ChuChu Rocket!,=,ChuChu Rocket!,ChuChu Rocket! / チューチューロケット!,chuchurocket,USA,2001-06-10,Sonic Team,SEGA,#players:4:vs #genre:action:puzzle #addon:link>gbalinkcable #embedded:backup>flashram #save:backup #port:sega>dreamcast #lang:en:ja:fr:de:es,76bd3ac13808b1d6abea377815b10adb,f204105308b7758df84f1a31919204459ea6e54f,41a7fafd0ab67e28f822d2d8761a6155d7f53f6084a86617b46146ce6d555a8c,3d65c90ea8b69855c738392f95ed04b7af2ffb9cde5175790f192c5404e6294459ee42af74818f5709d70a3aedb13bcf5d133a737db8ad8d5c12c3bc47406b9c
Classic NES Series: Dr. Mario,=,Dr. Mario,=,drmario,USA,2004-10-25,Nintendo,Nintendo,#players:2:vs #genre:puzzle>drop #addon:link>gbalinkcable>wirelessadapter #embedded:backup>eeprom #save:backup #search:feature>mario #port:nintendo>famicom #lang:en,b63010010c4ad6877209b5cc41d368f2,fc396f0eae55cf19e573aa322f525427e03d3854,0c8e7923a5fbb99f1d8367ba96cf61cd09df4ebebe716bc2871de4bc4a934fe9,b068c4e315dc0e69ac2ec28dcbea6ddcd0e1792cd3dbd4b5b2461de2365952f9cc5a1f6ce77165281cace48b2703c69a303c3b0fa61a01c864b711784351e456
Columns Crown,=,Columns Crown,=,columnscrown,Europe,2001-12-07,WOW,SEGA,#players:2:vs #genre:puzzle>drop #addon:link>gbalinkcable #embedded:backup>eeprom #save:backup #lang:en,d96e8659db64595a5ee7234145ebdc66,9d3982d3e42bf1e2bae78c2965184629383f7247,29f71750a996c43a79d8de96336775defd5987c067c0112a7d0e4d7b6392ddba,6dc9218e7338c8a02efd17708c2a61d005201f351cc78b176fe97d2403d4da127c3f320cdd3f5e200b4f5b2ac72a76bad889a7cc3cc11b4792311d4caec2e3f5
Columns Crown,Columns Crown コラムス　クラウン,Columns Crown,=,columnscrown,Japan,2001-12-13,WOW,SEGA,#players:2:vs #genre:puzzle>drop #addon:link>gbalinkcable #embedded:backup>eeprom #save:backup #lang:ja,1f5a23d069bf42a1f3131e8c5a574efb,70a7229a57f4a296a661136e07e23668011310bf,b789d472269a104edea88dd0db3d1bb2bf8a60dbd1f851746f053bf427a33c4b,b7534e68ad93160dd1f81c76c68b55a5a9d69f5ede1aeaee39bee53ea1be25a5743258c5fcf1207c30ae1656973e0b0185535c3f90a632e79b6b27ce71b3cd99
Columns Crown,=,Columns Crown,=,columnscrown,USA,2002-02-04,WOW,THQ,#players:2:vs #genre:puzzle>drop #addon:link>gbalinkcable #embedded:backup>eeprom #save:backup #lang:en,38f369f1ca0872790995943e8cb4a877,f11c7a225524d418907e42666b33649b585fb6d4,26bff2e97f21b5150c7180b527d506df1eef31c42053a8b0a07128fe242dd884,733d4e31817162da239ae2630088457cf637a90a2768d6ef2fff62b3829f370f5102a323349c977716bc185e17a5b71aca85d5db6432039c749629be194b5d29
Combo Pack: Sonic Advance + Sonic Pinball Party,=,Sonic Advance / Sonic Pinball Party,Sonic Advance ソニック アドバンス / Sonic Pinball Party,2gamesinonesonicadvancesonicpinballparty,USA,2005-11-16,Dimps/Sonic Team/Jupiter/Wave Master,SEGA,#players:4:vs #genre:action>platformer:parlor>pinball #addon:link>gbalinkcable>gbacable #embedded:backup>flashram #save:backup #search:feature>sonic #compilation:sonicadvance:sonicpinballparty #lang:en:ja:fr:de:es:it,e0f566030c5ad91a20210476cd521d4e,92f137372ec92e23c8dd190d761461653b80ea41,ec51663053a8b8df120685ccc9f1c9fd8e9a0db9a1ec95b5fdeb46e52b51284e,90b08ee72a9591a6627995f15a2197c3e6d1281ff19030ad2eee84db19f11d8e1ed1f66c051c6a945bff140b38d2d3e37a8802f81ee1f54fa2dea74f68300a25
Deadly Skies,=,Deadly Skies,=,airforcedelta2,Europe,2002-11-01,Mobile21,Konami,#players:1 #genre:shmup #embedded:backup>eeprom #save:backup #lang:en:ja:fr:de,3db6fe46ecc0f553ee9bcf9ed3eadb10,44cf348a7f6229d0063411f7efa9411dac2eb26c,739534ccf60828ad6aa5f09fd6cf124fe13582e1975b6727ee1343787b089d3a,2ec9c95d667ed332a6ed3d28428bb0f538e2c9dfcffc8f52c694a5b8154e1471bb4b10bced6dcd3b31ca810d2ad64b0cbd8090cec61c7c46f44379da548c8d76
Die Monster AG,Disney・Pixar: Die Monster AG,Die Monster AG,Disney・Pixar: Die Monster AG,monstersincgba,Germany,2002-02-01,Natsume,THQ,#players:1 #genre:action:adventure #save:password #based:movie:disney #lang:de,bd1177f8f30bef242aba4714449092a3,24f77882d460d4ee06eac0217f9087b0cafcca96,570be0f2406c50913577b28d43f6995d983157d610e06cf22ad940c0b6fc0e13,ce7f5adb712ab4260aefcf4a6b073a9726db0a27cc5090863d381c3d79e5ced78aedf0864719b60c83ff46c55d644cd9a0cb3672d93367d9ea10d64f47435e56
Die Unglaublichen,=,Die Unglaublichen,=,theincredibles,Germany,2004-11-05,Helixe/Factor 5,THQ,#players:1 #genre:brawler #save:password #based:movie:disney #lang:de,43d5d773bd64e23615c0b84a40a3d443,6bc89e6aa6cd251d56fe86e520b08cadf20ca4f4,6e3443b2169005fa0e3141fe5a7ef5cd3f11bd2af42530b3ac8ddd0bda60e39f,0ea77684b3cfb96c9aa475c424524c959772d2ad8c99874fac5b9becd4f30ff3878b58d505ebd4a4fba5b45393ed51f6a8810791dd4d5a2a2ab9256d468345ca
Disney Princess,=,Disney Princess,=,disneyprincess,USA,2003-04-04,Art,THQ,#players:1 #genre:action>platformer:adventure #save:password #based:disney #lang:en,434af1b315a2a337313ac82c3de078ff,fbb2d5c6a209074a92459ec4918a5213bfa0197d,7ead87670840e54224dcd96c4f9a9c53df3d60e74a2dd0319928f46a2c8ab5b5,e30bece3fa2d89e0161031775208ee9830d9eec3c64ab1e70971d2764e740d5e5486468f5fdfc6acfc301d4753c3a65f041b9c6e46e8086d2bd2272cfb12fb4e
Disney Princess,=,Disney Princess,=,disneyprincess,Europe,2003-06-20,Art,THQ,#players:1 #genre:action>platformer:adventure #save:password #based:disney #lang:en,434af1b315a2a337313ac82c3de078ff,fbb2d5c6a209074a92459ec4918a5213bfa0197d,7ead87670840e54224dcd96c4f9a9c53df3d60e74a2dd0319928f46a2c8ab5b5,e30bece3fa2d89e0161031775208ee9830d9eec3c64ab1e70971d2764e740d5e5486468f5fdfc6acfc301d4753c3a65f041b9c6e46e8086d2bd2272cfb12fb4e
Disney Princesse,=,Disney Princesse,=,disneyprincess,France,2003-06-20,Art,THQ,#players:1 #genre:action>platformer:adventure #save:password #based:disney #lang:fr,bbb91114b96a3b57bf40b15edfc12187,b357f21432a55584779e84f200181d655ef3ba10,1615147e0c63dc65ba71934642ffed7cbaba172d16606743aae14d2f2ebde7cd,d82f8eaa37c93fb7b99a2a4bf8a5d924c9d72528cd0a8f266fa044be0a499bc05f3bef6d7823d36efd73ac7b4b1b4de387e6ffbb8197556afa4d9140642b4990
Disney Principesse,=,Disney Principesse,=,disneyprincess,Italy,2003-06-20,Art,THQ,#players:1 #genre:action>platformer:adventure #save:password #based:disney #lang:it,1cd1d918e2730ac739bf2bcf14373382,fd2ffbda8016543bcd90a231768791a3c3728cf7,f388ed9817c7993a7b59b3d2866a1a79ea5beb9c5a3a3993def4679a43fb5617,a04aa8fc498378050430116428c3c5e16cd9530cc1088068e839e64a8e44bb90d75578997d0c3ad8bcb0f5a0eeaf08449bcce0dced1cad35963874cc253f0424
Disney Princesas,=,Disney Princesas,=,disneyprincess,Spain,2003-06-20,Art,THQ,#players:1 #genre:action>platformer:adventure #save:password #based:disney #lang:es,282f4032daee65c2cbf421ece93e4a41,39915ba54006c1bc47a711067a198a9fbc2aed8e,a6a49c9d38b47d74e36953e1ec122ccc511a14e3d29228593b905aeadcfa0601,8782e6064c6700480523aac5a9a37519db5932be140ee696a15510dedefe560e865025445fd9df88025d55bc7a199535153cf5f49747701e068b21943f7b7051
Disney Sports: American Football,Disney Sports: American Football ディスニースポーツ:アメリカンフットボール,Disney Sports: American Football,=,disneysportsamericanfootball,Japan,2002-07-25,KCEO,Konami,#players:1 #genre:sports>football #embedded:backup>eeprom #save:backup #based:disney #search:feature>mickey>donald #lang:ja,e6985222b701bd435ddb0a30e7fc4fb9,6ff7aba52a2728d19059a2b496928649f33bd73b,6e05d9451de98ef5b256e5d86e625f629937c9d81f7f87ddb622be7727ad69ad,26e9e03a4a8e2670f1df34afb1e504e771532b37474b31562cb86b5aef72739717cc372aa29f6eeb52e7029195dc8c42a817ce04dd44ffa3001cd64a7415406d
Disney Sports: Football,=,Disney Sports: Football,=,disneysportssoccer,Europe,2003-07-11,KCEO,Konami,#players:4:coop:vs #genre:sports>soccer #addon:link>gbalinkcable #embedded:backup>eeprom #save:backup #based:disney #search:feature>mickey>donald #lang:en:fr:de:es:it,190634951b15d743ab39fb56d105c15b,5d0698e4f0735b730ea78975dd5b2049931b622a,591594fbe03561d4f142edf06800d2cbea10f84f8cfb5cecc887095ead945a4a,f5943d5a56736f8f4342026068bbf53c741eb5e9b168e8807e98c0c875c4bc6439a74c24987f23a66d9ebf558001e5470247385880319c2ffcfb21a35a141117
Disney Sports: Football,=,Disney Sports: Football,=,disneysportsamericanfootball,USA,2002-11-25,KCEO,Konami,#players:1 #genre:sports>football #embedded:backup>eeprom #save:backup #based:disney #search:feature>mickey>donald #lang:en,86f872eafa573d4535e5f536ab7f5d2b,c806b83f73defce9fcf269b9023fc1cc6dbf356c,c490b8693a1e0a9083346f338da531580ceff4042a25a312521f179999b1a92a,8192edeb29e5aeb511a7941aefd41bd58e6afefb9c7bfdfeb4382c6aa55b9305f30deb05828c65cbdb193da723d2e49ba1b889aad72e16ec871a0b83559998a3
Disney Sports: Skateboarding,=,Disney Sports: Skateboarding,=,disneysportsskateboarding,Europe,2003-03-07,KCEO,Konami,#players:1 #genre:sports>skateboarding #embedded:backup>eeprom #save:backup #based:disney #search:feature>mickey>donald #lang:en:fr:de:es:it,dee39c7bcc84c236108ad7f36cf6dcc0,0d3ceb741d658275b775edf7db562a9fb5aae98a,324529f440474f0946d17fa50ded56bf3b0dd7df1d99e0c5e88129007e23b2fd,6c1103cc8540a2652ac79ca6cf1720b6ea23cedff4345b4cebcb9a73b6bf0d56bf5d69343fa42ebc6a53245dc3dc188abef0a2711755a7fc1ec24d36c8e18e21
Disney Sports: Skateboarding,Disney Sports: Skateboarding ディスニースポーツ:スケートボーディング,Disney Sports: Skateboarding,=,disneysportsskateboarding,Japan,2002-07-25,KCEO,Konami,#players:1 #genre:sports>skateboarding #embedded:backup>eeprom #save:backup #based:disney #search:feature>mickey>donald #lang:ja,1739ff2b55b034c58aa1618a2e49d4e8,3ec93faf0f1e9b9b848e6c3b2caca486e0dafcdf,f9aa6ca453f66f3c2417861d1b8fe4bd2f1d6c9fe54e5169a867b014cf021a6c,2bc714b87102f87252de9a55270144d31a1b1efaa4879dc0e4d8a6a9c8b0e72f1eea722cc75c4b9db9bd88d6b9a4e1f67932e44086e5c2cdc637e3dfbeef0815
Disney Sports: Skateboarding,=,Disney Sports: Skateboarding,=,disneysportsskateboarding,USA,2002-11-15,KCEO,Konami,#players:1 #genre:sports>skateboarding #embedded:backup>eeprom #save:backup #based:disney #search:feature>mickey>donald #lang:en,2694632a5422d0c1553e298458798797,d8148c320229afe460ae1277fb99ef6ca9f62ea0,ad64cff510dd8592df5391b104eec715b6a2a691b1407369c2f6bbac21e8e54f,556d259169754df620f2d3022b5a9dc17f40f277e290e04f8dbca8c17a2df8c7c889108cb1b707a1c625ccc4e505efb13c37bebf7fafee16337327213ac7d249
Disney Sports: Soccer,Disney Sports: Soccer ディスニースポーツ:サッカー,Disney Sports: Soccer,=,disneysportssoccer,Japan,2002-07-18,KCEO,Konami,#players:4:coop:vs #genre:sports>soccer #addon:link>gbalinkcable #embedded:backup>eeprom #save:backup #based:disney #search:feature>mickey>donald #lang:ja,f71bb7305c4aa4ff83d83d949add1126,c673503b5d0fccf72bac845888280d7202d0e84c,7df5a7e1a7aaae556a570324fb4063342ccfdf0a34ee52029d7e8ec848619393,db9c48798bef9f8f0fe6bc56a17533177005dfb1d11e1d4614d1d8d3afae548b5717dc5a9d959580bc6be99d6618b293be35952de4087d686d0165ec2f649fee
Disney Sports: Soccer,=,Disney Sports: Soccer,=,disneysportssoccer,USA,2002-11-11,KCEO,Konami,#players:4:coop:vs #genre:sports>soccer #addon:link>gbalinkcable #embedded:backup>eeprom #save:backup #based:disney #search:feature>mickey>donald #lang:en,496e1d4c049692f0ace43ec3eefc708e,637e62e9173daa1e8a022c60a995070079c6fe32,cb7ee4c90be3dd79d09721d3ef08459e14d6be33ab4d196a67119d8b62fa6fb1,decc1946186545f8d8f677405a80c89d2a826d5803aefaad37088889309249c1d48f7f6e874271f517f42575e769275b4a98213b697a2d55d38a55a9a3be37a8
DK: King of Swing,=,DK: King of Swing,=,buraburadonkey,Europe,2005-02-04,Paon,Nintendo,#players:4:vs #genre:action #addon:link>gbalinkcable #embedded:backup>flashram #save:backup #lang:en:fr:de:es:it,1d8b145985bb38f9de77405c9f1fa60b,80717dcdb1844f826da116c9278dfd1386c92fc1,e19a05e73a548d7c17c8e3b8258069bb0109892962289895fa35e55a0c5e57c3,245f73e0199b6cd6a53f10fcbcdc61f2bc563f3b60833b613a35ff1f6505e36d05474a862093c359d91d73110b5006f16ece17027c79ff580c12507cb7fb2e11
DK: King of Swing,=,DK: King of Swing,=,buraburadonkey,USA,2005-09-19,Paon,Nintendo,#players:4:vs #genre:action #addon:link>gbalinkcable #embedded:backup>flashram #save:backup #lang:en,054223e916f9a4f543812ae795145cb5,8f8b10b09d5169b097840df36cca5c67c216beda,f24ee049e02652e4a6590a1566904a1ab8a5db880a4ea0ab5e2cda01c4874f5d,65139a0cf37628718981a501d29cf42e388aac3b4c47f5661fc16f24c53eff1f2851e07afb49a3a34bdb0245c8ce07a24836e3d5ad7c5cd46926546559adb21e
DK: King of Swing,=,DK: King of Swing,=,buraburadonkey,USA,2005,Paon,Nintendo,#players:4:vs #genre:action #addon:link>gbalinkcable #embedded:backup>flashram #save:backup #lang:en #unfinished:demo>kiosk,90d814291cc18d1e9e07378c42d67c2d,d704ea9311c6ac9773bb70181de86ba0843583fd,854624b82cd964a123f0025f6b5d16fd1331ffe3fbc85b3b2c5c6c99afeb32d4,cae20f25be745198d2d130462c1ef48731cecf16a9a9c03cd0f7714b4ce807e5983d1340ebb2ef4a2e9cdeaa658a8a2df643279527219772c7e230493d82be83
Double Game! Cartoon Network Block Party & Cartoon Network Speedway,=,Cartoon Network Block Party / Cartoon Network Speedway,=,2gamesin1cartoonnetworkblockpartyspeedway,Europe,2006-03-31,Monkeystone/One Man Band/Digital Creations,Majesco,#players:4:vs #genre:racing>combat:board>party:minigames:sim>fishing:rhythm>dance:shooting>gallery:racing:sports>skateboarding #addon:link>gbalinkcable #save:password #based #compilation:cartoonnetworkblockparty:cartoonnetworkspeedway #lang:en,0a2726e1c0ecb255b88ca3085afc7891,4e93b1d6eb04d38d2c638a3a0e03784e3973108d,89002ecd296b7f0fdd7b9e5cc3d3138079e6f2bbef24a4520ac958f91b9bb34b,12210f93ab1749f44a6a8d93f25616d93c53992d77cba0a31bf6dbcc57ff6e2a5f6b821b582309d00216d193d2d2225c54454aca57658f108b8a71d92e2d8ac3
Double Game! Golden Nugget Casino & Texas Hold 'em Poker,=,Golden Nugget Casino / Texas Hold 'em Poker,=,2gamesin1goldennuggetcasinotexasholdempoker,Europe,2005-04-30,Pipe Dream/Skyworks,Majesco,#players:1 #genre:board>cards:parlor>jackpot #save:password #search:keyword>official #compilation:goldennuggetcasino:texasholdempoker #lang:en,904299e3d5ec737c17efdac25126016d,e1c4dd83eddc542d568b1582f3d1fba55bfe7385,d92f4430c73a0a59d7c1a6f2b443f807e032535c2d552ca8dba64f9b4ce29f73,ee7b8815131f1d3f141a25b131fa81efdedcb15b95f927dfc9405a3b74acb3bfd57054b922d8bbb43dd8081c2c1e52daaa3ab1a73fd67da4458a7cbd45d16ef2
Double Game! Monster Trucks & Quad Desert Fury,=,Quad Desert Fury / Monster Trucks,=,2gamesin1monstertrucksquaddesertfury,Europe,2006-01-20,Skyworks,Majesco,#players:1 #genre:racing #compilation:monstertrucks:quaddesertfury #lang:en,a822bdf8301f00b392627f7e3476510c,489524c8a7647931dc0118b8f25faabbc8baa02e,3b587b074aaa8b6c2c6f629d6734979168222ec7d3074cd2c6fe1a24db6d0fca,5883c945defee20f33865c5e0e1418a26cfd30d940108565a02f22aaa73ffc083433781a354c4a58c3a540bfe9817041f2903766248062d0e306ae3c4586331a
Double Pack: Sonic Advance & ChuChu Rocket!,ダブルパック　W ソニックアドバンス & チューチューロケット!,Sonic Advance / ChuChu Rocket!,ソニックアドバンス Sonic Advance / チューチューロケット!,2gamesin1sonicadvancechuchurocket,Japan,2006-01-26,Sonic Team/Dimps/Wave Master,SEGA,#players:4:vs #genre:action>platformer:puzzle #embedded:backup>flashram #save:backup #search:feature>sonic #port:sega>dreamcast #compilation:sonicadvance:chuchurocket #lang:ja:en:fr:de:es,a85ba35d880113d4f92163e899948c04,79831f3124a2781e02b18f343b546d75a73554a7,a55c88b27f17b43e3b2ffbd905ff90f4288c0ff02a9ef4c800d5f4eee569c691,599df300e31c78e91078b1374c53ca588e9b5e2bfb64467e362430b881b60ae8281bc3b2823f4d6777fa056c41c1a7fa0d6173ec74c665644250864ddc005748
Double Pack: Sonic Battle & Sonic Advance,ダブルパック W ソニックバトル & ソニックアドバンス,Sonic Advance / Sonic Battle,ソニック アドバンス Sonic Advance / ソニック バトル,2gamesin1sonicadvancesonicbattle,Europe,2005-11-16,Sonic Team/Dimps/Wave Master,SEGA,#players:4:vs #genre:action>platformer:fighting>melee:minigames #addon:link>gbalinkcable>gbacable #embedded:backup>flashram #save:backup #search:feature>sonic #compilation:sonicadvance:sonicbattle #lang:ja:en:fr:de:es,451c80dd3dc1f1455829219e3c550be0,30c8dacde7d657082759df4f0235bcb3b44ac663,f2041b519f4eb3c634a3b21af74fb381d5ab2833fc27bcea9e490f22fa57dbb5,100f2e5b1f630103707f0cb7f5fc185188bab3dfefce858d8f0ef310ba450e7cee8bf9c185034976233541ad44ec65051ed969abf2bdc151c8e3fab38a1b5031
Double Pack: Sonic Pinball Party & Sonic Battle,ダブルパック W ソニックピンボールパーティー & ソニックバトル,Sonic Pinball Party / Sonic Battle,ソニック ピンボール パーティー / ソニック バトル,2gamesin1sonicpinballpartysonicbattle,Japan,2006-01-26,Sonic Team/Jupiter/Wave Master,SEGA,#players:4:vs #genre:parlor>pinball:fighting>melee #addon:link>gbalinkcable>gbacable #embedded:backup>flashram #save:backup #search:feature>sonic #compilation:sonicpinballparty:sonicbattle #lang:ja:en:fr:de:es:it,6b00a4d7d88bb4b78fc014cc50bce319,8b21125b992e25e63343df76068099fcd108ef12,92a64ae56a0bd0f82ce35a1dcd7bf734d07cee961ed17011aa2e0e8d7510a2ba,1cbaf98a25115f16f8f62c128167e3dbf180ee9a9b652ee0b47e2acfd9cb742a72d6bbac08a2bc6460af2649d8741cd2bd7f3c4800910a5a20b5d7c25264c756
Dr. Mario & Panel de Pon,Dr. Mario & パネルでポン ドクターマリオ&パネルでポン,Dr. Mario & Panel de Pon,Dr. Mario & パネルでポン,drmarioandpaneldepon,Japan,2005-09-13,TOSE/Intelligent Systems,Nintendo,#players:2:vs #genre:puzzle>drop #addon:link>gbalinkcable #embedded:backup>eeprom #save:backup #search:feature>mario #compilation:drmario:paneldepon #port:nintendo>famicom>superfamicom #lang:ja,2705c33d0c7cf9b0aff99c1b64d4465d,fc4371a6e16116182c70eee6e8a1b53df0fc693c,e19037166ae8e1e8c9cf3033ae67e3a4823640e4df161fff5e16fefad5d82e5d,27a81cec1bc836297fbeb8df311e28816048d02518bfd6f2fe08e94bd3f6b5175cef1879d9631a16ad01c607367c4b56b87ac8d8907ac6735e0fe1a22e465369
Dragon Ball GT: Transformation,=,Dragon Ball GT: Transformation,=,dragonballgttransformation,USA,2005-08-09,Webfoot,Atari,#players:2:coop #genre:brawler #addon:link>gbalinkcable #embedded:backup>eeprom #save:backup #based:manganime #lang:en,b60abac7fdbf012de5a3c9403ece89e8,8dd4b6e95dca4554a919bff55128481a9a95b611,66e27d7389368801f29b2dc59eb96800bb868e4fa0509cb73dd9c8aa0ded865c,ff2f8d1e1471de3adb6bcd18a00572429ae0dc833b04c39f47d94fafe009ac6ca2974f5533258bab10fb52419499581aa11116f24aaad1b4e890afd46136a7b1
Dragon Ball GT: Transformation,=,Dragon Ball GT: Transformation,=,dragonballgttransformation,USA,2005-04-27,Webfoot,Atari,#players:2:coop #genre:brawler #addon:link>gbalinkcable #embedded:backup>eeprom #save:backup #based:manganime #lang:en #unfinished:beta,c3e17a3c48d7396c08d7ec7738bfd126,58875496c9ab89ba3b769dc47d89ac2839b7cb7f,269f9f4a8d8df4b617cecdeab9db2629545e2703b6aca2cf9854019c59e01d63,8c1d1ab9fbfc5db7c6d2eb3b7ef788ead47fe04df0ce8f25055ad945879f3aa61062e91ffc1c57939d4ff4be9e141ba22e6464cb92b8c2eda6c113914319e39b
Dragon Ball Z: Buu's Fury,=,Dragon Ball Z: Buu's Fury,=,dragonballzbuusfury,USA,2004-09-14,Webfoot,Atari,#players:2:vs #genre:rpg>a #addon:link>gbalinkcable>wirelessadapter #embedded:backup>eeprom #save:backup #based:manganime #lang:en,3a74fce97f1ea2b28c2a50ec3df0acee,f1c4b07554d2a3b1ad2f325307051e775ce68087,940ad5f01db4465b8877dfe739510cbf34f4ea3d390f3df13519808bc36f059e,320b881132c606f95f91fda96a162d1106c85c62eb28649d3b08d05d89359f5cc9f23e716892f1f79a10339c4fe6e7706553a8eba9b59887aa139d7de0a698b7
Dragon Ball Z: The Legacy of Goku,Dragon Ball Z: The Legacy of Goku 悟空,Dragon Ball Z: The Legacy of Goku,Dragon Ball Z: The Legacy of Goku 悟空 / Dragon Ball Z: L'Héritage de Goku 悟空 / Dragon Ball Z: Das Erbe von Goku 悟空 / Dragon Ball Z: Il Destino di Goku 悟空 / Dragon Ball Z: El Legado de Goku 悟空,dragonballzthelegacyofgoku,Europe,2002-10-04,Webfoot,Infogrames,#players:1 #genre:rpg>a #embedded:backup>eeprom #save:backup #based:manganime #lang:en:fr:de:it:es,8246b72cb4b6872724836776c123cb55,c2691355247b03083578071d4d4a017f5599be20,269fe6686faa216567c7f1ce4c173a515d9b67450473daaa0d59fce26d8597e7,dd54d532357a711b2d93d93d5f77e9c515cc30413350e15800d92a85cc0c8b46122b74cd45cf153a911126cf534505ebac5ff8a0e4eccec9b6ab4447fac7f5e2
Dragon Ball Z: Das Erbe von Goku,Dragon Ball Z: Das Erbe von Goku 悟空,Dragon Ball Z: Das Erbe von Goku,Dragon Ball Z: The Legacy of Goku 悟空 / Dragon Ball Z: L'Héritage de Goku 悟空 / Dragon Ball Z: Das Erbe von Goku 悟空 / Dragon Ball Z: Il Destino di Goku 悟空 / Dragon Ball Z: El Legado de Goku 悟空,dragonballzthelegacyofgoku,Germany,2002-10-04,Webfoot,Infogrames,#players:1 #genre:rpg>a #embedded:backup>eeprom #save:backup #based:manganime #reboxed #lang:en:fr:de:it:es,8246b72cb4b6872724836776c123cb55,c2691355247b03083578071d4d4a017f5599be20,269fe6686faa216567c7f1ce4c173a515d9b67450473daaa0d59fce26d8597e7,dd54d532357a711b2d93d93d5f77e9c515cc30413350e15800d92a85cc0c8b46122b74cd45cf153a911126cf534505ebac5ff8a0e4eccec9b6ab4447fac7f5e2
Dragon Ball Z: El Legado de Goku,Dragon Ball Z: El Legado de Goku 悟空,Dragon Ball Z: El Legado de Goku,Dragon Ball Z: The Legacy of Goku 悟空 / Dragon Ball Z: L'Héritage de Goku 悟空 / Dragon Ball Z: Das Erbe von Goku 悟空 / Dragon Ball Z: Il Destino di Goku 悟空 / Dragon Ball Z: El Legado de Goku 悟空,dragonballzthelegacyofgoku,Spain,2002-10-04,Webfoot,Infogrames,#players:1 #genre:rpg>a #embedded:backup>eeprom #save:backup #based:manganime #reboxed #lang:en:fr:de:it:es,8246b72cb4b6872724836776c123cb55,c2691355247b03083578071d4d4a017f5599be20,269fe6686faa216567c7f1ce4c173a515d9b67450473daaa0d59fce26d8597e7,dd54d532357a711b2d93d93d5f77e9c515cc30413350e15800d92a85cc0c8b46122b74cd45cf153a911126cf534505ebac5ff8a0e4eccec9b6ab4447fac7f5e2
Dragon Ball Z: Il Destino di Goku,Dragon Ball Z: Il Destino di Goku 悟空,Dragon Ball Z: Il Destino di Goku,Dragon Ball Z: The Legacy of Goku 悟空 / Dragon Ball Z: L'Héritage de Goku 悟空 / Dragon Ball Z: Das Erbe von Goku 悟空 / Dragon Ball Z: Il Destino di Goku 悟空 / Dragon Ball Z: El Legado de Goku 悟空,dragonballzthelegacyofgoku,Italy,2002-10-04,Webfoot,Infogrames,#players:1 #genre:rpg>a #embedded:backup>eeprom #save:backup #based:manganime #reboxed #lang:en:fr:de:it:es,8246b72cb4b6872724836776c123cb55,c2691355247b03083578071d4d4a017f5599be20,269fe6686faa216567c7f1ce4c173a515d9b67450473daaa0d59fce26d8597e7,dd54d532357a711b2d93d93d5f77e9c515cc30413350e15800d92a85cc0c8b46122b74cd45cf153a911126cf534505ebac5ff8a0e4eccec9b6ab4447fac7f5e2
Dragon Ball Z: L'Héritage de Goku,Dragon Ball Z: L'Héritage de Goku 悟空,Dragon Ball Z: L'Héritage de Goku Goku,Dragon Ball Z: The Legacy of Goku 悟空 / Dragon Ball Z: L'Héritage de Goku 悟空 / Dragon Ball Z: Das Erbe von Goku 悟空 / Dragon Ball Z: Il Destino di Goku 悟空 / Dragon Ball Z: El Legado de Goku 悟空,dragonballzthelegacyofgoku,France,2002-10-04,Webfoot,Infogrames,#players:1 #genre:rpg>a #embedded:backup>eeprom #save:backup #based:manganime #reboxed #lang:en:fr:de:it:es,8246b72cb4b6872724836776c123cb55,c2691355247b03083578071d4d4a017f5599be20,269fe6686faa216567c7f1ce4c173a515d9b67450473daaa0d59fce26d8597e7,dd54d532357a711b2d93d93d5f77e9c515cc30413350e15800d92a85cc0c8b46122b74cd45cf153a911126cf534505ebac5ff8a0e4eccec9b6ab4447fac7f5e2
Dragon Ball Z: The Legacy of Goku,Dragon Ball Z: The Legacy of Goku 悟空,Dragon Ball Z: The Legacy of Goku,Dragon Ball Z: The Legacy of Goku 悟空,dragonballzthelegacyofgoku,USA,2002-05-14,Webfoot,Infogrames,#players:1 #genre:rpg>a #embedded:backup>eeprom #save:backup #based:manganime #lang:en,3100fc5a4427a7b0cc20b861134e60f2,a3c8c76742f11fc6a3f6e3fcca20992458cac0b5,3ba9919e26704b0f5fdc2bfabc7f7a0404c71413761d38abcd94224c3bd4b1b9,4aa0a1acdf1d81c927b4bed3869382f209eaa89ccaf926a51c4f26c47c87c7b13940e70e5cffb7172ac4964b828e81a358c9a5f1f4ebeee3666db138a9aff68c
Dragon Ball Z: The Legacy of Goku II,=,Dragon Ball Z: The Legacy of Goku II,=,dragonballzthelegacyofgoku2,Europe,2003-08-01,Webfoot,Infogrames,#players:1 #genre:rpg>a #embedded:backup>eeprom #save:backup #based:manganime #lang:en:fr:de:it:es,d6a12374a2414be686480a4936a2ff48,db36ff52fcd63f753f9d66439aa3d2216701c326,a51382a23fbfba425074fc75821ac653b56134648c31ef80a26181e256a54925,8d59695797df397325f672baf0870e8bd391336c4eb024f72eba61f0332b6e08bebb32b41ac10864c3be580c9f823aee40b290a992400106efdc94af44e97425
Dragon Ball Z: The Legacy of Goku II,=,Dragon Ball Z: The Legacy of Goku II,=,dragonballzthelegacyofgoku2,USA,2003-06-17,Webfoot,Atari,#players:1 #genre:rpg>a #embedded:backup>eeprom #save:backup #based:manganime #lang:en,4e1565aa1f0627c2bf5e51019440cb70,18e0715dec419f3501c301511530d2edcd590f8b,6e6c370c339ec9171cb1956adf837a0d342a197f78964882ef46c3086656ff75,65e806ac992327bf3d2f9f47bc5662099556584c3ed8fb89fb617358ea01b4e1be40d9eeaf97aa30e21479643281074c338c3e1c1078cb759841b8a6123859ea
Dragon Ball Z: The Legacy of Goku II,=,Dragon Ball Z: The Legacy of Goku II,=,dragonballzthelegacyofgoku2,USA,2003-01-23,Webfoot,Atari,#players:1 #genre:rpg>a #embedded:backup>eeprom #save:backup #based:manganime #lang:en #unfinished:beta,7c3dda9b4e34c5551e6413458792b9b3,16f4c593a0ab0e243fbeca7cc1033ac88501e387,abe3610e43048f9720d921d772ea8ede0772ae11d6f8c282ff0de75c6a7f23e5,a84aae4e8e087d37535403ef4d60486a81bf5b903b5510948124309a14311bd2fb2429f4d1dd422a1738c8948eaeea30f2abfb5b46d954ab01e6651ab4753c73
Dragon Ball Z: The Legacy of Goku II,=,Dragon Ball Z: The Legacy of Goku II,=,dragonballzthelegacyofgoku2,USA,2003-01-31,Webfoot,Atari,#players:1 #genre:rpg>a #embedded:backup>eeprom #save:backup #based:manganime #lang:en #unfinished:beta,4891433baa0335ddfb0753d453ee65ab,fc76f3477f19af7415a42a6f38bd5bda43c640d2,dbd4522cba466f54c2f55a10162fead491599d3ae85e88f2b35f6fca00146642,b9bff4785be59ebeee713305b68c571fbea620a2a394763094e8a12a6356194a99a098dd27789824bafbb2b0c3a4bd2daa95252480f824f0c122ad06a18913d8
Dragon Ball Z: The Legacy of Goku II International,=,Dragon Ball Z: The Legacy of Goku II International,=,dragonballzthelegacyofgoku2,Japan,2004-07-23,Webfoot,Banpresto,#players:1 #genre:rpg>a #embedded:backup>eeprom #save:backup #based:manganime #lang:ja,eaec6e4f1192ad24c484b05056e3aa76,4e18f54b8bace6ed32b6315b159e903f61d69339,b82ca939b0d574897d54feb840c87d161e097bfbdc69342af9d7af6734925165,3123b8f4f02c79d1efdea6abf6e5ee70df024728ec223d8e59f05126601ce6d4a8f95b8b3f2e698813080411c56bf239f0a43ea8aa0c6dc78e7b9c0ede0e995d
Dragon Ball Z: The Legacy of Goku I & II: 2 Games in 1!,=,Dragon Ball Z: The Legacy of Goku / Dragon Ball Z: The Legacy of Goku II,Dragon Ball Z: The Legacy of Goku 悟空 / Dragon Ball Z: The Legacy of Goku II,2gamesin1dragonballthelegacyofgoku1and2,USA,2005-12-08,Webfoot,Atari,#players:1 #genre:rpg>a #embedded:backup>eeprom #save:backup #based:manganime #compilation:dragonballzthelegacyofgoku:dragonballzthelegacyofgoku2 #lang:en,be0ec0dc899635edd6ad0c74574aa826,f02d179accbeb9b68bcaef8720eb0ae426dde6ee,7d1d76efc87df45d9a8f9eca57769d252bef21a79025555e4882a9c7025a51ca,c0aaa03506e0d5d3cfd7ed62ed1eeeed049ef3fe7ebbbcd468b64c474cc9894c4aaa47cfeafaa30dc4943d951023714efe256bf45cf1215cfcad6546f5f79375
Ecks vs. Sever II: Ballistic,=,Ecks vs Sever II: Ballistic,=,ballisticecksversussever,Europe,2002-11-08,Crawfish,BAM,#players:2:vs #genre:shooting>fps #addon:link>gbalinkcable #save:password #based:movie #lang:en:fr:de:es:it,0687fdac8b7fbc2d5147ec9f5f4d2525,f294d72470c4001c6ed66baeaa8745edfb011762,6809f46184a11f8d65fb09688b152e880351efe6d3415cb383603784455b1ba1,7ca245de37291100096aac4e9842a6135a16376ea56cad6aa9083a5a089d6f73f0758761e5ff8cd0c04c8884ef4490ded02a5dd154454153c0ad1b369a7f7fee
e Reader,=,e Reader,=,cardereaderplus,USA,2002-09-16,Nintendo/Olympus,Nintendo/Creatures/HAL Laboratory,#players:1 #genre:notagame>application #addon:reader>cardereaderplus:link>gbalinkcable>gbacable #embedded:backup>flashram #save:backup #lang:en,7b17e51d5a61780f9823203c6254ed8f,4b7005e81ee9ffee333b3f6095c3611800b56588,72bf37f887e896add1342bf95a7cfe3494a689199f878e5e1aa3072639b1b948,29bd52264e433a34a339a7a30066566305fbd9c8230c0a18e869f59bbf7c571a930aef75fa62f8a58c201f4b2ffbaf5c750471a1a678709a2a4ad7248501c4ea
Famicom Mini 15: Dr. Mario,Famicom Mini ファミコン ミニ 15: Dr. Mario ドクターマリオ,Dr. Mario,=,drmario,Japan,2004-05-21,Nintendo,Nintendo,#players:2:vs #genre:puzzle>drop #addon:link>gbalinkcable>wirelessadapter #embedded:backup>eeprom #save:backup #search:feature>mario #port:nintendo>famicom #lang:en,2b32199a5cee65f93714a686376e50ca,4fb22ff059833d5206421277409ece0cdd5d5b46,5b68373e5b7f6ea74e1f2add794bd722e32fb80b274bc6eaa38e7c9d8fc2254f,7339ea07e797cc4ded08b7c030cca857c2376184f2bcdd7f12c8057325fee89400fdeda75db685fb8f4a801077e64fd44390a6ddb80f644638f214825109e133
Finding Nemo,Disney・Pixar: Finding Nemo,Finding Nemo,Disney・Pixar: Finding Nemo,findingnemo,USA,2003-05-10,Vicarious Visions,THQ,#players:1 #genre:action>platformer #save:password #based:movie:disney #lang:en,c824e72aa57e94eea86343e107b0dca2,a0c98d05b0854bb724f1ea5df89f19f77e6beb79,96781106c023ec6f3e8c385293c848e4d871e7c19bd0ecbe1c107c6d62f4cf82,a85752f0eb310bedf738be372937c2bff085c6bedae1c1df0dab74fd4b5d6c5cd382e3d344fe12959bc40d4fea5c003f9e6e61a3634d29112877fa7a5683b479
Finding Nemo,Disney・Pixar: Finding Nemo,Finding Nemo,Disney・Pixar: Finding Nemo,findingnemo,Europe,2003-09-26,Vicarious Visions,THQ,#players:1 #genre:action>platformer #save:password #based:movie:disney #lang:en,c824e72aa57e94eea86343e107b0dca2,a0c98d05b0854bb724f1ea5df89f19f77e6beb79,96781106c023ec6f3e8c385293c848e4d871e7c19bd0ecbe1c107c6d62f4cf82,a85752f0eb310bedf738be372937c2bff085c6bedae1c1df0dab74fd4b5d6c5cd382e3d344fe12959bc40d4fea5c003f9e6e61a3634d29112877fa7a5683b479
Finding Nemo,Pixar ファインディング　ニモ Finding Nemo,Finding Nemo,Disney・Pixar ファインディング　ニモ Finding Nemo,findingnemo,Japan,2003-12-06,Vicarious Visions,Yuke's,#players:1 #genre:action>platformer #save:password #based:movie:disney  #lang:ja,c5ec72000373809a4d43bfee2911745f,cab85c042c168e46ec42547a87af1b036e45c2a4,70b4c544bbf358230c43db51dbf9f83fd4f5ae6b75f9b6d2ad613d2cab157f37,85a5b65404e32d7fb8798b52cd60c132a5f9b0df49f86960d5aaeae6b33e594c9a158684739f970b7cf91b597d2814e1ab24cbe9ddc67ddf3cf41156e2a7a851
Finding Nemo,Disney・Pixar: Finding Nemo,Finding Nemo,Disney・Pixar: Le Monde de Nemo / Finding Nemo,findingnemo,Netherlands,2003-09-26,Vicarious Visions,THQ,#players:1 #genre:action>platformer #save:password #based:movie:disney #reboxed #lang:fr:nl,4c863f423cd8052bb3d780da001745b0,587f8cc627329ee76a129d7d6e7c56f20f6cd832,37417d14cde26d63127fae382d8384460bef907667d36a4b6ad5899bec3c7f49,11a5a9f7c15000705eeaae51cfaaf1add4c5729b67cfe8deaebf0b379be0ca1b917f1cd4a93135d2aecd46143b54d9443f8340ecad67e2d00a10722f61777e1a
Alla Ricerca di Nemo,Disney・Pixar: Alla Ricerca di Nemo,Alla Ricerca di Nemo,Disney・Pixar: Buscando a Nemo / Alla Ricerca di Nemo,findingnemo,Italy,2003-09-26,Vicarious Visions,THQ,#players:1 #genre:action>platformer #save:password #based:movie:disney #reboxed #lang:es:it,b7a094f8568555602158dcee3750179f,64b3d390ca1d2df4f12b857a64e9c68860c1682e,2a7323289e2a156c755db772bdcfcc48b94483bb920072b61febb6211001128f,1a1cdfb7e2739165b497509e265183130cad869d58ac40e8c7417c64a7ac8ebf3f2abcbad21f4f047064e2448f63114a8d29cbc0f64d04e5ebee1487a829b6ad
Buscando a Nemo,Disney・Pixar: Buscando a Nemo,Buscando a Nemo,Disney・Pixar: Buscando a Nemo / Alla Ricerca di Nemo,findingnemo,Spain,2003-09-26,Vicarious Visions,THQ,#players:1 #genre:action>platformer #save:password #based:movie:disney #lang:es:it,b7a094f8568555602158dcee3750179f,64b3d390ca1d2df4f12b857a64e9c68860c1682e,2a7323289e2a156c755db772bdcfcc48b94483bb920072b61febb6211001128f,1a1cdfb7e2739165b497509e265183130cad869d58ac40e8c7417c64a7ac8ebf3f2abcbad21f4f047064e2448f63114a8d29cbc0f64d04e5ebee1487a829b6ad
Findet Nemo,Disney・Pixar: Findet Nemo,Findet Nemo,Disney・Pixar: Findet Nemo,findingnemo,Germany,2003-09-26,Vicarious Visions,THQ,#players:1 #genre:action>platformer #save:password #based:movie:disney #lang:de,c7262e8c52597d29c8858c1ea1eb0161,5c5ee51c4bc8196bea226b3bf4750c8de1ee7f38,4116788abf6c80944d921d83f13db64e2c24198dbbbd0ef7cc13d7e7b75c90b6,4cbeb5008b884fb615415cec8d2177ebfbf0c629a5e5c0db1f5638847d2bc8a2507647f6d693e54c87e24df8ec1f088067be9fd47f5883940066f1123125caca
Findet Nemo,Disney・Pixar: Findet Nemo,Findet Nemo,Disney・Pixar: Findet Nemo,findingnemo,Germany,2003,Vicarious Visions,THQ,#players:1 #genre:action>platformer #save:password #based:movie:disney #lang:de #unfinished:beta,03e4df3b3506eee9173dffd6e5db4fce,8c9e1517bcf4c7b9c099d4fef8ef4bdeba2c7857,6102679b71811951b63cf55b0b2cfc6aa837b54ab6bce16bcf7dfa60d0eaffad,db42c1b84eebeda4ad5aa18a74634650b1f81eb1fc9a37d60c5bc5602167eb3be8e284848835ac5ed35d83f0cece6299c7ddacbe66801e26135eda9e449cd5d0
Le Monde de Nemo,Disney・Pixar: Le Monde de Nemo,Le Monde de Nemo,Disney・Pixar: Le Monde de Nemo / Finding Nemo,findingnemo,France,2003-09-26,Vicarious Visions,THQ,#players:1 #genre:action>platformer #save:password #based:movie:disney #lang:fr:nl,4c863f423cd8052bb3d780da001745b0,587f8cc627329ee76a129d7d6e7c56f20f6cd832,37417d14cde26d63127fae382d8384460bef907667d36a4b6ad5899bec3c7f49,11a5a9f7c15000705eeaae51cfaaf1add4c5729b67cfe8deaebf0b379be0ca1b917f1cd4a93135d2aecd46143b54d9443f8340ecad67e2d00a10722f61777e1a
Finding Nemo: Aratanaru Bōken,Disney・Pixar ファインディング　ニモ Finding Nemo 新たなる冒険,Finding Nemo: Aratanaru Bōken,Disney・Pixar ファインディング　ニモ Finding Nemo 新たなる冒険,findingnemothecontinuingadventures,Japan,2004-11-19,Altron,Yuke's,#players:2:vs #genre:action:minigames:shmup>h:puzzle:rhythm #addon:link>gbalinkcable #save:password #based:movie:disney #lang:ja,4e17057f495446ea4ae146405a957309,5f767c59461214e8c16caf8427e34e462b831747,f3b9eb8a2bb97a6c0a92c3ae20d24129ba1f0282b922fbd4dce3293471f2b8e9,fb0afb472b89f0e32c46ec4ad52886a299d5789963f0a6f60c163e861b0e32e891b9de287bbb8ed61ef3876a41e5f1852df61604186013659aaf5c4f08ebfa07
Finding Nemo: The Continuing Adventures,Disney・Pixar: Finding Nemo: The Continuing Adventures,Finding Nemo: The Continuing Adventures,=,findingnemothecontinuingadventures,USA,2004-09-08,Altron,THQ,#players:2:vs #genre:action:minigames:shmup>h:puzzle:rhythm #addon:link>gbalinkcable #save:password #based:movie:disney #lang:en,68500bcbb838a9d361272f34fa20ce1a,66881e8204f770973dcf01b4f9f919fa2f6db99b,4ade109c9a3c284ddcdf468de7b570b94331eda74d8f3f5a6bbc402ae5f3df98,c36748dea8286984df24b06a1bcac4b11205f40dbe3d4592aede8ce2f62e5548277d2e01af1b8f8f79f57fab7181c73b65f73fe98c5ba588c8826838676b1ce2
Finding Nemo: The Continuing Adventures,Disney・Pixar: Finding Nemo: The Continuing Adventures,Finding Nemo: The Continuing Adventures,=,findingnemothecontinuingadventures,United Kingdom/Ireland,2004-11-12,Altron,THQ,#players:2:vs #genre:action:minigames:shmup>h:puzzle:rhythm #addon:link>gbalinkcable #save:password #based:movie:disney #lang:en,68500bcbb838a9d361272f34fa20ce1a,66881e8204f770973dcf01b4f9f919fa2f6db99b,4ade109c9a3c284ddcdf468de7b570b94331eda74d8f3f5a6bbc402ae5f3df98,c36748dea8286984df24b06a1bcac4b11205f40dbe3d4592aede8ce2f62e5548277d2e01af1b8f8f79f57fab7181c73b65f73fe98c5ba588c8826838676b1ce2
Finding Nemo: The Continuing Adventures,Disney・Pixar: Finding Nemo: The Continuing Adventures,Finding Nemo: The Continuing Adventures,Finding Nemo: The Continuing Adventures / Alla Ricerca di Nemo: L'Avventura Continua! / Buscando a Nemo: La Aventura Continúa / Find Nemo: Eventyret Fortsætter / Hitta Nemo: Äventyret Fortsätter,findingnemothecontinuingadventures,Europe,2004-11-12,Altron,THQ,#players:2:vs #genre:action:minigames:shmup>h:puzzle:rhythm #addon:link>gbalinkcable #save:password #based:movie:disney #lang:en:it:es:da:sv,89c2af08fb993266d8cd79af28aabce2,e29bad428b9ae4e5bda9c6d6c0ff5ca739b8f78d,aa7aaf802600357700bf30a71e7ccc97d6244d700014c156d481fd1f24137704,41ff95f6220f0a6dd75a91057ec345d2db2e409956580b1cf208aa3d2e52cabba79ea60f657fc1cdd45a3061ac2f48dc233e61208208ded7f151c3f7d661851f
Alla Ricerca di Nemo: L'Avventura Continua!,Disney・Pixar: Alla Ricerca di Nemo: L'Avventura Continua!,Alla Ricerca di Nemo: L'Avventura Continua!,Finding Nemo: The Continuing Adventures / Alla Ricerca di Nemo: L'Avventura Continua! / Buscando a Nemo: La Aventura Continúa / Find Nemo: Eventyret Fortsætter / Hitta Nemo: Äventyret Fortsätter,findingnemothecontinuingadventures,Italy,2004-11-12,Altron,THQ,#players:2:vs #genre:action:minigames:shmup>h:puzzle:rhythm #addon:link>gbalinkcable #save:password #based:movie:disney #reboxed #lang:en:it:es:da:sv,89c2af08fb993266d8cd79af28aabce2,e29bad428b9ae4e5bda9c6d6c0ff5ca739b8f78d,aa7aaf802600357700bf30a71e7ccc97d6244d700014c156d481fd1f24137704,41ff95f6220f0a6dd75a91057ec345d2db2e409956580b1cf208aa3d2e52cabba79ea60f657fc1cdd45a3061ac2f48dc233e61208208ded7f151c3f7d661851f
Buscando a Nemo: La Aventura Continúa,Disney・Pixar: Buscando a Nemo: La Aventura Continúa,Buscando a Nemo: La Aventura Continúa,Finding Nemo: The Continuing Adventures / Alla Ricerca di Nemo: L'Avventura Continua! / Buscando a Nemo: La Aventura Continúa / Find Nemo: Eventyret Fortsætter / Hitta Nemo: Äventyret Fortsätter,findingnemothecontinuingadventures,Spain,2004-11-12,Altron,THQ,#players:2:vs #genre:action:minigames:shmup>h:puzzle:rhythm #addon:link>gbalinkcable #save:password #based:movie:disney #reboxed #lang:en:it:es:da:sv,89c2af08fb993266d8cd79af28aabce2,e29bad428b9ae4e5bda9c6d6c0ff5ca739b8f78d,aa7aaf802600357700bf30a71e7ccc97d6244d700014c156d481fd1f24137704,41ff95f6220f0a6dd75a91057ec345d2db2e409956580b1cf208aa3d2e52cabba79ea60f657fc1cdd45a3061ac2f48dc233e61208208ded7f151c3f7d661851f
Findet Nemo: Das Abenteuer Geht Weiter,Disney・Pixar: Findet Nemo: Das Abenteuer Geht Weiter,Findet Nemo: Das Abenteuer Geht Weiter,Le Monde de Nemo: L'Aventure Continue! / Findet Nemo: Das Abenteuer Geht Weiter / Finding Nemo: Meer Avonturen,findingnemothecontinuingadventures,Germany,2004-11-12,Altron,THQ,#players:2:vs #genre:action:minigames:shmup>h:puzzle:rhythm #addon:link>gbalinkcable #save:password #based:movie:disney #reboxed #lang:fr:de:nl,b7685a523a772e659d992e071aa2cd1e,3fdb20833be10287930621a5ceb941330bf24e27,5e0e641125c78497a48a56f290482d8447f39d498d94679b7638c9dc8e67eb9e,7583b39c18d938554f905fe4bd43669e7ee47bca528c33b201de8d1f0ff32d8bff01243984ac1fa7d6d704e6d142c947f82d5aa20609884978218a3146b8de94
Le Monde de Nemo: L'Aventure Continue!,Disney・Pixar: Le Monde de Nemo: L'Aventure Continue!,Le Monde de Nemo: L'Aventure Continue!,Le Monde de Nemo: L'Aventure Continue! / Findet Nemo: Das Abenteuer Geht Weiter / Finding Nemo: Meer Avonturen,findingnemothecontinuingadventures,France/Netherlands,2004-11-12,Altron,THQ,#players:2:vs #genre:action:minigames:shmup>h:puzzle:rhythm #addon:link>gbalinkcable #save:password #based:movie:disney #lang:fr:de:nl,b7685a523a772e659d992e071aa2cd1e,3fdb20833be10287930621a5ceb941330bf24e27,5e0e641125c78497a48a56f290482d8447f39d498d94679b7638c9dc8e67eb9e,7583b39c18d938554f905fe4bd43669e7ee47bca528c33b201de8d1f0ff32d8bff01243984ac1fa7d6d704e6d142c947f82d5aa20609884978218a3146b8de94
GameBoyWars Advance 1+2,GameBoyWars Advance ゲームボーイウォーズ アドバンス 1+2,Game Boy Wars Advance 1+2,ゲームボーイウォーズ アドバンス Game Boy Wars Advance 1+2,gameboywarsadvance1plus2,Japan,2004-11-25,Intelligent Systems,Nintendo,#players:4:vs #genre:sim>strategy #addon:link>gbalinkcable #embedded:backup>flashram #save:backup #compilation:gameboywarsadvance1:gameboywarsadvance2 #lang:ja,08d5c8e67cf1cdba2e55452c2e2414c1,0e805762d02df41a7c1f840569d17efb2fb92b1c,a8ad7c7d2a48b4ce4d7a5da408121e9640206ed9f040c0ac967b6c6b2413831c,af122443f0bbbbbecfba2c24a17198ef06cd586142cdf91d252a288f81cb83e0a8fd132ff164af28e931b2e751b3c45483f96e71c4e73478e4e0524e9cb72026
GameBoyWars Advance 1+2,GameBoyWars Advance ゲームボーイウォーズ アドバンス 1+2,Game Boy Wars Advance 1+2,ゲームボーイウォーズ アドバンス Game Boy Wars Advance 1+2,gameboywarsadvance1plus2,Japan,2014-04-03,Intelligent Systems,Nintendo,#players:4:vs #genre:sim>strategy #addon:link>gbalinkcable #embedded:backup>flashram #save:backup #compilation:gameboywarsadvance1:gameboywarsadvance2 #lang:ja #rerelease:virtualconsole>wiiu,09fb223b7d964fe31b097574d54c3dd4,d3c18e797fd748f9c6197ea7444f6ee4db5671e7,47316666c9d9d83ecd60b24e29600160fcf3a5f76855079a5dd4bb3b6ddd8f9f,ca03bbd9b7cab8896e6a4705099155bd2cdbe2d24968a582eb4381223f3a74380582b9f8fc049886dd3d20482560dc72df341bd92b190a785cfa38262b9e41f2
Gauntlet / Rampart,=,Gauntlet / Rampart,=,gauntletrampart,USA,2005-11-03,EC-i,DSI,#players:1 #genre:action:sim>strategy #port:arcade #compilation:gauntlet:rampart #lang:en,75fca6eeccf730d5b9883fa333f6b268,1be59c6919a849749d7251d352bf5f1840e4e683,4d4e03aeb0390d5db30ff0174f6e20abe15de9732b1eadf058b74a088bcd807b,8c2f18594d6fa198eb6a6df702696658911a86a6b1da3765209a3f12804602cb7e5de6787f7f92d648cbc78fe06b2a4eb3fe21605eaa6141167e0b1243c3702b
Gauntlet & Rampart,=,Gauntlet / Rampart,=,gauntletrampart,Europe,2005-09-16,EC-i,Zoo,#players:1 #genre:action:sim>strategy #port:arcade #compilation:gauntlet:rampart #lang:en:fr:de:es:it,56915d1408e0cf7842d6c65b1735b90b,ae327bebc9841c990b3f1d6f8f9f95003d8bf16e,a40e64fc762f8921f7efa20f79492ca87021cb392a23b9362f8f3641fcb7a2ec,c26c3af1d26860cbc7c8117de5e0d4bf4d59427875b240b3c893f4e99f2ddee6170a62b0ba624d9584eb36a15ea612ef9a8da19cc0f0a4acf16929bd99cf5f9c
Gekitō! Car Battler Go!!,激闘!カーバトラーGo!!,Gekitō! Car Battler Go!!,激闘!カーバトラーGo!!,gekitoucarbattlergo,Japan,2001-11-30,Ancient,Victor,#players:4:vs #genre:rpg>a #addon:link>gbalinkcable #embedded:backup>eeprom #save:backup #lang:ja,386358b358d4a578d7cdc195529016ee,cd3d70e6cf3c7dec72d4f1f3678113d44a00facc,eb3a10e90dda53959be3a1c5e1b38f5ceb717d7ae5100d33b6fbc340c5b7bc2a,549765310ba9ed7426bdf82744a49496cf3b2b143c15b02ef183acb6bed9ff0e5e9b0290988f274a0e43b00470010db8fb9f2b7e9944514daff9b7525e91a30a
Gli Incredibili: Una ‟Normale” Famiglia di Supereroi,=,Gli Incredibili: Una ‟Normale” Famiglia di Supereroi,=,theincredibles,Italy,2004-11-05,Helixe/Factor 5,THQ,#players:1 #genre:brawler #save:password #based:movie:disney #lang:it,bc80dc29fbdbb9c8ee9af46f11c59665,520aec2f41cd15f1307cc2146a47ec6095b78b64,e8b63d7205a344d111083c70690901316415b7ab4d126a8da7ef5c808b95f365,b79f8e8f2292348291826583d04992f27f0ac6423b44dc77aa39977b749173f5a3f9081f27d0e01b726014125a47ea8a641cf80e467ef24f022b7c35edbe1e69
Golden Nugget Casino,=,Golden Nugget Casino,=,goldennuggetcasino,USA,2004-11-16,Pipe Dream,Majesco,#players:1 #genre:board>cards:parlor>jackpot #save:password #search:keyword>official #lang:en,4df2176d0f881b309b9077d18a422f00,5ecf4ead4b22a5916086a34bbf2abf299aaf3401,36f59efde2cd887d80c4eba5a0fff6fa7f0d744a87a4b9c3a8adeea63ae218e8,f490aaaebd9284f92bca15dfbc6b7a868547da7702fbdd38bbe0172d78207061e08267bc85f3688a3c97529cb7809391dcfa97727911d496406695e906d1b4d9
Golden Nugget Casino,=,Golden Nugget Casino,=,goldennuggetcasino,Europe,2005-03-30,Pipe Dream,Majesco,#players:1 #genre:board>cards:parlor>jackpot #save:password #search:keyword>official #lang:en,4df2176d0f881b309b9077d18a422f00,5ecf4ead4b22a5916086a34bbf2abf299aaf3401,36f59efde2cd887d80c4eba5a0fff6fa7f0d744a87a4b9c3a8adeea63ae218e8,f490aaaebd9284f92bca15dfbc6b7a868547da7702fbdd38bbe0172d78207061e08267bc85f3688a3c97529cb7809391dcfa97727911d496406695e906d1b4d9
Greatest Nine,Greatest Nine グレイテストナイン,Greatest Nine,Greatest Nine グレイテストナイン,greatestnine,Japan,2002-08-08,Smilebit,SEGA,#players:2:vs #genre:sports>baseball #addon:link>gbalinkcable #embedded:backup>battery #save:backup #search:keyword>official #lang:ja,83c4994b6edb5ace03864f96ddeb54af,3dcae687a828663429b424cd54aa5a776cddabe5,b50d22fda82062c70647a283c31acadea62a05933e2154e2a06015b44504e63c,6cf163bea20059b26b39041674f50a460c4a7f461b5fc092bdea0e728ba29ae7e62aa09344a3c51281283c0a8f5b8e439a3899d4fe32e90495a8773a8e601ec3
GT Advance: Championship Racing,=,GT Advance: Championship Racing,=,advancegta,Europe,2001-06-15,M²TO,THQ,#players:2:vs #genre:racing #addon:link>gbalinkcable #save:password #search:keyword>brand #lang:en,1ce4441b3142b480e03cffe290b00ce6,3a85e462d002ff5577e4434110b17459fe6867d6,8401d21fed6900509ac429909f22090439a27a3524208693672caccf710293dd,c076f189a33c86cd5ddb06f91048fef35f1f14e629763aac6c874a090bc9e984c69c9119528bcea9b3c9d0fb770950c34bc5c7abc23b7f9efd94b76582ad15a2
GT Advance: Championship Racing,=,GT Advance: Championship Racing,=,advancegta,USA,2001-06-08,M²TO,THQ,#players:2:vs #genre:racing #addon:link>gbalinkcable #save:password #search:keyword>brand #lang:en,1ce4441b3142b480e03cffe290b00ce6,3a85e462d002ff5577e4434110b17459fe6867d6,8401d21fed6900509ac429909f22090439a27a3524208693672caccf710293dd,c076f189a33c86cd5ddb06f91048fef35f1f14e629763aac6c874a090bc9e984c69c9119528bcea9b3c9d0fb770950c34bc5c7abc23b7f9efd94b76582ad15a2
GT Advance 2: Rally Racing,=,GT Advance 2: Rally Racing,=,advancerally,Europe,2002-06-28,M²TO,THQ,#players:2:vs #genre:racing:sports>rally #addon:link>gbalinkcable #embedded:backup>eeprom #save:backup #search:keyword>brand #lang:en,93c6a92b841b2f3cad5cdc4e62112e61,8185c05c709b2e1ceadedd905f7f38107decbdcd,8648013971bdf2b7a957e10b7804406d6ddddfe71e01f8e71439da503379272d,b42803dd3427d82d99881bb2faff90538958a769e728b50b8e1853b2ee52c15b308c42e2a0b9d9a9963ede945c869500994896dc8860cec19e894e6583d49e30
GT Advance 2: Rally Racing,=,GT Advance 2: Rally Racing,=,advancerally,USA,2002-06-30,M²TO,THQ,#players:2:vs #genre:racing:sports>rally #addon:link>gbalinkcable #embedded:backup>eeprom #save:backup #search:keyword>brand #lang:en,c0b296efea186b82f921cf0e9a6a6ef4,7a7c2a76bc5c7995b5186d90c5fdd7bc303f0e85,eb1210e56869d8d71e85744895508e56c9ecde52b899eb56cd450ae5311327cb,065e1f07510ee4595be9846ac31f4472de803e021e8d5108cf0427762f91abbc75d55ceb492bf5a1c10841bf7aaba8f84cfb0449d33ff06c9fe8968d68e14d49
GT Advance 3: Pro Concept Racing,=,GT Advance 3: Pro Concept Racing,=,advancegt2,Europe,2003-05-23,M²TO,THQ,#players:2:vs #genre:racing #addon:link>gbalinkcable #embedded:backup>eeprom #save:backup #search:keyword>brand #lang:en,df7b1d5fb2f71445497feabf7babb8ef,1e81d7ad7a9d8c179ef9f1a2e334a155799fe788,9ab59e9d4e90792c2d51f05e216a1a4a4c1aa56833e9e6169db83f9bc79479bb,265454cb127ef46e4d3cb452b5b40cd122ff5962373e83acc75d7f6cc18ce796dd36f9dff91a685a8b26a9bde1d03f954f8e7c634540a4ade0e8a259994225de
GT Advance 3: Pro Concept Racing,=,GT Advance 3: Pro Concept Racing,=,advancegt2,USA,2003-02-06,M²TO,THQ,#players:2:vs #genre:racing #addon:link>gbalinkcable #embedded:backup>eeprom #save:backup #search:keyword>brand #lang:en,c283484d8f35b059bbff9e4d852c5420,f1b9dd89d0e1151b47545eab381fb44c8f4dcca5,f583ea5911c963774f8f26941c6cc4c5512d4586c2933fdd8829124041535c03,e845ad7129dfa168c7a3b07ac5fa5215efa0586ff0223d638ae19ecc6721154b9c9e32cabb4a25c04ba78e01e3e63138f7df1b7802c6fc49382996c102aa2458
Harvest Moon: Friends of Mineral Town,=,Harvest Moon: Friends of Mineral Town,=,bokujoumonogatarimineraltownnonakamatachi,Europe,2004-03-26,TOSE,Natsume,#players:1 #genre:sim>farm #addon:link>gbacable #embedded:backup>flashram #save:backup #lang:en,02a9fddd43013966303a043db1c0a479,7ba1ec1e46ce424e3c6fd72e4e8d5e9eb5ede247,cfe6ec353fce12d8e36737bcc6e065120f808496fef5d3f8911a581a0850f97e,9409bd87dc530f07fe8a6691c82ceed7eb070fef7d28e0d0ba8def6afe3596f3e0f691ff8c43464f9717b252548f57a27a9cddedfb5b7c94559fd753d3684e85
Harvest Moon: Friends of Mineral Town,=,Harvest Moon: Friends of Mineral Town,=,bokujoumonogatarimineraltownnonakamatachi,Germany,2004-03-26,TOSE,Natsume,#players:1 #genre:sim>farm #addon:link>gbacable #embedded:backup>flashram #save:backup #lang:de,61d0616b30f8e111ccb68004be97d4eb,60f2a30b55c0e32754897b4d5df6ce06f8b71a37,c3ece9fef8bf75d355a87ce2b4f8d6d26b05c8ac3ac4b09f1a9cb6ce778e6463,e492d3fe87cc2288a27d8c3bf231547f19b84c9fa71b684e7be4502aba78aa8a8b8d7835fcb025c64d1bd00c6379f1fa1beb4124efaa6ed5e63ce8615dfc0fd5
Harvest Moon: Friends of Mineral Town,=,Harvest Moon: Friends of Mineral Town,=,bokujoumonogatarimineraltownnonakamatachi,USA,2003-11-17,TOSE,Natsume,#players:1 #genre:sim>farm #addon:link>gbacable #embedded:backup>flashram #save:backup #lang:en,80355c831a7a25b0f70dc021ebd344f1,a2fc3574f0a65a4fcf7682fb274b9d7eebdef963,ca6cebe7211b6f2693af210709f76222204bf9f7621dec08b30ca268117460dd,20b633eaca37bf73f93bd16c06939889c35ea38ebc73ea75c400a0a9bff714f0ed603edf933c03974e94181fda814f2513800bdd8026cb6e334f8958d67d76bb
Harvest Moon: More Friends of Mineral Town,=,Harvest Moon: More Friends of Mineral Town,=,bokujoumonogatarimineraltownnonakamatachiforgirl,USA,2005-07-26,TOSE,Natsume,#players:1 #genre:sim>farm #addon:link>gbacable #embedded:backup>flashram #save:backup #lang:en,fcbf93f8859d8500319e0d80a8c02150,3aa4d46cbbf152e440942acd5f5d37ddc7b05e1d,e754155f92b4809d9f63765592d415f16497d290189cfe1267ea9571a6e14d8e,9bb1d249918591c62eb49ae82b8f42813e8dab2441d89672eb0b89143985891d2dab0cab46820c5036ae07e672eb48134c706f67354fcaec2ab526ac871f13cd
Hey Arnold! The Movie,=,Hey Arnold! The Movie,Hey Arnold! The Movie / He Arnold! Le Film / Hey Arnold! Der Film,heyarnoldthemovie,Europe,2002-10-25,Altron,THQ,#players:1 #genre:action>platformer #save:password #based:movie #lang:en:fr:de,3023f8b53d90af1320f5b686f0f7b868,561a1b4fc09701ba1a7d25006e3a3ea5eba43ec2,1a6d3d6826479e3ef46e5446372045bbd5a0e5ae5566dc56e79b60c3f1488601,3e58455f155d225dfdd6d75ef0d7bed10ff3188b50c6dd5224a5cf26e2ae6e9386bc237627948011f3f71da65554316263d4131b552d3a9ae38775646b66c471
He Arnold! Le Film,=,He Arnold! Le Film,Hey Arnold! The Movie / He Arnold! Le Film / Hey Arnold! Der Film,heyarnoldthemovie,France,2002-10-25,Altron,THQ,#players:1 #genre:action>platformer #save:password #based:movie #reboxed #lang:en:fr:de,3023f8b53d90af1320f5b686f0f7b868,561a1b4fc09701ba1a7d25006e3a3ea5eba43ec2,1a6d3d6826479e3ef46e5446372045bbd5a0e5ae5566dc56e79b60c3f1488601,3e58455f155d225dfdd6d75ef0d7bed10ff3188b50c6dd5224a5cf26e2ae6e9386bc237627948011f3f71da65554316263d4131b552d3a9ae38775646b66c471
Hey Arnold! The Movie,=,Hey Arnold! The Movie,Hey Arnold! The Movie / He Arnold! Le Film / Hey Arnold! Der Film,heyarnoldthemovie,Europe,2002,Altron,THQ,#players:1 #genre:action>platformer #save:password #based:movie #lang:en:fr:de #unfinished:beta,3e96ed2991e696db50a279e2854c0be5,cebe93ddcb49664f0ffb9fb70dbcb5c91e70d340,878b46aa8897a6573733f3ffd5ab6baf5ccae2622f6cb11129792c037a680a45,2670645fa5eaacceaa1e4b26e43378fc7531f95a9a3c584a6635de2a738daeddd2b8276bbb18ebe1858e76d96ad0231761471b34ecf7fe41c58c9cc0c8ec525f
Hey Arnold! The Movie,=,Hey Arnold! The Movie,=,heyarnoldthemovie,USA,2002-05-31,Altron,THQ,#players:1 #genre:action>platformer #save:password #based:movie #lang:en,a234f8b94fafc111ab29f235361baf50,26042bbc068390246b3b01f02571659e08414a64,cf1c3a91b99e031dbbc2e66ea25286255df6b41418deba67890db55378f370d0,aec52c448f1183c9d4b4c51cdf4f86ce12971b50501e5534cf8e077082b4c856c698e441a5341c2ebb36b5b31935efe9a0d9d58ac544165eb38460656263cfa5
Hot Wheels: Stunt Track Challenge,=,Hot Wheels: Stunt Track Challenge,=,hotwheelsstunttrackchallenge,USA,2004-11-09,Razorback,THQ,#players:2:vs #genre:racing #save:password #based #lang:en,c328c11773ab3075916f6d2c0735652a,3a950fa7f2979ac8b1e2e2eb628267b3146f1da1,a02b15cd1734e921e5c66bd4c4962583d1c143e87aedaf391dc8357d5ef9b485,2f47ab15864d1a3e0adf9d2b9a030497593fbe412b9fe4367608c31ffbccc23f4f2d52b31c35378aef107a4256bd1857422c81d1f7f1de69092ea4a21b5eb908
Hot Wheels: Stunt Track Challenge,=,Hot Wheels: Stunt Track Challenge,=,hotwheelsstunttrackchallenge,Europe,2004-11-26,Razorback,THQ,#players:2:vs #genre:racing #save:password #based #lang:en,c328c11773ab3075916f6d2c0735652a,3a950fa7f2979ac8b1e2e2eb628267b3146f1da1,a02b15cd1734e921e5c66bd4c4962583d1c143e87aedaf391dc8357d5ef9b485,2f47ab15864d1a3e0adf9d2b9a030497593fbe412b9fe4367608c31ffbccc23f4f2d52b31c35378aef107a4256bd1857422c81d1f7f1de69092ea4a21b5eb908
Hot Wheels: Velocity X,=,Hot Wheels: Velocity X,=,hotwheelsvelocityx,Europe,2002-12-06,Saffire,THQ,#players:1 #genre:racing>combat #save:password #based #lang:en,b19314e2b31266364a7a12d9d4b00b85,dda8ebba4d68f93dbb213de5a898864ead18ebe8,201647f83b08c255ed692dcbeb5a9b7b6c3a71c0993ffebf67dd4c06cd079907,fdf0d067a44748fab1d03f3944f9549a0b1578c21ef2d2d206cd82daa99d501a7ccaa23bb4cf0b7c09bc391c62599f89819ed17d59d07120ef42f08092e21b6b
Hot Wheels: Velocity X,=,Hot Wheels: Velocity X,=,hotwheelsvelocityx,USA,2002-10-31,Saffire,THQ,#players:1 #genre:racing>combat #save:password #based #lang:en,5ea3eec1d71c05f46321ce090ca791ee,e6a3ae1e4a58e47c78719a7f6a7e1ed0c37b34e6,8ed33b088d3c1df517597fb5a725dbfc2e520dc3c1e9539e09a06f9dbc89ae16,21c5c1573f520401e3a8a5cca6dae8372a7aa035cf5e3425e75c1e819816cde9a360e4a0f75fb37ca949fd7b25bb8bfeb8f591812a944b9a2471f65e5863db96
Hot Wheels: World Race,=,Hot Wheels: World Race,=,hotwheelsworldrace,Europe,2003-11-28,Climax,THQ,#players:4:vs #genre:racing>combat #addon:link>gbalinkcable #save:password #based:movie #lang:en,43add71f5171685444fe591415ffae05,224eca09779e12908f2f30b7567df39177ceb88e,214142dbf62d2c56fa232e466a168cc6d19e6691376a3f121cc2f23d9b193caf,b66c7bb1a0eb878eb9400d58db3d2e17d6222a75ea25a66630e9aa2774d20d0e0118a58eaeb99ec16596c2ea2881e5513afcf8406c3e25b2af0930fa6d9fee8d
Hot Wheels: World Race,=,Hot Wheels: World Race,=,hotwheelsworldrace,USA,2003-11-14,Climax,THQ,#players:4:vs #genre:racing>combat #addon:link>gbalinkcable #save:password #based:movie #lang:en,91cc97b4023b7876f4ac783c2c4de2bd,4045cb4551399537812d81b76bdd5cb46c4c7c06,b9bb22a244bd9caff1ec9f78a6ef810c089c3c91922e4e8cbcf4a8f121b8ae32,18b3859fb8231d81361a4878926cfaa0131816e4b6d37416bfd3ce347aa47eba8093e3aec8348ddbae9d0e391ddd857027f4444b6e91e3d6a63236bb576c8c62
Jimmy Neutron: Boy Genius,=,Jimmy Neutron: Boy Genius,Jimmy Neutron: Boy Genius / Jimmy Neutron: Der Mutige Erfinder / Jimmy Neutron: El Niño Inventor / Jimmy Neutron: Un Garçon Génial,jimmyneutronboygenius,Europe,2002-03-15,Human Soft,THQ,#players:2:vs #genre:action>platformer #addon:link>gbalinkcable #save:password #based:movie #lang:en:de:es:fr,8002d7d8251f8a200a9d50f107d48ffd,0923b6186739ba697627822ebce04edaa721a70f,e1b1c5bfcc986ff4d58b785f0eea3df65d9805c4d31a2bb1d3f552a3f012ff7c,313deebaa32ad493aa58d08831a3600b2a96dacdceb5efee69afc65c198ca1121e74228a78c02bff82617f6d2521ea646e746f4474946ead7b3ffbc7df494131
Jimmy Neutron: Der Mutige Erfinder,=,Jimmy Neutron: Der Mutige Erfinder,Jimmy Neutron: Boy Genius / Jimmy Neutron: Der Mutige Erfinder / Jimmy Neutron: El Niño Inventor / Jimmy Neutron: Un Garçon Génial,jimmyneutronboygenius,Germany,2002-03-15,Human Soft,THQ,#players:2:vs #genre:action>platformer #addon:link>gbalinkcable #save:password #based:movie #reboxed #lang:en:de:es:fr,8002d7d8251f8a200a9d50f107d48ffd,0923b6186739ba697627822ebce04edaa721a70f,e1b1c5bfcc986ff4d58b785f0eea3df65d9805c4d31a2bb1d3f552a3f012ff7c,313deebaa32ad493aa58d08831a3600b2a96dacdceb5efee69afc65c198ca1121e74228a78c02bff82617f6d2521ea646e746f4474946ead7b3ffbc7df494131
Jimmy Neutron: El Niño Inventor,=,Jimmy Neutron: El Niño Inventor,Jimmy Neutron: Boy Genius / Jimmy Neutron: Der Mutige Erfinder / Jimmy Neutron: El Niño Inventor / Jimmy Neutron: Un Garçon Génial,jimmyneutronboygenius,Spain,2002-03-15,Human Soft,THQ,#players:2:vs #genre:action>platformer #addon:link>gbalinkcable #save:password #based:movie #reboxed #lang:en:de:es:fr,8002d7d8251f8a200a9d50f107d48ffd,0923b6186739ba697627822ebce04edaa721a70f,e1b1c5bfcc986ff4d58b785f0eea3df65d9805c4d31a2bb1d3f552a3f012ff7c,313deebaa32ad493aa58d08831a3600b2a96dacdceb5efee69afc65c198ca1121e74228a78c02bff82617f6d2521ea646e746f4474946ead7b3ffbc7df494131
Jimmy Neutron: Un Garçon Génial,=,Jimmy Neutron: Un Garçon Génial,Jimmy Neutron: Boy Genius / Jimmy Neutron: Der Mutige Erfinder / Jimmy Neutron: El Niño Inventor / Jimmy Neutron: Un Garçon Génial,jimmyneutronboygenius,France,2002-03-15,Human Soft,THQ,#players:2:vs #genre:action>platformer #addon:link>gbalinkcable #save:password #based:movie #reboxed #lang:en:de:es:fr,8002d7d8251f8a200a9d50f107d48ffd,0923b6186739ba697627822ebce04edaa721a70f,e1b1c5bfcc986ff4d58b785f0eea3df65d9805c4d31a2bb1d3f552a3f012ff7c,313deebaa32ad493aa58d08831a3600b2a96dacdceb5efee69afc65c198ca1121e74228a78c02bff82617f6d2521ea646e746f4474946ead7b3ffbc7df494131
Jimmy Neutron: Boy Genius,=,Jimmy Neutron: Boy Genius,=,jimmyneutronboygenius,USA,2001-11-09,Human Soft,THQ,#players:2:vs #genre:action>platformer #addon:link>gbalinkcable #save:password #based:movie #lang:en,2acd2b101e2f03a3fb95ed41b187d5ec,31ed7659e2e072d1c00baf95c0ee9c770e949900,bf2c1899bb63797da6f54b5025a18749189e94c70e2f330558d90d1d77395836,fb42443e9e959551490fca604dce3092af4f86f54e671cac2aa3739484d16ebe06e28902b9ad09d4029934f9701b02e5bf6e4f6e5a624d98e3821a9a2f48a883
Kelly Slater's Pro Surfer,=,Kelly Slater's Pro Surfer,=,kellyslatersprosurfer,Europe,2002-10-18,HotGen,Activision,#players:2:vs #genre:sports>surf #addon:link>gbalinkcable #embedded:backup>eeprom #save:backup #search:keyword>endorsed #lang:en,e6836a809ffe6aea707231ccf830c122,73328bfd274d1ec77c9a67351c026e22f09eeff5,93be76156f5c3cde9119f918a43328e8e00d70203993c5049b907b909ddc152c,9181f8b67444b86b560ba60c1db252fa3e477f2ca9e4e7d9e3740f14a3be2fa2add233de60b1d03e28eeeed476eac8263128ccd24d821f9171188f7e3102bfc9
Kelly Slater's Pro Surfer,=,Kelly Slater's Pro Surfer,=,kellyslatersprosurfer,USA,2002-08-21,HotGen,Activision,#players:2:vs #genre:sports>surf #addon:link>gbalinkcable #embedded:backup>eeprom #save:backup #search:keyword>endorsed #lang:en,e6836a809ffe6aea707231ccf830c122,73328bfd274d1ec77c9a67351c026e22f09eeff5,93be76156f5c3cde9119f918a43328e8e00d70203993c5049b907b909ddc152c,9181f8b67444b86b560ba60c1db252fa3e477f2ca9e4e7d9e3740f14a3be2fa2add233de60b1d03e28eeeed476eac8263128ccd24d821f9171188f7e3102bfc9
Knights' Kingdom,Lego Knights' Kingdom,Knights' Kingdom,=,knightskingdom,Europe,2004-10-29,Razorback,THQ,#players:2:vs #genre:action:adventure #addon:link>gbalinkcable #save:password #based #lang:en:de,8eabc44961b0e153f9e3da94ca011847,e9754e69eaefb7912f230826d13b743a71293600,ba7c0a9202bf5cacbc370db28060ac37ffa7e1359122fab638eec6ee698d09ae,00631818e9300668a6ac091e428feaacbec292c688108aab859fbde8c77897f71d3fd506963b6a8ec349adba6fc341ddd9817bbb1889a0113309b639472d9995
Knights' Kingdom,Lego Knights' Kingdom,Knights' Kingdom,=,knightskingdom,USA,2004-10-04,Razorback,THQ,#players:2:vs #genre:action:adventure #addon:link>gbalinkcable #save:password #based #lang:en,5ad0ed7f2bbda3dab28d29b59f01cade,5f6e9fada285dd4795d4103e5f97b8e714ab9099,e6ebd3fca02f146dc0b3761c259a8ca02f8ebf842b493c90479e68f635ec2095,32c12b96d26fa76730fca55c1683082e7fc02e07944a754c7810822c60a43403a1d2a767f2fbf4bc29f5ceebf55154adf70035bfed9b6b6c41d4d608b8b0a1f3
La Gang del Bosco,DreamWorks: La Gang del Bosco,La Gang del Bosco,DreamWorks: La Gang del Bosco,overthehedge,Italy,2006-06-23,Vicarious Visions,Activision,#players:1 #genre:action:adventure #embedded:backup>eeprom #save:backup #based:movie #lang:it,9b71cc4b1e11fe39ced0c3e41061a117,75e7060b7dce72d01fbd6a6d1d8e1d752bfc92d0,54def94ac6db7b47fd5606f25fcf9c7cb5ca981eb7f6fae14d61b49dfd589428,2d53428df099aed87137112dd3a263be600f5f80da7410a105d3f4dd9ba68e606e4d459960f218e3e2a3bac97fe3a016b1805072d83ba89be2fa3fad5ab4f55e
Les Razmoket Rencontrent les Delajungle,=,Les Razmoket Rencontrent les Delajungle,=,rugratsgowild,France,2003-08-15,Magellan,THQ,#players:1 #genre:adventure:minigames:action>platformer:racing:puzzle #save:password #based:movie #lang:fr,ebb31e3fe75ca8fcae960d3588ef767d,457be286cb043e1a8eaf7a9a7929b2cbfb56fcda,81d3a3d98325192b2f61eba28449a965361353351b7bc3c7199d5637f619fcdc,9a245978be58d7ce2daffb81c3748686fb5ec3112d9b9fc8feff551d7a7066d83be612ddc683c64ca6ac1cd58b190b81a61a38b01041e02a3bda458d0a6e557a
Lilo & Stitch,Disney's Lilo & Stitch,Lilo & Stitch,Disney's Lilo & Stitch,liloandstitch,Europe,2002-10-04,Digital Eclipse,Ubisoft,#players:1 #genre:action>runandgun>platformer:shooting>rail #save:password #based:movie:disney #lang:en:fr:de:es:it:nl,3a1325d0afa9ec59246673fb01878a09,49455b812ed129ab57a7765d8e82253930751485,205bafef55d33faa51548635fac0dc6888edb1d760e01135bb61f46ddceb1397,fc3ed0fb4a36c46ab61a563c10a5cdcfdc94d8f368955d8faf143934835e2ad10fe8ef00fa7b8354246afdc343fb58b393548407451dabc9fd721070639b90a5
Lilo & Stitch,Disney's Lilo & Stitch,Lilo & Stitch,Disney's Lilo & Stitch,liloandstitch,Europe,,Digital Eclipse,Ubisoft,#players:1 #genre:action>runandgun>platformer:shooting>rail #save:password #based:movie:disney #lang:en:fr:de:es:it:nl #rev:1,e7ead9536e55c3c6ff2448712cd77efb,a4e86401593c1763fdd70c6e1f7b4ccec7101db7,fadeaf8112bde4b325d334cbf20db9e6e293fa57e544679f4f1cd917f4eadcb9,f5a49dbd4b26a173a47ecfe6d355333287591759dd066d70dfce7be90db4989cfccca9d44cd1e560d8c46a6034a84cdef414dbe95b3165843c32d76f7a862eab
Lilo & Stitch,Disney's Lilo & Stitch,Lilo & Stitch,Disney's Lilo & Stitch,liloandstitch,USA,2002-06-07,Digital Eclipse,Disney,#players:1 #genre:action>runandgun>platformer:shooting>rail #save:password #based:movie:disney #lang:en,d2d38d0ca1c3594c71213e3b5f6bd6ec,b86e22f7009ae20c0d8efc51ab7c61c0cee21a0c,87c2fca8d8a88b6956344a3ea9dcd7e38bda32ad91225eca738b0644867dfa6e,ce08187aca20da37b816da080710572efaf214cf5105a44313efa33591bdc6609233b38e31ffe9dcb88973998ef47fe4e13259b8667dd7ecffe363fa7d32c6f3
Lilo & Stitch,Disney's リロ　アンド　スティッチ,Lilo & Stitch: The Series,Disney's リロ　アンド　スティッチ ザ・シリーズ,liloandstitch2haemstervielhavoc,Japan,2005-07-21,Climax,D3Publisher,#players:1 #genre:action>platformer>runandgun:puzzle:shooting>rail #embedded:backup>eeprom #save:backup #based:disney #lang:ja,7e7015a37c1a5aa3d1b626b2255d0b01,14ba561f0e6498786067ed37ba2be703a5a77bbc,887f97a525ae1f835c0ac8fe47a92aa21c68bf645e72c386966527142952f884,53d2f137a1d6b621a5801e5c3a733cc1061ecd242b4de8e2f0fda41aecd02061b2fe47e93aa0232001327fcd3c5d2677fbfdcce5d4528e0aed2de9efb2cdfab8
Lilo & Stitch 2,Disney's Lilo & Stitch 2,Lilo & Stitch 2,Disney's Lilo & Stitch 2,liloandstitch2haemstervielhavoc,Europe,2004-11-12,Climax,Disney,#players:1 #genre:action>platformer>runandgun:puzzle:shooting>rail #embedded:backup>eeprom #save:backup #based:disney #lang:en:fr:de:es,e309212adc8da5280235f8765649858e,8a3c17617c2ee950b43616a3cf9d6279fde21050,b0bec90eb3e3e51b7904cc424c8e0a262bcb837d0d13d32e5bafde5efb4baae4,dea4b6e5c62a9d72f087f8b888506216643936ebadb50080a487d00b94c1ace34870d9079b3c96606279a2dba4c39c5f0ed19db550965a1c9ffb19123893383d
Lilo & Stitch 2: Haemsterviel Havoc,Disney's Lilo & Stitch 2: Haemsterviel Havoc,Lilo & Stitch 2,Disney's Lilo & Stitch 2,liloandstitch2haemstervielhavoc,USA,2004-10-12,Climax,Disney,#players:1 #genre:action>platformer>runandgun:puzzle:shooting>rail #embedded:backup>eeprom #save:backup #based:disney #lang:en,3034c7101bceebdea95300ae9ecd7453,70e0dc5a8dcdf876b5dd87a4c1bbca03b6e30148,c9be397256e0535c515401b0e61a99f15f677d2504ec66e145647f41db55fa55,f8106835a087f575f5b7a277e12c0d521442c63e8eb1ce0d81fb1021ba98f5c7d4aa09d559e5307e82ec8582a45c3e9cf13e8923bc764dbf2f730af4ac00d510
Lizzie McGuire,=,Lizzie McGuire,=,lizziemcguireonthego,Europe,2003-11-21,Digital Eclipse,THQ/Disney,#players:1 #genre:action>platformer:minigames:board:puzzle:quiz #embedded:backup>eeprom #save:backup #based:movie:disney #lang:en:fr:de:es,1de6184d96452bed659bc732915ecb0e,50786b17708d91c05ec3c3058a3a1106f524fae3,bc3016fad89b5210c717f603b9b034350983c1ef251ab5b558af7668fed467e7,8d7de43e1f131f00572d4e4ae4c11da21c2ca782fe0bfda4b89a5ad4c9acfd27b5272d5d7e2dc2462698d880d2a9b09e1b55603235c81f5856ba90718bc814c3
Lizzie McGuire: On the Go!,=,Lizzie McGuire,=,lizziemcguireonthego,USA,2003-10-14,Digital Eclipse,THQ/Disney,#players:1 #genre:action>platformer:minigames:board:puzzle:quiz #embedded:backup>eeprom #save:backup #based:movie:disney #lang:en,d6b12981296a8e3c67796f94e2d7aff3,084add8893bae03836d33a1c7bdede5f12741663,93cfa4114f57be0a0551d268258a4d3f9229d042c3f76ee07ebeeabf52a9178f,f810f4b70b547c35661ad048265739b967377f576a77951afb0c3f24df16a7d5e88dfce08f1bfe24139c36c44932db7d399473aeb147cc4a425caab2e171e2e7
Los Increíbles,=,Los Increíbles,=,theincredibles,Spain,2004-11-05,Helixe/Factor 5,THQ,#players:1 #genre:brawler #save:password #based:movie:disney #lang:es,eddb8663171073186d122638d4b27f82,c87047934ae328f52ef6b01083a57c65cbbab514,cbc2148623093eb9ec24926197dae7e8ad652dd897f71e1f8421799d321187d0,5091d60fc8731da55b1a08bc2abd131b19ecbd2c4d100e2677e47cd4386a363c18eac61c64690fdea6955491b094e430563b254317b2e11c67fc188eb7e72f65
Madagascar,DreamWorks: Madagascar,Madagascar,Madagascar,madagascar,United Kingdom/Ireland,2005-06-30,Vicarious Visions,Activision,#players:1 #genre:action>platformer #embedded:backup>eeprom #save:backup #based:movie #lang:en,11e59f830fec5702011173cac6c9c7d9,30e85193a92ae6fa4dd1c54ea76d629276789657,d14dee1a7a003d582b1b6bb99d596d76ef10c692896342f0bd2fc16c24861f9c,ce57e2a08e3d5fe0154c6b90aea87967f1be3269ef152b01e6b99047e967d691f0475fed5e26b440eaf87d5644c37464e4218e085a9b78bf3de62e5482336eb6
Madagascar,DreamWorks: Madagascar,Madagascar,Madagascar / Madagáscar,madagascar,France/Germany/Portugal,2005-06-30,Vicarious Visions,Activision,#players:1 #genre:action>platformer #embedded:backup>eeprom #save:backup #based:movie #lang:fr:de:pt,b06f2e981aa7702e7a13602f8e5013d1,e86f17cdb49be8751ee5000e519e02f1e32d733b,dc9fbf6d91bce59eb25aa3203bcfc69965c1624375495df46a169cdc2a0b4c38,061fb24db8ec0efb76b6b590e0bf92d4cccfbb3c74d806516b17a408b7b5d9bcb55523e47cdc770f7724590f0772c287abc2cca8eeebf4315b0069b6e4544b61
Madagascar,DreamWorks: Madagascar,Madagascar,Madagascar,madagascar,Italy,2005-06-30,Vicarious Visions,Activision,#players:1 #genre:action>platformer #embedded:backup>eeprom #save:backup #based:movie #lang:it,8cacc135e731b3b3e268676a8d2fc2fc,2894f85aa51824ffc1a85b9b13b46628bf6f7e4a,b54435757d98eac16ee6d0990bb36d07d1dcaf5a9b21c3f552ecb527e7ec8d8f,4d3b07942f351ba79b699b41365b649d69eab60f959cb3a40405079372c934108db644601d1e6972215794664e202abd0775c58d9afde1e123c4540d4f22a51f
Madagascar,DreamWorks: Madagascar,Madagascar,Madagascar,madagascar,Netherlands,2005-06-30,Vicarious Visions,Activision,#players:1 #genre:action>platformer #embedded:backup>eeprom #save:backup #based:movie #lang:nl,12bfe2b37eb53eec924ca2a697fc9924,fe66e53862eb6c18b2c6831dc646cee50e2aaf70,ec2b35208291538aafc615859938350dfc8856a3d5253913fed01cb14b9a87a2,3c406b425da842686bb7f92153322c65ee9cdc7ed82bb8c0ec21ff0f057accfd18b4414f89e360df235801f9f502989de9adc3abc93bb16123119a319d0eb460
Madagascar,DreamWorks: Madagascar,Madagascar,Madagascar,madagascar,Spain,2005-06-30,Vicarious Visions,Activision,#players:1 #genre:action>platformer #embedded:backup>eeprom #save:backup #based:movie #lang:es,aa99d027561a92eb5a5af4e48f6e560c,b7eb23d81889849ee8dc74bd64341b4633e16648,c907d6cd6c6d62d3db9501751623bb9e7f0b886904cf8825dbcdf9f1fc7483c0,0bdc926d920121cec2adf98f45236f40478ccd9049e6553fbfa21b8e2e46bf37a8a6dd8417ceba10053f75c8bf3d81feb717b47e621e744970c38a98f18dd912
Madagascar,DreamWorks: Madagascar,Madagascar,Madagascar,madagascar,USA,2005-08-23,Vicarious Visions,Activision,#players:1 #genre:action>platformer #embedded:backup>eeprom #save:backup #based:movie #lang:en,97af9c00a5718832b7e5e46f9e434820,3f1e8c5ecea68cf812acffa4670f0f30266c5952,91ad85e8582f3a78f93f9d24567ca8e28e2b1bbfadf3246111e232b50e3f94e6,78462ad846130eef12492c3668e050688dc8243902dcff8ec8f2c13fa78cf2aa0124282858b77e5a72fdaea0afdab8199482ced8d4b8fb720cc00d46d1dca499
Madagascar,DreamWorks マダガスカル,Madagascar,マダガスカル,madagascar,Japan,2005-08-11,Vicarious Visions,Bandai,#players:1 #genre:action>platformer #embedded:backup>eeprom #save:backup #based:movie #lang:ja,1070a9c7392722b1224f6da39096598e,6cdb13f057a3c1445c0fcc4d7b362580b1ef9ad6,ee89d36e50be4099a1c2f49d653c5ecdd19f5700456c064452a3300b796b928f,d9996c99be6682da1aa27d94fc29978ae0aff9f39adea51cceb991354823b9b2373c7106fd79ea6ecced4d9c41ee883e7e42bdc1f455273eb1b18ab27e434ba2
Madagascar: Operacion Pingüino,DreamWorks: Madagascar: Operacion Pingüino,Madagascar: Operacion Pingüino,=,madagascaroperationpenguin,Spain,2005-10-28,Vicarious Visions,Activision,#players:1 #genre:action>platformer #embedded:backup>eeprom #save:backup #based:movie #lang:es,85b9ee894ac4a5d21f3f9dd473edebdc,3b9f93d67020fa5cffccc23d10d02c7a0b99fa7d,1429f7d9993761e7db3a073e1640e4d5c53562996c758df6b68fd75a65a0b4b2,756be3c34ef6273f8b34514947692fbb73568429d709457024b1b1d7e30716d28c9bd14f3d92a7a832bd07928e664aade86e9d5926bb04946219c884bf3810dd
Madagascar: Operation Penguin,DreamWorks: Madagascar: Operation Penguin,Madagascar: Operation Penguin,=,madagascaroperationpenguin,United Kingdom/Ireland,2005-10-28,Vicarious Visions,Activision,#players:1 #genre:action>platformer #embedded:backup>eeprom #save:backup #based:movie #lang:en,9cc7dcf1d0f07687abeec84995c226b2,f33187bbc0187dd3bdbaaec6f88380bf2f107ab2,04c51b3c15e5412667753f8a86104d42a0ed60cc9f794885dfacea719b053e20,1b17695686770186eb691317c264860741a25bac3c79e6e02bb8cc40908df7b0486a6e3270e6deab2a1a2cba3f5bd08fc831bdfb6abb750d1e4c48ec09eae7b0
Madagascar: Operation Pingouins,DreamWorks: Madagascar: Operation Pingouins,Madagascar: Operation Pingouins,Madagascar: Operation Pingouins / Madagascar: Operation Pinguin,madagascaroperationpenguin,France,2005-10-28,Vicarious Visions,Activision,#players:1 #genre:action>platformer #embedded:backup>eeprom #save:backup #based:movie #lang:fr:de,2da2e4acdc19c3fcc3e66f8f4cfd3606,faca3026cbd32eddc8b9f2fac1a40d9ca248a065,f410c3b3273220f784b8cca192b51d7590bd87e2d409d0c83d4af0c7b7b5d11d,b4af7778046921bbca6f83038f6c8c0d9fe315ac126b9b59ae1754ae121f5ce53e76ecd9738342d1fb9987478b71b4fa25df1c56845e8fc9045ba6b97ed7e0d7
Madagascar: Operation Pinguin,DreamWorks: Madagascar: Operation Pinguin,Madagascar: Operation Pinguin,Madagascar: Operation Pingouins / Madagascar: Operation Pinguin,madagascaroperationpenguin,Germany,2005-10-28,Vicarious Visions,Activision,#players:1 #genre:action>platformer #embedded:backup>eeprom #save:backup #based:movie #reboxed #lang:fr:de,2da2e4acdc19c3fcc3e66f8f4cfd3606,faca3026cbd32eddc8b9f2fac1a40d9ca248a065,f410c3b3273220f784b8cca192b51d7590bd87e2d409d0c83d4af0c7b7b5d11d,b4af7778046921bbca6f83038f6c8c0d9fe315ac126b9b59ae1754ae121f5ce53e76ecd9738342d1fb9987478b71b4fa25df1c56845e8fc9045ba6b97ed7e0d7
Madagascar: Operazione Pinguino,DreamWorks: Madagascar: Operazione Pinguino,Madagascar: Operazione Pinguino,Madagascar: Operazione Pinguino / Madagascar: Operatie Pinguin,madagascaroperationpenguin,Italy,2005-10-28,Vicarious Visions,Activision,#players:1 #genre:action>platformer #embedded:backup>eeprom #save:backup #based:movie #lang:it:nl,b038a9370b9a3924d38faa4eae6254d3,f360b9f2217e3e1739d6591eb33cc730c2879474,c480bc5a14f0a82d672af5f571ba62915724dcfa147316734a4373a369bc9927,5967b2b4af5fee417baff19943855e6fd0cf6a61512f18f9e77be9345f2721b75338bfcef1a2d1b927612366e871d45038557bf89ca2d28b74377eceec3a523f
Madagascar: Operatie Pinguin,DreamWorks: Madagascar: Operatie Pinguin,Madagascar: Operatie Pinguin,Madagascar: Operazione Pinguino / Madagascar: Operatie Pinguin,madagascaroperationpenguin,Netherlands,2005-10-28,Vicarious Visions,Activision,#players:1 #genre:action>platformer #embedded:backup>eeprom #save:backup #based:movie #reboxed #lang:it:nl,b038a9370b9a3924d38faa4eae6254d3,f360b9f2217e3e1739d6591eb33cc730c2879474,c480bc5a14f0a82d672af5f571ba62915724dcfa147316734a4373a369bc9927,5967b2b4af5fee417baff19943855e6fd0cf6a61512f18f9e77be9345f2721b75338bfcef1a2d1b927612366e871d45038557bf89ca2d28b74377eceec3a523f
Madagascar: Operation Penguin,=,Madagascar: Operation Penguin,=,madagascaroperationpenguin,USA,2005-11-07,Vicarious Visions,Activision,#players:1 #genre:action>platformer #embedded:backup>eeprom #save:backup #based:movie #lang:en,87da43aaad7b9fd2b8af57e8e3c71283,d9c26b324fe29729b76c028e194dc97adf5bccaa,b0cece80fc4620bf669fe60b323e47b8be2a2c8daab674723bbdb672e9d5fddf,374a430573105a2167bc35c7d4255ee2657852a89a7d8f288ed4df59f0b8866ae8eee57792e495eb964c07a5597ad3dff9dd352d2e7a177ee59cf695d41ea821
Marble Madness / Klax,=,Marble Madness / Klax,=,marblemadnessklax,Europe,2005-09-16,Frame Studios,Zoo,#players:1 #genre:action:puzzle>drop #port:arcade #compilation:marblemadness:klax #lang:en:fr:de:es:it,3c4895800d08531f190aaba0f92c6fca,4579c288827df5f4bca8cbef37be21aef42a04ce,94c0189741932102055563cec616fb5ae8c242298218d5c6635306eb7486f008,a2f91871e971940e7a31122cc54e8144b8aab87a147d5f7539821870a6a35e7f88953b0b482ec2af12270c1c8ec70eb938f14dbc9c7ed1cf032407ecefe4f6e7
Marble Madness / Klax,=,Marble Madness / Klax,=,marblemadnessklax,USA,2005-08-16,Frame Studios,DSI,#players:1 #genre:action:puzzle>drop #port:arcade #compilation:marblemadness:klax #lang:en,a2f94ded0e81af7cdb36e675e09a60ec,c01ae66e778a89515b408c6162ec0fd63f1bde1e,2935a8e054d3c9f0c35dc42f801a956410f1500f1c5e9727cec4af300646fe4f,a8fac5fee3b215d1a33f418ee866ba05fd34526ec3debb6d9fee2176dc652573d1c574eea18443c73584cd23ffd40e436df2d019bd4bc57aeeb6ea99931e8955
Megaman: Battle Network,=,Megaman: Battle Network,=,battlenetworkrockmanexe,Europe,2001-11-30,CAPCOM,CAPCOM,#players:1 #genre:rpg>j #addon:link>gbalinkcable #embedded:backup>battery #save:backup #lang:en,62e32a9ccf6c31850041555cb8151440,b017b6054ffafc012be9adee785819b17706cabc,b8ddb8e0b334c944c5fef82db8733911780764f7c12fb3e24cb1b32a018f7eb1,86a3dd1d8a3f4266b8c45ff96a1ec3ca47533f9e636e0bb3fa11259b5015ab011d1890d066a5658b0231b5ff1280d6f5f08efff940342a733115aa377d0e6bbc
Megaman: Battle Network,=,Megaman: Battle Network,=,battlenetworkrockmanexe,Europe,2014-07-24,CAPCOM,CAPCOM,#players:1 #genre:rpg>j #addon:link>gbalinkcable #embedded:backup>battery #save:backup #lang:en #rerelease:virtualconsole>wiiu,fd80c3ad287ca570ce26c425237d1902,0dcbc43d5d50401c0eab8bb5989055523ce90b10,40387bab28c2dfa3e4826ae6aa4677980d23f50d94c9be9171800108203e1ec3,d3d2021bde7ec2cebbb2ae5d1861ee5c4ba1e1399f0371db3de1943e449f0da63ef733751e90a1b7e8ef4978a1f148798229eea0ca502649f1c9cbfba986f493
Megaman: Battle Network,=,Megaman: Battle Network,=,battlenetworkrockmanexe,USA,2001-10-30,CAPCOM,CAPCOM,#players:1 #genre:rpg>j #addon:link>gbalinkcable #embedded:backup>battery #save:backup #lang:en,9ff40cf640575211202b7bda5487abbb,a4fbae389654a6611d0597b1e9109cbbd32a132f,87bc7257f2f9ed0acc9f4874177e474e3d339d1e23a0b621d2d8edd73c1a09ed,aa2dd6cea80ea1dfecb5c17293a2b2db5b2b2bdf3d2e0b8e610d1b0c3b22b6e35cf23562c76b2d0a25cf47f96a395702e6ef7885bf7ae7ecdc948328f217aaa5
Megaman: Battle Network,=,Megaman: Battle Network,=,battlenetworkrockmanexe,USA,2014-07-31,CAPCOM,CAPCOM,#players:1 #genre:rpg>j #addon:link>gbalinkcable #embedded:backup>battery #save:backup #lang:en #rerelease:virtualconsole>wiiu,dbe975f9dd8b09d76c73a6d18bdaa6fc,a371765e107c30dc4ac37c2f114a785305f47a4c,0f1b800b023802b79fc29cc36fd38178723dc59152e536f4a8629e14d811982c,687bea96f7d2725a98cee982e612f47dc40f8b8f17ffa09b6267958c33afe1ed4e36e8abb421b8bbfffd828a514e0386553d4d78d64fcfc9eac1b541c392c5c3
Megaman: Battle Network 2,=,Megaman: Battle Network 2,=,battlenetworkrockmanexe2,Europe,2002-10-18,CAPCOM,CAPCOM,#players:1 #genre:rpg>j #addon:link>gbalinkcable #embedded:backup>battery #save:backup #lang:en,833e55b181ac9b4da56b6341c1f4e09a,13d8c1978cbcd9ca2a127168544fda176e0a4d6c,6cb9f05a4c9bb2513eaaf8e506234db34a8413e16b7c204bf96e19cbb5f42052,b23030217702cb6657280e95c227282affb7542ff6d04a90916a9bfd32e78b9b884548eb7233d44522f7f8b5baeb116a338bc3b400f971c0afb6530329838539
Megaman: Battle Network 2,=,Megaman: Battle Network 2,=,battlenetworkrockmanexe2,USA,2002-06-17,CAPCOM,CAPCOM,#players:1 #genre:rpg>j #addon:link>gbalinkcable #embedded:backup>battery #save:backup #lang:en,39f8a42133df444eeb7bf0b2194d6286,601b5012f77001d2c5c11b31304afafc45a70d0b,61a8324c5179f0f8f6b0078aaa1237ea7ac0b3c5a8370c5ba8136c513a22cf2d,9988feb61ef692181497af14bc9ff464440e2c4b67934e8149fa67ff6bfc8f969cd0e0f397d51959ae805025d0c7ed3efbf806151ed7476922defc642c8b18ad
Megaman: Battle Network 2,=,Megaman: Battle Network 2,=,battlenetworkrockmanexe2,USA,2001-10-16,CAPCOM,CAPCOM,#players:1 #genre:rpg>j #addon:link>gbalinkcable #embedded:backup>battery #save:backup #lang:en #unfinished:debug,62f96deebe82b3b3fddf29f0d433b006,d8968ac6c33f376d8f6ce6205b53756434a8d2ac,075a077baa4e1810a2b018a1bf956e0bf8a7890b5c2caffe7a41ca59dad80f06,e11ee898df22f2529c2e308ac5360e899c6e3cb8b5feba47b6f25de17036dd7ef7e878c7df6cbd72ebf7b26929a4f5b41e4d75a51988e179d6915fe6b53190fd
Megaman: Battle Network 2,=,Megaman: Battle Network 2,=,battlenetworkrockmanexe2,USA/Europe,2015-01-08,CAPCOM,CAPCOM,#players:1 #genre:rpg>j #addon:link>gbalinkcable #embedded:backup>battery #save:backup #lang:en #rerelease:virtualconsole>wiiu,54d7f45ef822d7485b623d46a636f2e7,d6b574203cc393f292a9825fcec64e72b3b2a11b,c6636d7f9f2c3c596cc3daff7b77876daea34edd75587d95271dbf899723e9a2,f16e68f9ff1d3e3ff9fc67f780f80341a575c0a680d5c532acd168534e2fcb12876b22be289ba32c82be14b1eb4bf27fec835d2013cf44c472e24a14dc792990
Megaman: Battle Network 3: Blue Version,=,Megaman: Battle Network 3: Blue Version,=,battlenetworkrockmanexe3black,Europe,2003-07-04,CAPCOM,CAPCOM,#players:1 #genre:rpg>j #addon:link>gbalinkcable #embedded:backup>flashram #save:backup #lang:en,c1f7ade0ebce39a97c6efcad33661e20,9cb052728cae18864a012e7598119ca7b93eea67,bf186db7a1fbb57dcecd90a078ede5b9d7f25f9cdb92c098de7ba01c2cae53db,f8756f9385c9e69e25bb0a24a0c9fc3b3c5c2f83061be3eb47da7c456b0e1c605bb4ae8e162b56e9e911c6fbb89dc7de75282943ff52396e6ca5ec88972bccc2
Megaman: Battle Network 3: Blue Version,=,Megaman: Battle Network 3: Blue Version,=,battlenetworkrockmanexe3black,Europe,2015-06-11,CAPCOM,CAPCOM,#players:1 #genre:rpg>j #addon:link>gbalinkcable #embedded:backup>flashram #save:backup #lang:en #rerelease:virtualconsole>wiiu,e23c4d809417568bcbfb93172609c77e,a9fe51d3ffd7488739821b895b45cf91c10a3108,85777b39e8230751cf2f9410fbbe3ae1ff9174eee3eb8f0a21d1291e3cca4174,9a04ee620a24114879ab457202cebfe7d581619b9c34e7821a8b0803ba3095e93b1836583a739a2f70af0dc0902864e34d4296a4f2976c7d2bc1c32b7f49570d
Megaman: Battle Network 3: Blue Version,=,Megaman: Battle Network 3: Blue Version,=,battlenetworkrockmanexe3black,USA,2003-06-24,CAPCOM,CAPCOM,#players:1 #genre:rpg>j #addon:link>gbalinkcable #embedded:backup>flashram #save:backup #lang:en,6fe31df0144759b34ad666badaacc442,3d21905b6e860d39a00ba643779776de4c73c411,8c6767788f99dc9e2af0c9d75513b227c7c42d6d452d6165c8e08850af78e273,48b1ea245c43e24bb178e76b7723b3916890ff0fecef6d63835439b2cb8ee91816859f3f4a8745270c683473b6497d4ad4ef0f61ed8f141d8275c0d2bdb6a887
Megaman: Battle Network 3: Blue Version,=,Megaman: Battle Network 3: Blue Version,=,battlenetworkrockmanexe3black,USA,2015-05-14,CAPCOM,CAPCOM,#players:1 #genre:rpg>j #addon:link>gbalinkcable #embedded:backup>flashram #save:backup #lang:en #rerelease:virtualconsole>wiiu,41fabd164c0e4102c0187329e9f52c5c,6e30310f3994803e56170f6d67c5f154a5d91ccb,02445bd41cb415c6d0706bd66722f6f2687e0e2227451e5683f3da9f6b17716d,ba58ec2f0c7bfa481ddc4238d2f375c6f1a433ed8feccdee21aaae19e61917c96c173937dba298dc05caa81de00e4773b307dbc57b50a3cc3a5d3cd13e4eae32
Megaman: Battle Network 3: White Version,=,Megaman: Battle Network 3: White Version,=,battlenetworkrockmanexe3,Europe,2003-07-04,CAPCOM,CAPCOM,#players:1 #genre:rpg>j #addon:link>gbalinkcable #embedded:backup>flashram #save:backup #lang:en,dea8cb17074798c5123422836024d4c8,2942a890c369569e163a60f831150305ca0828fc,c4e7f1e35d83e261cd9d58a1c20a634d76610eadae58400baa03b68f2c1c46b3,0babce55c7ea540770aa6f3853b1e01ef2e1e15393ebc6df803262299fd30621da8cd33e07e0a1bbaa93d4ebe346dcb9477aa4f42aff7ce64dfd3b711b10bbce
Megaman: Battle Network 3: White Version,=,Megaman: Battle Network 3: White Version,=,battlenetworkrockmanexe3,Europe,2015-06-11,CAPCOM,CAPCOM,#players:1 #genre:rpg>j #addon:link>gbalinkcable #embedded:backup>flashram #save:backup #lang:en #rerelease:virtualconsole>wiiu,5d9223837dc976e6756616324c5cd2cb,e0bd967c2296ca5a515e8b6231d4959336c1278d,ef8c0b8f62de759908643d5b6f27be3ca256fa9ee6ec2d9994cf55bc13cb787a,6d4de25ac8a0b135c930764c50dd7257cf93dcc1398a340fa0f149033e0ea95646919453318ca040ad4cfecaa56e6e6b098d7b2dcb57c7a2d20cc725eb438e83
Megaman: Battle Network 3: White Version,=,Megaman: Battle Network 3: White Version,=,battlenetworkrockmanexe3,USA,2003-06-24,CAPCOM,CAPCOM,#players:1 #genre:rpg>j #addon:link>gbalinkcable #embedded:backup>flashram #save:backup #lang:en,68817204a691449e655cba739dbb0165,ff45038ae6d01cde4eae25a02dcb8bed29e07a6f,a161aa80e9ee7e07e85bda5d1c93ad3d1415e35aee88380fe117997ebaf6c1c2,af2c2d2190f91df3e171e612eefc7b54dba25330855e08a68e1fc9d05ba1c433972cdb15d9df84d46161f2f9143e66f0fa2964d6f4dfe76d56a7e5dcc44f4af9
Megaman: Battle Network 3: White Version,=,Megaman: Battle Network 3: White Version,=,battlenetworkrockmanexe3,USA,2015-05-14,CAPCOM,CAPCOM,#players:1 #genre:rpg>j #addon:link>gbalinkcable #embedded:backup>flashram #save:backup #lang:en #rerelease:virtualconsole>wiiu,3bb6b3f488281c23460a717b71faa366,1f0762b7c817211e855f4f50c2b11585d0893be9,0b587fd44dcdbbc74af5ed06fce1b34d203d3ae6380436987eaca13694964d6f,abd17e38dea1597f4950510890eed900344096e716959f8063c7d76486aed95bbcc322305331198e688715e18a582b98c03e2fb2b7712fdd37a9265b73e5bca1
Monster Trucks,=,Monster Trucks,=,monstertrucks,USA,2004-11-16,Skyworks,Majesco,#players:1 #genre:racing #lang:en,4f69da882dd1b399cc9dda3b4681fec7,556c74e4676ff53bf3a31e0e6c3b08009bba8581,df68636dfb5ead8d044414aabeb82f60931645536e20db51869bf3e4c5cd0595,05418efc83efcd8299b1b418bee07c9592f2a612cf92144843bc156fdee1c3b837cd1b75765f5e4756bd4d4b54406a3d5e7dd689aa5105c5c8e57bbfa151e1fe
Monster Trucks,=,Monster Trucks,=,monstertrucks,Europe,2004-11-16,Skyworks,Majesco,#players:1 #genre:racing #lang:en,4f69da882dd1b399cc9dda3b4681fec7,556c74e4676ff53bf3a31e0e6c3b08009bba8581,df68636dfb5ead8d044414aabeb82f60931645536e20db51869bf3e4c5cd0595,05418efc83efcd8299b1b418bee07c9592f2a612cf92144843bc156fdee1c3b837cd1b75765f5e4756bd4d4b54406a3d5e7dd689aa5105c5c8e57bbfa151e1fe
Monstruos‚ S.A.,Disney・Pixar: Monstruos‚ S.A.,Monstruos‚ S.A.,Disney・Pixar: Monsters‚ Inc. / Monsters en Co. / Monstruos‚ S.A.,monstersincgba,Spain,2002-02-01,Natsume,THQ,#players:1 #genre:action:adventure #save:password #based:movie:disney #lang:en:nl:es,d3bc617082a50dcfa360c10f6ec5f845,36645b8de074f0b27dbe61528e70ae3af28fb3b9,80f530dc6ec5c58a0a7e25bd689d4d353d78d3ae848d5c40cb770f52bfb3b9f4,91e3593b9d5f4ff04f4f84d4fbec8b0af81041e55bb13c20d6ec78bfd5d94283d6103747b5186b3443a713e5826ecc1429a70a73f86eb895a6b977bc845c09c7
Monsters en Co.,Disney・Pixar: Monsters en Co.,Monsters en Co.,Disney・Pixar: Monsters‚ Inc. / Monsters en Co. / Monstruos‚ S.A.,monstersincgba,Netherlands,2002-02-01,Natsume,THQ,#players:1 #genre:action:adventure #save:password #based:movie:disney #reboxed #lang:en:nl:es,d3bc617082a50dcfa360c10f6ec5f845,36645b8de074f0b27dbe61528e70ae3af28fb3b9,80f530dc6ec5c58a0a7e25bd689d4d353d78d3ae848d5c40cb770f52bfb3b9f4,91e3593b9d5f4ff04f4f84d4fbec8b0af81041e55bb13c20d6ec78bfd5d94283d6103747b5186b3443a713e5826ecc1429a70a73f86eb895a6b977bc845c09c7
Monsters & Co.,Disney・Pixar: Monsters & Co.,Monsters & Co.,Disney・Pixar: Monsters‚ Inc. / Monsters & Co. / Monstres & Cie,monstersincgba,Italy,2002-02-01,Natsume,THQ,#players:1 #genre:action:adventure #save:password #based:movie:disney #lang:en:it:fr,03e0114f2ed087104a007594d36f70df,7d77f57a86858e23cdf23bb383dd5f486b116a84,2c834adfbf7e4195cf95ef5e0f79a26b4a080f05c8b6b254d1c84b861e1b818b,22712ea7cfcaa63a0396e0c57d80438d85c6575029e10aef5a776f7bb3a8fa39de32dfd50cc98fc18be683a14a9e30ab52e8bd1ab72bbda57dc90f82f507c32f
Monstres & Cie,Disney・Pixar: Monstres & Cie,Monstres & Cie,Disney・Pixar: Monsters‚ Inc. / Monsters & Co. / Monstres & Cie,monstersincgba,France,2002-02-01,Natsume,THQ,#players:1 #genre:action:adventure #save:password #based:movie:disney #reboxed #lang:en:it:fr,03e0114f2ed087104a007594d36f70df,7d77f57a86858e23cdf23bb383dd5f486b116a84,2c834adfbf7e4195cf95ef5e0f79a26b4a080f05c8b6b254d1c84b861e1b818b,22712ea7cfcaa63a0396e0c57d80438d85c6575029e10aef5a776f7bb3a8fa39de32dfd50cc98fc18be683a14a9e30ab52e8bd1ab72bbda57dc90f82f507c32f
Monsters‚ Inc.,Disney・Pixar モンスターズ・インク,Monsters‚ Inc.,Disney・Pixar モンスターズ・インク,monstersincgba,Japan,2002-03-01,Natsume,Tomy,#players:1 #genre:action:adventure #save:password #based:movie:disney #lang:ja,d94b4031b5f5b39281075ae4e0ea76d6,ebbbeef38470f12e3735d2b6661f168b1328e10a,69b2606b982e5e65657ad59951bf0cd1c977622e5f2a1635ceb1c93dd68436a9,b3bbef67b29b91c5e371216478cc4df78390a0ca085aa5d4f1564e7b548590e7e8f0d144bca3bc06d6452e6fc3bfe1316819c4f3830b5bbb23f28b9c35601a47
Monsters‚ Inc.,Disney・Pixar: Monsters‚ Inc.,Monsters‚ Inc.,Disney・Pixar: Monsters‚ Inc.,monstersincgba,USA,2001-10-19,Natsume,THQ,#players:1 #genre:action:adventure #save:password #based:movie:disney #lang:en,3e4a2e644d21654e1e5c68baa9115df9,21a12d54cc709eb54e6c81a3d1b9b6e7d6cf51ef,cfae1622ea6bc88bbcf09be2851b9370032b62090d2443f20111c12ba7241e78,003b2c4db3acb578699717ba2aae0d16ffaccf52d600149c21432fe85bb48127119a58449eac238c951474c3719a8c4e176303aabc7262b01c2f05be45ef39bc
Monsters‚ Inc.,Disney・Pixar: Monsters‚ Inc.,Monsters‚ Inc.,Disney・Pixar: Monsters‚ Inc.,monstersincgba,United Kingdom/Ireland,2002-02-01,Natsume,THQ,#players:1 #genre:action:adventure #save:password #based:movie:disney #lang:en,3e4a2e644d21654e1e5c68baa9115df9,21a12d54cc709eb54e6c81a3d1b9b6e7d6cf51ef,cfae1622ea6bc88bbcf09be2851b9370032b62090d2443f20111c12ba7241e78,003b2c4db3acb578699717ba2aae0d16ffaccf52d600149c21432fe85bb48127119a58449eac238c951474c3719a8c4e176303aabc7262b01c2f05be45ef39bc
MotoGP,=,MotoGP,=,motogpgba,Europe,2002-02-15,Visual Impact,THQ,#players:4:vs #genre:racing:sports>motogp #addon:link>gbalinkcable #save:password #search:keyword>official #lang:en:fr:de:es:it,fc221b4371061c27cbf6a8b08db82543,1ce76ab502735849c8e8c1db76422b1a62277342,8feb863ad814d97bae246e9fbc7c3eb5b4b1b9f19eae3a2f30514f65dbbfcf23,a6f3f544deab174ff1dbeff171d887ea1f0be82b0c795ee8c69ff6d52f47ae0da73b8b95c69727c9e99723a8bbb07a9ff1f5b10f9c28cc93dfae60e5cc8abcd3
MotoGP,=,MotoGP,=,motogpgba,Europe,2002,Visual Impact,THQ,#players:4:vs #genre:racing:sports>motogp #addon:link>gbalinkcable #save:password #search:keyword>official #lang:en #unfinished:beta,98711bc267ca910024398a1f8c078160,25554ecf8c3b534e0a70c6d4e402fa8f721da7d8,fb25dd5ab069d74754243806809f8ad135038b53cbb75fe5d5a8e60d95b1b3b6,32772c1a77b28e03e5b4e2f50622364f17a37787eff732018b0c6e13acc8364202d7c6f372608a57bd041e6db7cfb376798409dbe34ef3763a1016ba09668d9a
MotoGP,MotoGP モト　ジーピー,MotoGP,=,motogpgba,Japan,2002-10-25,Visual Impact,M²TO,#players:4:vs #genre:racing:sports>motogp #addon:link>gbalinkcable #embedded:backup>eeprom #save:backup #search:keyword>official #lang:en,c436d71315c3ccc51c9289c74129fe2d,4c6398d2bcf8b312b6e1bdaa72b31360a80c7ea1,2fa333d2fd4f9f0252af3b992dc2bdeb779bdc96a5b4d1a2f1c453ad40a6a3d3,c09ca71254e17c37d25f1476ad38c8e0e73a23b11b50017ca2109b816b2cb89af9564c7769147508798f4d3ee1f22eb6a73ba77173617a64e700aa247cfcdc77
MotoGP,=,MotoGP,=,motogpgba,USA,2002-03-08,Visual Impact,THQ,#players:4:vs #genre:racing:sports>motogp #addon:link>gbalinkcable #save:password #search:keyword>official #lang:en:fr:de:es:it,be8e21f13e5b27d49ed097605c42f49b,a543f59aec1218e4514f7e859a587506304ab090,7e60a6adeb034b785f1d88ff1bf91f8f2f6f63a6ee34e26927d9f9b89fbeafc4,83b90a1952c7ff2cf803c982d22d93940cc77f82fece8de6f0531c7e905724cb2bd4849d0ee8557c90bdcdffbda5732fb675be107d98f830b3800b3ad6a26ac4
Mr. Incredible,Mr. ミスター　インクレディブル,Mr. Incredible,Mr. ミスター　インクレディブル,theincredibles,Japan,2004-12-02,Helixe/Factor 5,D3Publisher,#players:1 #genre:brawler #save:password #based:movie:disney #lang:ja,e5a317d1c71261baac40bbfb29453082,6289a54c3968bf7e1ae715bc7624803d2ba9f5fe,d195ed7e2122015937adfef9f767cf8f8d34edc62dab7c0635f37596fb26be73,0d847aed8ff1ec1c52eba7cf5cc6e5f974ef777742602c6a0bfe09ef074a0dc6b99da4ded54182033296f5fb59f1e6baa1d035fc9a2532d831655b31e7b2a210
Ms. Pac-Man: Maze Madness,=,Ms. Pac-Man: Maze Madness,=,mspacmanmazemadness,Europe,2004-11-19,Full Fat,Zoo,#players:4:vs #genre:action>maze:puzzle #addon:link>gbalinkcable #embedded:backup>eeprom #save:backup #port:sony>playstation #lang:en:fr:de:es:it,2330d9d78363285a7a59a844cfe4e506,042ebfa7a5ce645c22099a276c8c6e0d2f6a1a77,4c22a6539d5c5fed85d5fef170f4784d5fa64cff6e66c0fe76317b6dafd513bd,4b01ac838f5a07c64d4e4f2d1fbfb4db16f74fa6214e8af034ce7c10ad2f7a3e23e47513038e18bc84cff660f026b41771d03d47c7e77e7f1d6d743020ce2fe8
Ms. Pac-Man: Maze Madness,=,Ms. Pac-Man: Maze Madness,=,mspacmanmazemadness,USA,2004-11-03,Full Fat,NAMCO/DSI,#players:4:vs #genre:action>maze:puzzle #addon:link>gbalinkcable #embedded:backup>eeprom #save:backup #port:sony>playstation #lang:en,279af1b9d55efdcea19593a42f8ce23d,1c28602604e760fffc09cb84db6377a9b148d103,4b10ce1f8775f02604dfd020ac564d8b0cc2e0d867c4c8dcc5a0cf5a34e8a7dc,f38bcfe4cd9911cb5e5c9e87c787c3bcd895c74df729073f16b9d62b7cee43308713d089454728d60dd41715269051c25558e425817efda6feb64617194a1298
Ms. Pac-Man: Maze Madness / Pac-Man World,=,Ms. Pac-Man: Maze Madness / Pac-Man World,=,mspacmanmazemadnesspacmanworld,Europe,2005-10-06,FullFat,Zoo,#players:4:vs #genre:action>platformer>maze:puzzle #addon:link>gbalinkcable #embedded:backup>eeprom #save:backup #search:feature>pacman #port:sony>playstation #compilation:mspacmanmazemadness:pacmanworld #lang:en:fr:de:es:it,db8327ce52ef65ebd4d0629b5febe178,224b3fa5083268ddd75983207d060eac6a93b62b,c9d9c513071045e062257344f5cfe16e610cf183e38fd6098128c706f876d776,7b7322d78e3a7e1fbe10a3ebcfcdabcc9bfa32bc8efe9129d650528f2e26cb8a70e4cc8ea4ce0e1ccceac339a4b274678c77c661d36befe0e7da7e760aea52b1
Ms. Pac-Man: Maze Madness / Pac-Man World,=,Ms. Pac-Man: Maze Madness / Pac-Man World,=,mspacmanmazemadnesspacmanworld,USA,2005-10,FullFat,NAMCO/DSI,#players:4:vs #genre:action>platformer>maze:puzzle #addon:link>gbalinkcable #embedded:backup>eeprom #save:backup #search:feature>pacman #port:sony>playstation #compilation:mspacmanmazemadness:pacmanworld #lang:en,e42d386ba4691e3608d45fb6dc47996e,f945b8f6a9900241e86d84431f683db37671a8ae,b772bb8a7f950af6018117164710d5b8ff06e9b58fedc039d477c3c8246c72c9,edb088bba81b1b35240d41a85bc0d99132d2eed68d22375d2e5a099255994f79d7fd3085b6f6bfbba1f70d9c22dc81736b7939c7e953a1871efe936430ad97d4
NES Classics: Dr. Mario,=,Dr. Mario,=,drmario,Europe,2005-01-07,Nintendo,Nintendo,#players:2:vs #genre:puzzle>drop #addon:link>gbalinkcable>wirelessadapter #embedded:backup>eeprom #save:backup #search:feature>mario #port:nintendo>famicom #lang:en,b63010010c4ad6877209b5cc41d368f2,fc396f0eae55cf19e573aa322f525427e03d3854,0c8e7923a5fbb99f1d8367ba96cf61cd09df4ebebe716bc2871de4bc4a934fe9,b068c4e315dc0e69ac2ec28dcbea6ddcd0e1792cd3dbd4b5b2461de2365952f9cc5a1f6ce77165281cace48b2703c69a303c3b0fa61a01c864b711784351e456
Nicktoons: Freeze Frame Frenzy,=,Nicktoons: Freeze Frame Frenzy,=,nicktoonsfreezeframefrenzy,USA,2004-09-20,Altron,THQ,#players:1 #genre:action:adventure #embedded:backup>eeprom #save:backup #based #lang:en,7a710c9d170d28397cf36002cce4734d,a200cdaf66606bd724ce7073fd7990ea3fe6bcdd,88034aa978153ace301d7026408a8cc2200e9b2a247b2fa70d6314fbfd00ba39,40f095b15c3e1dfb3e27385531661e8f47edb90ebc0ae72cff6e6c0fdf0b6bc6dfcf8fafd1f75de0f89e15aeb85566969cee0c63e396cdc05414427bb85a5737
Nos Voisins‚ les Hommes,DreamWorks: Nos Voisins‚ les Hommes,Nos Voisins‚ les Hommes,DreamWorks: Nos Voisins‚ les Hommes,overthehedge,France,2006-06-23,Vicarious Visions,Activision,#players:1 #genre:action:adventure #embedded:backup>eeprom #save:backup #based:movie #lang:fr,6ac288a44178e8061005f00fe2e564bc,2749295d164b75162bbf1d0823ecc1c659182751,c887a650326218e577bccae1629ef4c7008c3d7a12b79c11cb26f5b57b68b591,1291eb7351c2aa4d69f401aa4aeadc541751dd03700605d3b9d41ff53569410d87c17bf2c32e5195c91b1a0d8c4a3434318f20c56efd8e2c992a124a4de25e11
Over the Hedge,DreamWorks: Over the Hedge,Over the Hedge,DreamWorks: Over the Hedge,overthehedge,Europe,2006-06-23,Vicarious Visions,Activision,#players:1 #genre:action:adventure #embedded:backup>eeprom #save:backup #based:movie #lang:en,0f7f9dc0c967029f8686ece3b9385c71,1bf3f24207969d83c93a0bfe0293f83b07ef94f4,c2da80da1beeb06798076447879fba2c839e084224efab0bc5f49e7d53e87556,6ab9855b1da52370d4bb792058915069f092300a24180c994a490fb6601aaa0aae0aa5c988503fdde82b9397e69b2b968a9ebaf2a23614d9d562e30979b5ae14
Pular a Cerca,DreamWorks: Pular a Cerca,Over the Hedge,DreamWorks: Over the Hedge,overthehedge,Portugal,2006-06-23,Vicarious Visions,Activision,#players:1 #genre:action:adventure #embedded:backup>eeprom #save:backup #based:movie #reboxed #lang:en,0f7f9dc0c967029f8686ece3b9385c71,1bf3f24207969d83c93a0bfe0293f83b07ef94f4,c2da80da1beeb06798076447879fba2c839e084224efab0bc5f49e7d53e87556,6ab9855b1da52370d4bb792058915069f092300a24180c994a490fb6601aaa0aae0aa5c988503fdde82b9397e69b2b968a9ebaf2a23614d9d562e30979b5ae14
Over the Hedge,DreamWorks: Over the Hedge,Over the Hedge,DreamWorks: Over the Hedge,overthehedge,USA,2006-05-05,Vicarious Visions,Activision,#players:1 #genre:action:adventure #embedded:backup>eeprom #save:backup #based:movie #lang:en,123978146274e2c7711209aba22ee244,be86490d8161fd934a122020300ce6898ef81d45,66056b4cdd8dd49c188362e3482c6d2ec650f9a6fdf529df06772fb31349ac9f,2524898ee1ec606344dbb6f23cc9ec1e48efdce7ee85074bde0227f504f1cf9ef387bbf77cfc6c19dbea4b6ac40456abf9308d65b516d2a7afd3eedb0dce1db8
Pac-Man World,=,Pac-Man World,=,pacmanworld,Europe,2004-11-26,Full Fat,Zoo,#players:1 #genre:action>platformer>maze #embedded:backup>eeprom #save:backup #search:feature>pacman #port:sony>playstation #lang:en:fr:de:es:it,83511ed734d5bf842b9062ebc574a434,f6d4b1b9e7baf758888fa5958914a82b4a8ef4bf,61691915c322894f81e4cb48600a9d8c305feae64ebbbbbe79dc8f0503a58928,25bedd3e3eef63a90b9ecf2995b3acfc627f6c397d7945bcd3d56bc837434725c83f73c478d17d5c3c400e8a4ee680db62670592aed81416e3e7bdc2afdc726a
Pac-Man World,=,Pac-Man World,=,pacmanworld,USA,2004-11-09,Full Fat,NAMCO/DSI,#players:1 #genre:action>platformer>maze #embedded:backup>eeprom #save:backup #search:feature>pacman #port:sony>playstation #lang:en,3eda36856917a9ab80b9bb7a930be834,7e9f23753c10494a3f0bbdf0905f3c7ac052b1b3,8e649948f5e4d78a5fa276be1db4b72820c0e06ae5a28a87757c6071b2e4074f,b7875e95d06af069b2ae0147aa35408227b76cc03c78271a53996555c7ba19cf2818619c40da77f107456cd18ea842a2e13faff1e6d6aad8cf0803d510b7a972
Pac-Man World 2,=,Pac-Man World 2,=,pacmanworld2,Europe,2005-08-19,Full Fat,Zoo,#players:1 #genre:action>platformer>maze #save:password #search:feature>pacman #port:sony>playstation2 #lang:en:fr:de:es:it,3755c0a785a829114c543393ecf0cb4e,de9852c4b07941ec83faecdaafd538e1cde8c804,32006184c982a86117ba88796f0f40c8ef31d21817b3d200fe3a3cdbcc26acab,3f85ecda772993a37f31f53cd0ecc0ff2aeab7227b8f973155eb19d4549735d59ab0e406e83a35ea04debd5f4ebd3bceb5a42601093facea38441f6553194c9c
Pac-Man World 2,=,Pac-Man World 2,=,pacmanworld2,USA,2005-10-09,Full Fat,NAMCO/DSI,#players:1 #genre:action>platformer>maze #save:password #search:feature>pacman #port:sony>playstation2 #lang:en,86e6497272f39b19af6750d699569531,a3da2ad5cf120cb53e663c2290eb8872f5650ba7,d8879efe1cddb0a481566a06a9210eeba6f0ec15f7304c3ec492bc3c6276d458,ac8134361725a8c04342daa2402d91f10fe35061d1377813b0138e1ef4b7491381e4aa047a2bd0aa16a1c9a1460c057d4064c8a1cb5704efb7658a4004452cfa
Pac-Man World 2,=,Pac-Man World 2,=,pacmanworld2,USA,2005-04-15,Full Fat,NAMCO/DSI,#players:1 #genre:action>platformer>maze #save:password #search:feature>pacman #port:sony>playstation2 #lang:en #unfinished:beta,f6c0c5a3ca383ec7769979aa69f551e1,82fe986f205f733c29bc00cd96ddf3ec46098fc6,2bbcf75e0891ba205aed156ede21094c5d0b711fa5c1a536b01b343c610b3229,4c5f37e6c6b5ba843075a6b215caed5982caa59d7b0225b292bd942fcae48a40d4ac63fdbfc6a983318bc3d1379043f74ef5236a789d70a1eb95cd64e3dd4889
Paperboy / Rampage,=,Paperboy / Rampage,=,paperboyrampage,Europe,2005-09-16,Frame Studios,Zoo,#players:1 #genre:action #port:arcade #compilation:paperboy:rampage #lang:en:fr:de:es:it,27138132d4c085bbbc442618579558bc,79ca9d12045f40d2b31015f5ddbc3fb43a34d2e6,94e2020d317aa70e7075550b5c7ecad546de7417a13011871217059498561ae1,5634b41d851ba5467975fef1fe347842c81e60015a95e87efdce9b25b1aefec4f0b912904b5d4b9aa240f88421180b37cbcc5b618cefdd7b5b9ab44f4281868d
Paperboy / Rampage,=,Paperboy / Rampage,=,paperboyrampage,USA,2005-08-21,Frame Studios,DSI,#players:1 #genre:action #port:arcade #compilation:paperboy:rampage #lang:en,122ec4309cb7aa7a13f880de1ec3e703,6a18cc723a2ca74dd5974bf46192f0369f7e33e5,052d53596da7b7d9b1631036dd4d69f0a555c7d053ef44a64d808e418f7ad6d6,81ba89bf4386d28dfbd7314c0e9f7dd8a7c5c25d934328d25a470f152c5e3e2ad93d85b0dfd669c5de7acce3016e59c5e0da266bc95fceb47362f7cb4721ddee
Paws & Claws: Best Friends: Dogs & Cats,=,Paws & Claws: Best Friends: Dogs & Cats,=,bestfriendshundeundkatzen,USA,2007-10-27,Sproing,THQ,#players:1 #genre:sim>pet #embedded:backup>eeprom #save:backup #lang:en,2b679f61361ad3040086d8684d58e8e7,2d024ea3621486dd0cf59b801a364649fb751c49,ddf1b7ddfe58f7244da88203490ba469892dd96ef6c603f8e1f566e21f630f88,c5079900fd776dc084b33775ec73d6c1adb858729c65395c8ac94a1a0270d5c177ce4f4d24d9acb19fd2b3a531f03dc8402c1e7a1bc8460ea921488ca6a73dd2
Peter Pan: Return to Never·Land,Disney's Peter Pan: Return to Never·Land,Peter Pan: Return to Never·Land,Disney's Peter Pan: Return to Never·Land,peterpanreturntoneverland,Europe,2002-03-28,Crawfish,Ubisoft,#players:1 #genre:action>platformer #embedded:backup>eeprom #save:backup #based:movie:disney #lang:en:fr:de:es:it:nl,989135c9dd288d2c5731c2563c7863ea,ccf431f78f749360dc385271a806f2cf1141cea8,0b844466058ce9d6cb34218363a7accd2afbfbde67892220b3a35ef9d38fa4b3,ba25178d92177dd5a82086c29487b007d68c4972e1f5809f35c669988ac8c23f0e444ebc1ac05a184647d0922ceece159d759a1eb92da54193ea30cc4534c33e
Peter Pan: Return to Never·Land,Disney's Peter Pan: Return to Never·Land,Peter Pan: Return to Never·Land,Disney's Peter Pan: Return to Never·Land,peterpanreturntoneverland,Europe,,Crawfish,BVG,#players:1 #genre:action>platformer #embedded:backup>eeprom #save:backup #based:movie:disney #lang:en:fr:de:es:it:nl #rev:1,9edc43748f363213ceef64b3f3aa4cda,a3a45eabc4cb7ef00c5caf36eef6b22c2261ef14,49d90a999eef7f580b0456d874bb1189b70ee319a9cd1cf9b0b6a198afe438e3,a696b29cc282f791c5df66ae7fe7e3c4a8c95181171fbae2a7548668fca94f7c54c66f4585e10b06af48bc8621626fdecf789e07ca70c72f2e36eab9b39bb49a
Peter Pan: Return to Never·Land,Disney's Peter Pan: Return to Never·Land,Peter Pan: Return to Never·Land,Disney's Peter Pan: Return to Never·Land,peterpanreturntoneverland,USA,2002-02-22,Crawfish,Disney,#players:1 #genre:action>platformer #embedded:backup>eeprom #save:backup #based:movie:disney #lang:en,d7c540384eff184dbd81292f3f7f8c29,57317b9c6c2075b7d39d85d949efb49db85aad13,1bb40100cf0f2be218fe47964ae365ab13f9c43dd4923f04deb041c5e6af19e0,96b4d2ba3afbbb8629935b64210f83ab0701468e359950d10aa4dadd0e4cdeabbf815b710012c4a820242d74416cc2d7573e0d606bd04dc440d96030129f318f
Peter Pan: Return to Never·Land,Disney's Peter Pan: Return to Never·Land,Peter Pan: Return to Never·Land,Disney's Peter Pan: Return to Never·Land,peterpanreturntoneverland,USA,,Crawfish,Disney,#players:1 #genre:action>platformer #embedded:backup>eeprom #save:backup #based:movie:disney #lang:en #rev:1,09963ea87f2efed0f73883e68def20f6,daf2ea149bdd74e15a66710d29646f2142777102,10fb886fe0915f45095e44c1ebab48bbd87abc5ea620802755abdd9cc2aeafd4,638e6a6ac6c5256753906afedb52b1d0ba22b222a91f05201d882734b22b24d6923df2f6766fd849d98eddf0b1924078de9d6d9d2c56f24b6f644e587c5b9fca
Pop Idol,=,Pop Idol,=,americanidol,Europe,2003-11-21,Möbius,Codemasters,#players:1 #genre:rhythm #password #based #lang:en,b86876fdb1125cc3132dab1cc0d6eb74,01fd660267705ed2a290734941b1305478df183f,fa7cad05194fec8656bc0b6cb39a113f0b42ffc71c8884ddba49283577aa4b6c,c22e4e0bf53ca4434f6b43774626046b60ec0daa7dd6aa4caf8959226fe30b1f1997740aa596a85d837a4a077fb5bfc76fac8d9cf7a8eb0a601cbc50ff0ee843
Power Rangers: La Force du Temps,Saban's Power Rangers: La Force du Temps,Power Rangers: La Force du Temps,Saban's Power Rangers: La Force du Temps,powerrangerstimeforcegba,France,2001-11-23,Vicarious Visions,THQ,#players:1 #genre:action>hackandslash>platformer #save:password #based #lang:fr,a85abd253b9716a6266442b6f26362c4,687d257da2bb5946c2aa07a7f6e28649505186a8,af380da5e45e0bfbcd78e7cf6754388707c71b738f6cb4500e21b4536ed62d88,1a57c8980b09f95352177530be61b0112358c60d8c84f4cfa0a7a0e8d1e44804895157600a4dd297b47c861c24b64847d634779abff40a9ad79c71b71e478cde
Power Rangers: Ninja Storm,=,Power Rangers: Ninja Storm,=,powerrangersninjastorm,Europe,2003-10-24,Natsume,THQ,#players:1 #genre:action>hackandslash #save:password #based #lang:en:fr:de,f0d1a7bb650ea304b9af7bfc1567a19b,9b131ce8fe535a5b5eef62e725fb41411c3cad88,e0224b8e57be4f80741d0362d343c62ef4c8b7a242c2d3928a715cbebaf8079a,d324771479da8511abb797d552cf074a604dd8278d392009aeb706fa0c075bb14a9e76fac1111e6212e92447381201cdb296cd1223aab72d84649cb6650e5ec5
Power Rangers: Ninja Storm,=,Power Rangers: Ninja Storm,=,powerrangersninjastorm,USA,2003-09-05,Natsume,THQ,#players:1 #genre:action>hackandslash #save:password #based #lang:en,b9c2fad1c168bfd5d0b5a6930e4e1ad2,16a719d35358c44a9560c83e19eb5f1bca3a1182,430cf63ae776e2cfcb6ed262f2180bc343679df6de6713ee930ef6793aaadd47,3ccfdbefd959ba0e526f976a0fdccdedb9097ef5e487d7602485a127690eaa556d3fc6c1110232b35fe3fc5df7a7a55a74ecbaff00d75f8fa9156161d4c52f0e
Power Rangers: Time Force,Saban's Power Rangers: Time Force,Power Rangers: Time Force,Saban's Power Rangers: Time Force,powerrangerstimeforcegba,Germany,2001-11-23,Vicarious Visions,THQ,#players:1 #genre:action>hackandslash>platformer #save:password #based #lang:de,f29fe8cae0acb618d7c48fb5e292b367,085fe6df7a7d30b2cabf62df5b03eae21982382c,ca0f638af962aa95d9e0f5de9cfd0d73e728cfb474ceaa1e66b8e900fc195702,02a70a6e2a315ed4b7395f8ac50304a493c51b8c165da58ee06910e325415edfa0d89cf70d1fd793b887630cf09062e898aa6bb6117a2dd22e8a014bb73355aa
Power Rangers: Time Force,Saban's Power Rangers: Time Force,Power Rangers: Time Force,Saban's Power Rangers: Time Force,powerrangerstimeforcegba,USA,2001-09-15,Vicarious Visions,THQ,#players:1 #genre:action>hackandslash>platformer #save:password #based #lang:en,21b6d4d9631896145f94b869de43f543,f43b94941a8d5ea87e15130bedf3dc2e5d893f36,34de738b4486d7a539548048592e1f75b5577b18163a31ddba3e7667e33d1e0d,1e9b1413f62d00b7a49c4b18d4e70883274cdb44705a11c85ac2a5fb8dd309c9aef9aa0eb0f56b51e96b7415337473ddf3cd958aecf0fdc8f125eb6610dd5f22
Power Rangers: Time Force,Saban's Power Rangers: Time Force,Power Rangers: Time Force,Saban's Power Rangers: Time Force,powerrangerstimeforcegba,Europe,2001-11-23,Vicarious Visions,THQ,#players:1 #genre:action>hackandslash>platformer #save:password #based #lang:en,21b6d4d9631896145f94b869de43f543,f43b94941a8d5ea87e15130bedf3dc2e5d893f36,34de738b4486d7a539548048592e1f75b5577b18163a31ddba3e7667e33d1e0d,1e9b1413f62d00b7a49c4b18d4e70883274cdb44705a11c85ac2a5fb8dd309c9aef9aa0eb0f56b51e96b7415337473ddf3cd958aecf0fdc8f125eb6610dd5f22
Quad Desert Fury,=,Quad Desert Fury,=,quaddesertfury,USA,2003-09-25,Skyworks,Majesco,#players:1 #genre:racing #lang:en,e003f4c06ad7f01d50dcdada5075a234,70525638035faf22614676bd6fdfb69f03934737,9a6887e27a6c41f9011573438bef69c4f885df97e0aa753bb58bed6f721b3923,fb14d9329e50230335414cd23da5df31d4db8b687e9656db0b438bdd3df81c913b055df73be6dcfed641e8d68e203065eee6a88739b006079d5210d3fef2dcaf
Rec Room Challenge: 3 Games in One: Darts / Roll-a-Ball / Shuffle Bowl,Majesco's Rec Room Challenge: 3 Games in One: Darts / Roll-a-Ball / Shuffle Bowl,Rec Room Challenge,=,recroomchallenge,Europe,2005-10-31,Skyworks,Majesco,#players:2:vs #genre:minigames:parlor>bowling>darts #lang:en,178627a0a81f7e79f3549c4ef122e7d5,034f886b18821a00ce7f98fdd91c1c164800bdef,4116bc5b389094ec83405b795722a7b679a0b6a9c5f294e29f317057bd52bd35,f48719cdc89bfcc6de362289b28eead47f343e984bb496a9c94b7da09e68c3a5b90cfcd0d73d8e6bb441a7e97b55bbf74d301c38fb0ebf412b65b2ed625e8d42
Rec Room Challenge: 3 Games in One: Darts / Roll-a-Ball / Shuffle Bowl,Majesco's Rec Room Challenge: 3 Games in One: Darts / Roll-a-Ball / Shuffle Bowl,Rec Room Challenge,=,recroomchallenge,USA,2005-10-12,Skyworks,Majesco,#players:2:vs #genre:minigames:parlor>bowling>darts #lang:en,dcc2db8fafaf3bb28b8896b89b707175,a085803150cc3685b946f4c617d1d833e602a47b,9f276dd5081e7f642ac1710a3bd68b05468c6e946715d0d43c3e733200fd79ed,fb6bcc2a50f12fca9dafef93e28c589e88a73dd1125537e431b9ca4567417b20cc8785b762c2e14d2a02d618089b067955ce94babc6b29b4a114e554043f7da5
Rocket Power: Zero Gravity Zone,=,Rocket Power: Zero Gravity Zone,=,rocketpowerzerogravityzone,USA,2003-09-04,Altron,THQ,#players:2:vs #genre:action:sports>skateboarding #addon:link>gbalinkcable #save:password #based #lang:en,acac2e3c7752f2407d787f084c0bf6f8,2e8fcf7afe49b57c2527f31288198a4b93df8bec,609b7112f6b2be52d324f0f3d201149f361c0d8e6948798114762c8666717203,8f238f3a38629d8759501922c5e4605c021a8e77fa263db709a0a689989af6aae29579613a189477bb3b580448037efc1dfcdc540aafde2ed7cdc1df01cb43fc
Rugrats Go Wild,=,Rugrats Go Wild,=,rugratsgowild,USA,2003-05-28,Magellan,THQ,#players:1 #genre:adventure:minigames:action>platformer:racing:puzzle #save:password #based:movie #lang:en,95ecb39a21e97ba21b1a992ead24767e,4691b090846530c7ae4ce43562f63b3e543aefd9,b78de165e88a182408f13713bb614ce8307597dd571c69d2aa7c5ed61ca77568,88d5298efb07d0ff719f9a23ee369992e78a9bcde917d36cfe810712f5a329862186fedc573a76b3ff6ef71406b19864ee229bbd99c43eb71bfa56282e49577c
Rugrats Go Wild,=,Rugrats Go Wild,=,rugratsgowild,Europe,2003-08-15,Magellan,THQ,#players:1 #genre:adventure:minigames:action>platformer:racing:puzzle #save:password #based:movie #lang:en,95ecb39a21e97ba21b1a992ead24767e,4691b090846530c7ae4ce43562f63b3e543aefd9,b78de165e88a182408f13713bb614ce8307597dd571c69d2aa7c5ed61ca77568,88d5298efb07d0ff719f9a23ee369992e78a9bcde917d36cfe810712f5a329862186fedc573a76b3ff6ef71406b19864ee229bbd99c43eb71bfa56282e49577c
Rugrats: I Gotta Go Party,=,Rugrats: I Gotta Go Party,=,rugratsigottagoparty,USA,2002-11-08,Eurocom,THQ,#players:2:vs #genre:minigames #addon:link>gbalinkcable #save:password #based #lang:en,9e7798abbd16a87548c380891accae28,32b9b14c7ecbf57c07866b070c209047a481b584,db34774ab36489f8a663033dd29698567615d13623f37ac0b61065cf24c372ea,683909878c14614bb111c5c3e7174a9ec2418a52711cd3d859c8fe868678dbc022eef8766807a1b1741e66074490170068ce95cdb235de79aa76c963ae2126d5
Rugrats: I Gotta Go Party,=,Rugrats: I Gotta Go Party,=,rugratsigottagoparty,Europe,2002-12-06,Eurocom,THQ,#players:2:vs #genre:minigames #addon:link>gbalinkcable #save:password #based #lang:en,9e7798abbd16a87548c380891accae28,32b9b14c7ecbf57c07866b070c209047a481b584,db34774ab36489f8a663033dd29698567615d13623f37ac0b61065cf24c372ea,683909878c14614bb111c5c3e7174a9ec2418a52711cd3d859c8fe868678dbc022eef8766807a1b1741e66074490170068ce95cdb235de79aa76c963ae2126d5
Scooby Doo,=,Scooby-Doo,=,scoobydoo,Europe,2001-11-09,Helixe/Factor 5,THQ,#players:1 #genre:action:adventure #embedded:backup>eeprom #save:backup #based:movie #lang:en,7fca5f2c94769db36cacf8bc599f659e,00c6ec5c8283f27b36bd302bd11d8169d1cfc502,041d5211276191639362c024d6e4037e9007c30be38ca5570a8be4dc6aeac579,fde13e1bab1af077d4a35598d652bf720ee7d616758aef9d86973cfcec0ac8ff794eea14a4695ac1b4637d660f55eb90e42ba8328282a1b609abce180e188d47
Scooby-Doo,=,Scooby-Doo,=,scoobydoo,France,2001-11-09,Helixe/Factor 5,THQ,#players:1 #genre:action:adventure #embedded:backup>eeprom #save:backup #based:movie #lang:fr,365a0a06f8374809ec225ab2cfc255e4,3ebfaf2ff28310e138a8cf38a32708aa26217659,6f4980c17afffad1c3f4ece54a306f53fc8e16a736d645e55188b21fe1f2f772,41ebae972da4d5c7da77b78049003c569c5650c3fcf71f624f4c9bda1293048ebd2284dbd9589055f0546a1e826737510724d71583a230136465f494f6a942f5
Scooby-Doo,=,Scooby-Doo,=,scoobydoo,Germany,2001-11-09,Helixe/Factor 5,THQ,#players:1 #genre:action:adventure #embedded:backup>eeprom #save:backup #based:movie #lang:de,83db8a484f48d8fab9638fde47853800,e46d519804732b8298e171a31fedcb46cba8dd29,0e195df4624af70c101aabc4d0ee5a11e66a511e22979526092e0ce25a2cb604,f86907c491b8f22a03691be25f45c58d66f16003881478bb965dca4257ce769cf1f7867308206b0c446a72155c70ef17b780e4d4914af3aef6e18baa6e6307af
Scooby-Doo,=,Scooby-Doo,=,scoobydoo,Spain,2001-11-09,Helixe/Factor 5,THQ,#players:1 #genre:action:adventure #embedded:backup>eeprom #save:backup #based:movie #lang:es,f15c91bc7484532fb4a762250bf6d48a,9eedc6c336a4f1cd3b54a2d5e63e63babe82e162,13a7b705bbea7b78ce8f07a59f7347b43f415b3acd984840d684a3418258cffa,8ab3761684da571d775315d6482cc571da1e38f353287d949b042cad15f53a193de324d51fb75c212da7955cb47e9ff91d309d89b080b3009591667ce4406ace
Scooby Doo,=,Scooby-Doo,=,scoobydoo,USA,2001-11-15,Helixe/Factor 5,THQ,#players:1 #genre:action:adventure #embedded:backup>eeprom #save:backup #based:movie #lang:en,f41b1b8bc38289dc25082d0fd7d376d1,bc641955e8bea6b55cbb4fcac5c21031ce274188,0d3884e0a3e31024e79c9ddaf6880c8b2d1fcd6965b8f66eb88736ec946a66a0,495c16a1d65abf75901aecedcfbdb07c2214950618f162b9e652f68215e2b97f74ed537cf98afd513cb75bc93df2b5876de611e79eda9dc3207698d0b8236ca3
Scooby Doo 2: Monsters Unleashed,=,Scooby-Doo 2: Monsters Unleashed,Scooby-Doo 2: Monsters Unleashed / Scooby-Doo 2: Les Monstres Se Dechainent / Scooby-Doo 2: Die Monster Sind Los / Scooby-Doo 2: Mostri Scatenati / Scooby-Doo 2: Desatado,scoobydoo2monstersunleashed,Europe,2004-03-26,Altron,THQ,#players:1 #genre:action>platformer:adventure #save:password #based:movie #lang:en:fr:de:es:it,49c6c446c5f7bc6b61e158994f8896b0,c3da5a04d11cab4e377b1b32c81109d6ea6fd39a,654e39214071898d7fca1cda3914cdab62efef324529939f59118a3c8d88bdc2,7969e1c2e5e6a9ff1ee6c714c1012585c1d92fb46d939121296d1609f59a8f764971d5faeb6a11d2162dc370c98d13dd1f500ad268fd6eebc8645e7fb4813116
Scooby Doo 2: Monsters Unleashed,=,Scooby-Doo 2: Monsters Unleashed,=,scoobydoo2monstersunleashed,United Kingdom/Ireland,2004-03-26,Altron,THQ,#players:1 #genre:action>platformer:adventure #save:password #based:movie #lang:en,36a7bb733c433afaf9e416e2c8c0ac9d,98bf2bf16e3cb40569a9692680ca048fdab6cd29,7c9706f494883bd36c8bf229e9c5fcdd3711f88f1b9f4f2fd1e12af472b635af,486b066977178e9cbc1baebd25b79d038d27ad18f17663aad44bea5894265acac726f0f7ec1f96db1fa6b3663206f8c0352c35bc81ab70e5f9ecb6d2b454e815
Scooby Doo 2: Desatado,=,Scooby-Doo 2: Desatado,Scooby-Doo 2: Monsters Unleashed / Scooby-Doo 2: Les Monstres Se Dechainent / Scooby-Doo 2: Die Monster Sind Los / Scooby-Doo 2: Mostri Scatenati / Scooby-Doo 2: Desatado,scoobydoo2monstersunleashed,Spain,2004-03-26,Altron,THQ,#players:1 #genre:action>platformer:adventure #save:password #based:movie #reboxed #lang:en:fr:de:it:es,49c6c446c5f7bc6b61e158994f8896b0,c3da5a04d11cab4e377b1b32c81109d6ea6fd39a,654e39214071898d7fca1cda3914cdab62efef324529939f59118a3c8d88bdc2,7969e1c2e5e6a9ff1ee6c714c1012585c1d92fb46d939121296d1609f59a8f764971d5faeb6a11d2162dc370c98d13dd1f500ad268fd6eebc8645e7fb4813116
Scooby Doo 2: Die Monster Sind Los,=,Scooby-Doo 2: Die Monster Sind Los,Scooby-Doo 2: Monsters Unleashed / Scooby-Doo 2: Les Monstres Se Dechainent / Scooby-Doo 2: Die Monster Sind Los / Scooby-Doo 2: Mostri Scatenati / Scooby-Doo 2: Desatado,scoobydoo2monstersunleashed,Germany,2004-03-26,Altron,THQ,#players:1 #genre:action>platformer:adventure #save:password #based:movie #reboxed #lang:en:fr:de:it:es,49c6c446c5f7bc6b61e158994f8896b0,c3da5a04d11cab4e377b1b32c81109d6ea6fd39a,654e39214071898d7fca1cda3914cdab62efef324529939f59118a3c8d88bdc2,7969e1c2e5e6a9ff1ee6c714c1012585c1d92fb46d939121296d1609f59a8f764971d5faeb6a11d2162dc370c98d13dd1f500ad268fd6eebc8645e7fb4813116
Scooby Doo 2: Les Monstres Se Dechainent / Monsters Unleashed,=,Scooby-Doo 2: Les Monstres Se Dechainent,Scooby-Doo 2: Monsters Unleashed / Scooby-Doo 2: Les Monstres Se Dechainent / Scooby-Doo 2: Die Monster Sind Los / Scooby-Doo 2: Mostri Scatenati / Scooby-Doo 2: Desatado,scoobydoo2monstersunleashed,France,2004-03-26,Altron,THQ,#players:1 #genre:action>platformer:adventure #save:password #based:movie #reboxed #lang:en:fr:de:it:es,49c6c446c5f7bc6b61e158994f8896b0,c3da5a04d11cab4e377b1b32c81109d6ea6fd39a,654e39214071898d7fca1cda3914cdab62efef324529939f59118a3c8d88bdc2,7969e1c2e5e6a9ff1ee6c714c1012585c1d92fb46d939121296d1609f59a8f764971d5faeb6a11d2162dc370c98d13dd1f500ad268fd6eebc8645e7fb4813116
Scooby Doo 2: Monsters Unleashed,=,Scooby-Doo 2: Monsters Unleashed,=,scoobydoo2monstersunleashed,USA,2004-03-16,Altron,THQ,#players:1 #genre:action>platformer:adventure #save:password #based:movie #lang:en,36a7bb733c433afaf9e416e2c8c0ac9d,98bf2bf16e3cb40569a9692680ca048fdab6cd29,7c9706f494883bd36c8bf229e9c5fcdd3711f88f1b9f4f2fd1e12af472b635af,486b066977178e9cbc1baebd25b79d038d27ad18f17663aad44bea5894265acac726f0f7ec1f96db1fa6b3663206f8c0352c35bc81ab70e5f9ecb6d2b454e815
Scooby-Doo and the Cyber Chase,=,Scooby-Doo and the Cyber Chase,Scooby-Doo and the Cyber Chase / Scooby-Doo et la Cybertraque,scoobydooandthecyberchase,Europe,2001-12-07,Software Creations,THQ,#players:1 #genre:action:adventure #save:password #based:movie #lang:en:fr:de,09e8523914aff2d72b1b4b840827829c,444cf64593ef7a9ef7a2bef56271ad154a1e9fa7,f90301304e4130824a621a8ca03fe696b83bd4d2c2b40cbceffc0080ebebdf61,2e175599390b468febe83dd2d7e68a1bd834f3ca7343821e8c1651a2e080b22d2d8773b020cba8433824f49fbb99c3f41a771b1e6219c5f2842e9e2fa8ce72ed
Scooby-Doo et la Cybertraque,=,Scooby-Doo et la Cybertraquee,Scooby-Doo and the Cyber Chase / Scooby-Doo et la Cybertraque,scoobydooandthecyberchase,France,2001-12-07,Software Creations,THQ,#players:1 #genre:action:adventure #save:password #based:movie #reboxed #lang:en:fr:de,09e8523914aff2d72b1b4b840827829c,444cf64593ef7a9ef7a2bef56271ad154a1e9fa7,f90301304e4130824a621a8ca03fe696b83bd4d2c2b40cbceffc0080ebebdf61,2e175599390b468febe83dd2d7e68a1bd834f3ca7343821e8c1651a2e080b22d2d8773b020cba8433824f49fbb99c3f41a771b1e6219c5f2842e9e2fa8ce72ed
Scooby-Doo und die Cyber-Jagd gba,=,Scooby-Doo and the Cyber Chase,Scooby-Doo and the Cyber Chase / Scooby-Doo et la Cybertraque,scoobydooandthecyberchase,Germany,2001-12-07,Software Creations,THQ,#players:1 #genre:action:adventure #save:password #based:movie #reboxed #lang:en:fr:de,09e8523914aff2d72b1b4b840827829c,444cf64593ef7a9ef7a2bef56271ad154a1e9fa7,f90301304e4130824a621a8ca03fe696b83bd4d2c2b40cbceffc0080ebebdf61,2e175599390b468febe83dd2d7e68a1bd834f3ca7343821e8c1651a2e080b22d2d8773b020cba8433824f49fbb99c3f41a771b1e6219c5f2842e9e2fa8ce72ed
Scooby-Doo and the Cyber Chase,=,Scooby-Doo and the Cyber Chase,=,scoobydooandthecyberchase,United Kingdom/Ireland,2001-12-07,Software Creations,THQ,#players:1 #genre:action:adventure #save:password #based:movie #lang:en,1e3fd614dc43edbbf9df51262057f2cc,739f47323ce7e2dbe7e9bf9d553cb97f4692ecc3,1ffb2d85a66a0a38c4d4c4f90c6b6b25e51079625ffecd301f415edd8d3e1c5f,19adcc34447e920ed1ccd7120df7d42d333b315eac85bdb94c57f87ad9fe11556735f815fd4618eb06adc5b4a974e9c067f62519564e8d03143bc7761efcc69f
Scooby-Doo and the Cyber Chase,=,Scooby-Doo and the Cyber Chase,=,scoobydooandthecyberchase,USA,2001-10-01,Software Creations,THQ,#players:1 #genre:action:adventure #save:password #based:movie #lang:en,1e3fd614dc43edbbf9df51262057f2cc,739f47323ce7e2dbe7e9bf9d553cb97f4692ecc3,1ffb2d85a66a0a38c4d4c4f90c6b6b25e51079625ffecd301f415edd8d3e1c5f,19adcc34447e920ed1ccd7120df7d42d333b315eac85bdb94c57f87ad9fe11556735f815fd4618eb06adc5b4a974e9c067f62519564e8d03143bc7761efcc69f
Scooby-Doo! Mystery Mayhem,=,Scooby-Doo! Mystery Mayhem,Scooby-Doo! Mystery Mayhem / Scooby-Doo! Le Livre Des Ténèbres / Scooby-Doo! Fluch der Folianten,scoobydoomysterymayhem,Europe,2003-11-07,A2M,THQ,#players:1 #genre:action:adventure #embedded:backup>eeprom #save:backup #based #lang:en:fr:de,9cff0577973c0219738da5995edcf3ae,25fe359de5f546cade53d9097d6f11d10fd00fe2,967193006c196f1d27be5b33462a18b38e73949ed1f351c3cff09318f35e2b56,437cc1273d467f51e3a591b3c67c386228afb4a949c685bb414d6512f46efb974138d0b6d1e62496cfaf79a406029a4c61c6644860c72604dc046755d2b225b6
Scooby-Doo! Le Livre Des Ténèbres,=,Scooby-Doo! Le Livre Des Ténèbres,Scooby-Doo! Mystery Mayhem / Scooby-Doo! Le Livre Des Ténèbres / Scooby-Doo! Fluch der Folianten,scoobydoomysterymayhem,France,2003-11-07,A2M,THQ,#players:1 #genre:action:adventure #embedded:backup>eeprom #save:backup #based #reboxed #lang:en:fr:de,9cff0577973c0219738da5995edcf3ae,25fe359de5f546cade53d9097d6f11d10fd00fe2,967193006c196f1d27be5b33462a18b38e73949ed1f351c3cff09318f35e2b56,437cc1273d467f51e3a591b3c67c386228afb4a949c685bb414d6512f46efb974138d0b6d1e62496cfaf79a406029a4c61c6644860c72604dc046755d2b225b6
Scooby-Doo! Fluch der Folianten,=,Scooby-Doo! Fluch der Folianten,Scooby-Doo! Mystery Mayhem / Scooby-Doo! Le Livre Des Ténèbres / Scooby-Doo! Fluch der Folianten,scoobydoomysterymayhem,Germany,2003-11-07,A2M,THQ,#players:1 #genre:action:adventure #embedded:backup>eeprom #save:backup #based #reboxed #lang:en:fr:de,9cff0577973c0219738da5995edcf3ae,25fe359de5f546cade53d9097d6f11d10fd00fe2,967193006c196f1d27be5b33462a18b38e73949ed1f351c3cff09318f35e2b56,437cc1273d467f51e3a591b3c67c386228afb4a949c685bb414d6512f46efb974138d0b6d1e62496cfaf79a406029a4c61c6644860c72604dc046755d2b225b6
Scooby-Doo! Mystery Mayhem,=,Scooby-Doo! Mystery Mayhem,Scooby-Doo! Mystery Mayhem / Scooby-Doo! Le Livre Des Ténèbres,scoobydoomysterymayhem,USA,2003-09-10,A2M,THQ,#players:1 #genre:action:adventure #embedded:backup>eeprom #save:backup #based #lang:en:fr,c8e45043d61075471f8ee3d05862d960,45e50eaa1ee8773168e36cd05145f3505c3dbc6c,feb46a26569f4fbbcf872c99ca927db468a68a9dc78c20678175ab9b56ec4778,40d33d7178f7921c38469f940e25e774e242f7c6178d9595715e66b5871cc60f4aad9e1ec15d9dd3ef1064d193b14c67aca1fe9dbe235d155697621354dfe5d2
Secret Agent Barbie: Royal Jewels Mission,=,Secret Agent Barbie: Royal Jewels Mission,=,secretagentbarbieroyaljewelsmission,Europe,2002-11-22,Dice Canada,Vivendi Universal,#players:1 #genre:action>platformer #save:password #based #lang:en:fr:de:es:it,065b12ab5b43e941fa0011a5483a47df,d0e9c2d804d2f47bf8ac22e99c31289e2167a18d,9e70bebcf803e1df0aa76eb76db28831eec3a2cdaac90c1fff00077f6bedb346,737c79df0f49a5b5d1aef2b35624972d0dc9dc11eb6f5889539434e993bc13a3cc095d5d1e5f97bbebfe4ef2197e14609dd26e8d80764439c7878c1bac9b384f
Secret Agent Barbie: Royal Jewels Mission,=,Secret Agent Barbie: Royal Jewels Mission,=,secretagentbarbieroyaljewelsmission,USA,2002-10-08,Dice Canada,Vivendi Universal,#players:1 #genre:action>platformer #save:password #based #lang:en,b5da52577265dbb1d98977da249c4e20,78b2d7a05998918f047ba2ad68dc00086cbf3ff2,f2d45f2144bd7568fa836f1d5a677a3f74fe3e0728ea056afe421c9b14af77bb,f2fb2000bb9a89cf0e3b37fdb73973fb7227cc0ba0ad23b71aa638524eb34e7e1b17102571e4cbff86c124262f1d92ee617f510d62683eb76076a4f878399825
Shark Tale,DreamWorks' Shark Tale,Shark Tale,DreamWorks' Shark Tale,sharktale,United Kingdom/Ireland,2004-10-01,Vicarious Visions,Activision,#players:1 #genre:action>platformer>hackandslash:adventure:minigames:rhythm:sports>decathlon:fighting #embedded:backup>eeprom #save:backup #based:movie #lang:en,56301febe066a6c4402a8af346b0426c,d56755d3fcd2fd942cc54f62f9ba7df38347799f,08e371f442d7ca15fdbe1dc8a8b0a9d01356781c3a9a7802d8e45c689ebf4f32,a0b48675e9b0b967ce0f850b9c5b3455d21c4625b111ab42ba800d3d276f5b2c7c7b6353e7991cabfd21ab1851deeb8e549154f1557c8335411a92877d49dcb1
Shark Tale,DreamWorks' Shark Tale,Shark Story,DreamWorks' Shark Story,sharktale,Italy,2004-10-01,Vicarious Visions,Activision,#players:1 #genre:action>platformer>hackandslash:adventure:minigames:rhythm:sports>decathlon:fighting #embedded:backup>eeprom #save:backup #based:movie #lang:it,88de1a21af5663ef1f85f5445e559562,a0ecd59cbdebb2a345fa264480578c57066c061c,212d29ca489489f0e95dd53b40a6b3a885fea69214d64bd22c2bb9cbf8f6d177,73015f0fc326e8df9f5dbdafd396e83e416d88addbbea712bb62afda90ea5118e0e08da1d83dbca1fe7c516d961a1aef16e02801519010fd5c19493add33d4ee
El Espantatiburones,DreamWorks' El Espantatiburones,El Espantatiburones,DreamWorks' Gang de Requins / DreamWorks' Grosse Haie - Kleine Fische / DreamWorks' El Espantatiburones,sharktale,Germany,2004-10-01,Vicarious Visions,Activision,#players:1 #genre:action>platformer>hackandslash:adventure:minigames:rhythm:sports>decathlon:fighting #embedded:backup>eeprom #save:backup #based:movie #reboxed #lang:fr:de:es,552871de5cb6bbffb69a567c05a7a665,2eb477465b8d6f4680d49c92d0b7c1fb36e53574,815d75160b6dabc4e2161053f080ef8ab1a7687e942b58087ace12d0679af60d,38be8b205b4862cb44b145cffc07d097a8f3222433ab320a17dd7a745aadf60b59432d6d4dbb5832f6430accdcdb2aa0b459535aa946b44ae79c31f4d4324165
Gang de Requins,DreamWorks' Gang de Requins,Gang de Requins,DreamWorks' Gang de Requins / DreamWorks' Grosse Haie - Kleine Fische / DreamWorks' El Espantatiburones,sharktale,France,2004-10-01,Vicarious Visions,Activision,#players:1 #genre:action>platformer>hackandslash:adventure:minigames:rhythm:sports>decathlon:fighting #embedded:backup>eeprom #save:backup #based:movie #lang:fr:de:es,552871de5cb6bbffb69a567c05a7a665,2eb477465b8d6f4680d49c92d0b7c1fb36e53574,815d75160b6dabc4e2161053f080ef8ab1a7687e942b58087ace12d0679af60d,38be8b205b4862cb44b145cffc07d097a8f3222433ab320a17dd7a745aadf60b59432d6d4dbb5832f6430accdcdb2aa0b459535aa946b44ae79c31f4d4324165
Grosse Haie - Kleine Fische,DreamWorks' Grosse Haie - Kleine Fische,Grosse Haie - Kleine Fische,DreamWorks' Gang de Requins / DreamWorks' Grosse Haie - Kleine Fische / DreamWorks' El Espantatiburones,sharktale,Germany,2004-10-01,Vicarious Visions,Activision,#players:1 #genre:action>platformer>hackandslash:adventure:minigames:rhythm:sports>decathlon:fighting #embedded:backup>eeprom #save:backup #based:movie #reboxed #lang:fr:de:es,552871de5cb6bbffb69a567c05a7a665,2eb477465b8d6f4680d49c92d0b7c1fb36e53574,815d75160b6dabc4e2161053f080ef8ab1a7687e942b58087ace12d0679af60d,38be8b205b4862cb44b145cffc07d097a8f3222433ab320a17dd7a745aadf60b59432d6d4dbb5832f6430accdcdb2aa0b459535aa946b44ae79c31f4d4324165
Shark Tale,DreamWorks' シャーク・テイル,Shark Tale,DreamWorks' シャーク・テイル,sharktale,Japan,2005-03-31,Vicarious Visions,Taito,#players:1 #genre:action>platformer>hackandslash:adventure:minigames:rhythm:sports>decathlon:fighting #embedded:backup>eeprom #save:backup #based:movie #lang:ja,b7315dd0a12a56b0147b3fb8169d33f0,d03aac6a2563861aee99e677e8a2549a7bf5a8fa,e0b43987b543b076ae6404ab3ffe809aeb87d8c8aa94833c38d191540fcb25fe,20ca46f8fa101fb25dcbcfb2fe9eff400d4c5f9055aca7ecab5825edc3dff54b946ab6cb825675463943ec9bce329187a94f4686570d76c57346954d43177480
Shark Tale,DreamWorks' Shark Tale,Shark Tale,DreamWorks' Shark Tale,sharktale,USA,2004-09-27,Vicarious Visions,Activision,#players:1 #genre:action>platformer>hackandslash:adventure:minigames:rhythm:sports>decathlon:fighting #embedded:backup>eeprom #save:backup #based:movie #lang:en,56301febe066a6c4402a8af346b0426c,d56755d3fcd2fd942cc54f62f9ba7df38347799f,08e371f442d7ca15fdbe1dc8a8b0a9d01356781c3a9a7802d8e45c689ebf4f32,a0b48675e9b0b967ce0f850b9c5b3455d21c4625b111ab42ba800d3d276f5b2c7c7b6353e7991cabfd21ab1851deeb8e549154f1557c8335411a92877d49dcb1
Shin Bokura no Taiyō: Gyakushū no Sabata,新 ボクらの太陽 逆襲のサバタ,Shin Bokura no Taiyō: Gyakushū no Sabata,新 ボクらの太陽 逆襲のサバタ,shinbokuranotaiyougyakushuunosabata,Japan,2005-07-28,Kojima Pro,Konami,#players:2:vs #genre:rpg>a #addon:link>gbalinkcable>wirelessadapter #embedded:uvsensor:chip>rtc:backup>battery>eeprom #save:backup:password #lang:ja,fbad88c14dcedefe6c70b06adcd0a0db,2651c5e6875ac60abff734510d152166d211c87c,0b170fc99def2ca5bdebbfd642327e135304adba1e3e0bfd5d66cdd298adb90f,77938d1aee05090be9ea9c8804ae39c444c218cd81276242f6dc5c17152da22b12d5d47b36ca2cc373b744d616f0d919c51d123572309d1ccaa47da4d65edd52
Shrek 2,=,Shrek 2,=,shrek2,Europe,2004-06-18,Vicarious Visions,Activision,#players:1 #genre:action>platformer>hackandslash:adventure #embedded:backup>eeprom #save:backup #based:movie #lang:fr:de:es:it:sv,2e9b5ec5bb6be065d2f52af20bf8aca3,1f28ab954789f3946e851d5a132cda4edb9b74dd,b5db90500f7a7c2c56477315fb09de739124b6b4397f23f35d41e40f8db8ef54,2b6f7b5a32c617b95f3ea5167884335287d7f9f35836f97375f44dbda58605024b4675dc7f33a164d546a607c509ce681224a5d7f13a7ceea25aeceeba723595
Shrek 2,=,Shrek 2,=,shrek2,United Kingdom/Ireland,2004-06-18,Vicarious Visions,Activision,#players:1 #genre:action>platformer>hackandslash:adventure #embedded:backup>eeprom #save:backup #based:movie #lang:en,9ef8e30824db751f3d42e048514a3624,d3c3201f4a401b337009e667f5b001d5e12ece83,2ec32cb8c69ff8bbe01b7039ee001105f92ee686b251d26060f9bdb6751f3b80,e6e09d6e52ab2580f5851cf25f7643c3ebc0d2eecaf1a79749010f114cb90e035b881b5ef99543c38792979e4c986ab93f3a8f58d5d3e3e8879964752e3b27b2
Shrek 2,=,Shrek 2,=,shrek2,USA,2004-04-28,Vicarious Visions,Activision,#players:1 #genre:action>platformer>hackandslash:adventure #embedded:backup>eeprom #save:backup #based:movie #lang:en,9ef8e30824db751f3d42e048514a3624,d3c3201f4a401b337009e667f5b001d5e12ece83,2ec32cb8c69ff8bbe01b7039ee001105f92ee686b251d26060f9bdb6751f3b80,e6e09d6e52ab2580f5851cf25f7643c3ebc0d2eecaf1a79749010f114cb90e035b881b5ef99543c38792979e4c986ab93f3a8f58d5d3e3e8879964752e3b27b2
Sonic Advance,=,Sonic Advance,Sonic Advance ソニック アドバンス / ソニック アドバンス Sonic Advance,sonicadvance,Europe,2002-03-08,Dimps/Sonic Team/Wave Master,SEGA,#players:4:vs #genre:action>platformer #addon:link>gbalinkcable>gbacable #embedded:backup>flashram #save:backup #search:feature>sonic #lang:ja:en:fr:de:es,93a2f28339858e955e4f17060e038bcd,eb00f101af23d728075ac2117e27ecd8a4b4c3e9,a57c8c1a3e19a65baadc4a2fb4aa669e5ef462153ae9536634adbe6e03154b08,81ba20aebd10c1f9cc7213187434c5ba2a434300db41d663158adfacbd8560619d57e8449316a1a00c11ad383eede73be32581410c70c7a83d58194b2c526596
Sonic Advance,ソニック アドバンス Sonic Advance,Sonic Advance,ソニック アドバンス Sonic Advance / Sonic Advance ソニック アドバンス,sonicadvance,Japan,2001-12-20,Dimps/Sonic Team/Wave Master,SEGA,#players:4:vs #genre:action>platformer #addon:link>gbalinkcable>gbacable #embedded:backup>flashram #save:backup #search:feature>sonic #lang:ja:en,b62f11b1d014d5c5c2dd703676cb443d,8dab4c2d38bd13ed88f98a9210cd0cb4ff11520c,017573e07c55da4b13ab8cd98b55710c41d471fd5399d2af1663707a9d02252e,2e042f76cc128621f5a76cb7f1e697e528bec392e4fec11790a21f5b6aef3c618ac3241d8850a1d4372f920a1d55aa7599a478a522771a4b73b6e6acacdadd5f
Sonic Advance,ソニック アドバンス Sonic Advance,Sonic Advance,ソニック アドバンス Sonic Advance / Sonic Advance ソニック アドバンス,sonicadvance,Japan,,Dimps/Sonic Team/Wave Master,SEGA,#players:4:vs #genre:action>platformer #addon:link>gbalinkcable>gbacable #embedded:backup>flashram #save:backup #search:feature>sonic #lang:ja:en #rev:1,9e02f1c9f26f40905d43188b2bd2d98e,f43faca5d8df354a63471aebfea3be125e797e51,8ab7120ac70a9c563ec19725a8cfdd9bb15e1b7de84c4172996edfef715a0458,4c5b2192d5c4a92959d6b62db7d9825e329cc908d9d460634b12c484887d68a1d783b492ec887a7a73ce4cec598cb28d1064c1b4dc9a875fd1d7a483a4982d92
Sonic Advance,ソニック アドバンス Sonic Advance,Sonic Advance,ソニック アドバンス Sonic Advance / Sonic Advance ソニック アドバンス,sonicadvance,Japan,2015-02-18,M2,SEGA,#players:4:vs #genre:action>platformer #addon:link>gbalinkcable>gbacable #embedded:backup>flashram #save:backup #search:feature>sonic #lang:ja:en #rerelease:virtualconsole,d2bc5687ac40a62f74daf3fb219644e5,08ae7e109f5029a97c6421e8b5aa7c0338a222e5,9359f5506404650440a130809c1f6ebfeb3376afb7a995826010d7374d3a662f,5c891f9a1b6a57ca12110214029fb2eccf87a89afbdbf53baeec95b16fd58895ae8f8c0d027df3f22bcab048285ec7f920b94cb6d2a90d382c14e011de6782e4
Sonic Advance,=,Sonic Advance,Sonic Advance ソニック アドバンス / ソニック アドバンス Sonic Advance,sonicadvance,USA,2002-02-05,Dimps/Sonic Team/Wave Master,SEGA,#players:4:vs #genre:action>platformer #addon:link>gbalinkcable>gbacable #embedded:backup>flashram #save:backup #search:feature>sonic #lang:en:ja,49ecc8ef1988e7ae81fbda1b4cf71eed,d842afa7dd1e84de08addb94a51506f1bcafd551,afc29e3325baf68a1822e88b25fcb59c8bdc29b8cdc48fa21c56defbd60ca020,45916c5040e0220128acf36a091d14081bbf75888a32bf97aadca33691400e05a0201d19d6a3f8bfec997c2f7165c910b73fb5b635eca211f62f3ae311ba0a8d
Sonic Advance,=,Sonic Advance,Sonic Advance ソニック アドバンス / ソニック アドバンス Sonic Advance,sonicadvance,USA,2001-10-31,Dimps/Sonic Team/Wave Master,SEGA,#players:4:vs #genre:action>platformer #addon:link>gbalinkcable>gbacable #embedded:backup>flashram #save:backup #search:feature>sonic #lang:en:ja #unfinished:beta,fca4c485f41412a4ddc05fbe105c3219,aae6516f72309920acd9fafd03a9d09e35cf755f,bca1e8e75f24a6a48ddd47c2765e426c21d82341ff09ac5698d3daac5b995e77,666c18b283cf433945af17ae0685a4799f3c1a9fe7792506d4a5a7b463e084e7a5da0a62b1851c0c9ecf9b9a192c37dcb999bfa950041d16adcb2c38bbedada0
Sonic Battle,=,Sonic Battle,Sonic Battle / ソニック バトル,sonicbattle,Europe,2004-02-27,Sonic Team/Wave Master,SEGA,#players:4:vs #genre:fighting>melee:minigames #addon:link>gbalinkcable #embedded:backup>flashram #save:backup #search:feature>sonic #lang:en:ja:fr:de:es:it,7194f25da6be4548f7e0c80f73e3f628,29f19b564020bd4667c33827b39adae7ade74679,df7167fb4af2268af0bd14cf7ec99882e853b8bb222de3cb3253e60257450c72,f2d20e9b296c736927228e3ab1d2ffec1fa47b5ee6c5cd686d0f866902fddc6773c090433abd7eda2417fd7962ece8cdacb25397d4339e8076bd9d69315458ed
Sonic Battle,ソニック バトル,Sonic Battle,ソニック バトル / Sonic Battle,sonicbattle,Japan,2003-12-04,Sonic Team/Wave Master,SEGA,#players:4:vs #genre:fighting>melee:minigames #addon:link>gbalinkcable #embedded:backup>flashram #save:backup #search:feature>sonic #lang:ja:en,1c694783acdfd013bdd980a4d8f8f546,ec68166a437895953bbbce256ebefaebb77c0156,1c94bf578c6d6c20175174770460dd30474d6d273514330432cf743a8be50dd4,4612a8fd3d2918dd1f8dc0ec32c2e70410ffd750c1c4e0baaef57a6821f72ae49321c1a6b0db810e258842b2e1ab08e749c31b7d55103da2ef157de4087f58ea
Sonic Battle,=,Sonic Battle,Sonic Battle / ソニック バトル,sonicbattle,USA,2004-01-12,Sonic Team/Wave Master,THQ,#players:4:vs #genre:fighting>melee:minigames #addon:link>gbalinkcable #embedded:backup>flashram #save:backup #search:feature>sonic #lang:en:ja:fr:de:es:it,100579ef01225c620560f88e65ca423a,8cf4fbbe73f6b1907ab9997caab4c4e7d9708937,536c7d7bdb37862c79d048c351b0c61ffe8380c71e1be8b15d537549272b72a9,2629eb6e9260307c66026ea09813d55fbd3e715f15c63290ce7bb1877e79e0390016bbb595a4917c5a4e621fb017e1140b9a85dfe5d0e019c0fa254af152f892
Sonic Pinball Party,=,Sonic Pinball Party,Sonic Pinball Party / ソニック ピンボール パーティー,sonicpinballparty,Europe,2003-10-31,Sonic Team/Jupiter,SEGA/THQ,#players:4:vs #genre:parlor>pinball #addon:link>gbalinkcable>gbacable #embedded:backup>flashram #save:backup #search:feature>sonic #lang:en:ja:fr:de:es:it,95ce5443198044f4546a42d9d67be0e2,153cbdf30d133f92fa811a212b3d8bf6857fd29c,cdf6ec7b755dd42d529a2e29722382f52827766641c4cfa33a200d483c294ad2,733cbea8dab82d532411345528501ac6dda262b866f68639083ebafb4e4f4a3c9d80e287b6b9cf8ac68a9c9f2d4c8b68e2479fbd1d79eef3b81e1463013c24ae
Sonic Pinball Party,ソニック ピンボール パーティー,Sonic Pinball Party,ソニック ピンボール パーティー / Sonic Pinball Party,sonicpinballparty,Japan,2003-07-17,Sonic Team/Jupiter,SEGA,#players:4:vs #genre:parlor>pinball #addon:link>gbalinkcable>gbacable #embedded:backup>flashram #save:backup #search:feature>sonic #lang:ja:en:fr:de:es:it,0c8060d8231b01fb2b6670a5e059122d,b458f8c15178025960974fc520a9b28e8a7c25ee,cd45bf565840e4b32e40e9262acf66ca15be072d5191447e326e48ad2de41565,b0f4c7a650b26b805776ab8ca0a96d69364c8070dbec05a5f9ece6bf00228f9e86ec3fb69f1fcda455ea00c073158f244e7b8bc63a390238a03b3b7560a7401b
Sonic Pinball Party,=,Sonic Pinball Party,Sonic Pinball Party / ソニック ピンボール パーティー,sonicpinballparty,USA,2003-06-15,Sonic Team/Jupiter,SEGA,#players:4:vs #genre:parlor>pinball #addon:link>gbalinkcable>gbacable #embedded:backup>flashram #save:backup #search:feature>sonic #lang:en:ja:fr:de:es:it,de40b1738a7c670ca28ddf44bb908df6,92b5c19cb4dee8fdfc15a8abdc699822d5373042,5690eb0a58ac24616fd6747a8aedddc7777f28d6f3579cb4428ea8fa5d30208b,5fa5dfd3f6f1dbfc55ffe22cdce8ae04802af0718365902c5aaf58d831242dfe5ec726dc765673a12e8d4975237917519c733d089fe0a4bc69a1221d0f43ddcf
Spider-Man,=,Spider-Man,=,spidermanmovie,Europe,2002-06-07,Digital Eclipse,Activision,#players:1 #genre:action>platformer>hackandslash #embedded:backup>eeprom #save:backup #based:movie:marvel #search:feature>spiderman #lang:en,6ea428eabf05d2c51ed21b5608c5db21,c81efc39de8349d63ad30e72bbf3b049f37e542a,0725b77b6b1a803846c7fdfe98e9053b2200cb9931f1a871ea68d7619b03e704,b84df61e6ab0d2e7f750b8420268240b9c68bf4939904ed9396808b803ea0be37ccd08ede496958c3dab2d07b8eb5660b3f8cb05640d04640817d930f3e39ca6
Spider-Man,=,Spider-Man,=,spidermanmovie,France,2002-06-07,Digital Eclipse,Activision,#players:1 #genre:action>platformer>hackandslash #embedded:backup>eeprom #save:backup #based:movie:marvel #search:feature>spiderman #lang:fr,46e6cc0beebb0df7077540866ab98bf3,4f59528790e57cc469925ac933fb0f758bbe4d67,9f0d58954fcdc2ad605b85e4c4bf97a8ada2deb4be0d2be88ee5f96940e63511,e81b2c374438166e6ed3f6072a718410404f0b678a4a668f7ea3f0d88e19b6a14a708f5214a89e70745c99c294058194338de97677eef7f770395a7b8240e8f6
Spider-Man,=,Spider-Man,=,spidermanmovie,Germany,2002-06-07,Digital Eclipse,Activision,#players:1 #genre:action>platformer>hackandslash #embedded:backup>eeprom #save:backup #based:movie:marvel #search:feature>spiderman #lang:de,7452f7a8e88435a3c4010262a78037e6,da1b9d0c430a1967de37798f245ffc9ef1f05e47,21af13861babb0b4bc30a3a1f219e5afa4f25de9f7d9480ffce22c2486244583,be58d5050d2d8808f23d7a48d4852ad62ea387308aee9c8b218b2e243e9fad7f8884289bd19a054acae3ef8cb50473768c8293950a3b5a77d614bccf628d6f9a
Spider-Man,=,Spider-Man,=,spidermanmovie,USA,2002-04-16,Digital Eclipse,Activision,#players:1 #genre:action>platformer>hackandslash #embedded:backup>eeprom #save:backup #based:movie:marvel #search:feature>spiderman #lang:en,6ea428eabf05d2c51ed21b5608c5db21,c81efc39de8349d63ad30e72bbf3b049f37e542a,0725b77b6b1a803846c7fdfe98e9053b2200cb9931f1a871ea68d7619b03e704,b84df61e6ab0d2e7f750b8420268240b9c68bf4939904ed9396808b803ea0be37ccd08ede496958c3dab2d07b8eb5660b3f8cb05640d04640817d930f3e39ca6
Spider-Man 2,=,Spider-Man 2,=,spiderman2movie,Europe,2004-07-09,Digital Eclipse,Activision,#players:1 #genre:action>platformer>hackandslash:adventure #embedded:backup>eeprom #save:backup #based:movie:marvel #search:feature>spiderman #lang:en:fr:de:es,22695f0e188adebaa5f7b865c9719daa,042cbc4c7f720a4b0c9a2cb3e77b2339db346a1e,0f194e208ba0d0274791dcccca45de7440c7e4ad8135e60ee1d9735d9aaf6f15,b664038ebd7d9d7540ca9242ad26cc1b653f68a290a59468979909ae9e59e64f11e06bb6be5c71726257163da6f464e7327a581f08276c0e2ab91cb952444495
Spider-Man 2,=,Spider-Man 2,=,spiderman2movie,Italy,2004-07-09,Digital Eclipse,Activision,#players:1 #genre:action>platformer>hackandslash:adventure #embedded:backup>eeprom #save:backup #based:movie:marvel #search:feature>spiderman #lang:it,ddd7ea535fbd95d05686186a4b15aef6,fe8cea2389676d965051368aabd6cc614ffabd28,dc407969d773ada37c083442da9859708782c7518ab3aac4f4fecb5f53de3ee7,210f512de36612158dc2e345d40efee3340daea8a22dd5bc7ae25a97a9dc38337e69d7663acd9af893930745aa5927725563596bf1aae71f98b3fc82cb1c6c8f
Spider-Man 2,=,Spider-Man 2,=,spiderman2movie,United Kingdom/Ireland,2004-07-09,Digital Eclipse,Activision,#players:1 #genre:action>platformer>hackandslash:adventure #embedded:backup>eeprom #save:backup #based:movie:marvel #search:feature>spiderman #lang:en,7914ea9bed5d6936cec9b1c240247bda,bb4a913f73139754dda95eb6b63d3b07501da970,8643634f8923cb309c45e80d99b6e894c2f239d4ec06ce4ddcdd8feb0d9f2c9c,e99b9335c97589a6c3371d56958f7d04a100e077a78f32fd211018aec8255ab2053f0f5b61d8e3a6d9b2ed56031b34179937babb59d2ab119b55b17f2c749e0a
Spider-Man 2,=,Spider-Man 2,=,spiderman2movie,USA,2004-06-29,Digital Eclipse,Activision,#players:1 #genre:action>platformer>hackandslash:adventure #embedded:backup>eeprom #save:backup #based:movie:marvel #search:feature>spiderman #lang:en,7914ea9bed5d6936cec9b1c240247bda,bb4a913f73139754dda95eb6b63d3b07501da970,8643634f8923cb309c45e80d99b6e894c2f239d4ec06ce4ddcdd8feb0d9f2c9c,e99b9335c97589a6c3371d56958f7d04a100e077a78f32fd211018aec8255ab2053f0f5b61d8e3a6d9b2ed56031b34179937babb59d2ab119b55b17f2c749e0a
Spider-Man: Mysterio no Kyōi,Spider-Man スパイダーマン ミステリオの脅威,Spider-Man: Mysterio no Kyōi,Spider-Man ミステリオの脅威,spidermanmysteriosmenace,Japan,2002-04-26,Vicarious Visions,Success,#players:1 #genre:action>platformer>hackandslash:adventure #save:password #based:marvel #search:feature>spiderman #lang:ja,e2026eacc69f10684dd4d370c4abedec,4e7504a3692a56819398d1c79a9a0ffb84507864,3cfd3ce45f206df6c17c047a8a541173bcf0e27c13fa45d7a902536a393a9f0f,6edbfd403e90d714203930574639fb23bd44128b38e846b2a5e9a76cb5d29d318866b8855e8b28c9ce4ac1a2e4b64a411dd43b85ea382e2744811c4063f673e6
Spider-Man: Mysterio's Menace,=,Spider-Man: Mysterio's Menace,=,spidermanmysteriosmenace,Europe,2001-09-21,Vicarious Visions,Activision,#players:1 #genre:action>platformer>hackandslash:adventure #save:password #based:marvel #search:feature>spiderman #lang:en,fbda16cbc7e3f81aa5b90da955d3e114,ef80933054d6be9532d5d35bee6f715438301755,009d1f54f5c25b88a5ebcf10be9937671611ebd9eaa384b0428f8438ff3c4287,9f6e69f72d6c209ccbbc3a343e2ba13b32e8370d913ee73d7711bf72c4358d2695c1a6a864af8203a63fd0f36d9aecc4aa9860d68858ca910f4f15c707b1a91e
Spider-Man: Mysterio's Menace,=,Spider-Man: Mysterio's Menace,=,spidermanmysteriosmenace,USA,2001-09-19,Vicarious Visions,Activision,#players:1 #genre:action>platformer>hackandslash:adventure #save:password #based:marvel #search:feature>spiderman #lang:en,fbda16cbc7e3f81aa5b90da955d3e114,ef80933054d6be9532d5d35bee6f715438301755,009d1f54f5c25b88a5ebcf10be9937671611ebd9eaa384b0428f8438ff3c4287,9f6e69f72d6c209ccbbc3a343e2ba13b32e8370d913ee73d7711bf72c4358d2695c1a6a864af8203a63fd0f36d9aecc4aa9860d68858ca910f4f15c707b1a91e
SpongeBob SquarePants: Battle for Bikini Bottom,=,SpongeBob SquarePants: Battle for Bikini Bottom,SpongeBob SquarePants: Battle for Bikini Bottom / Bob L'Éponge: Bataille pour Bikini Bottom / SpongeBob Schwammkopf: Schlacht um Bikini Bottom,spongebobsquarepantsbattleforbikinibottom,Europe,2003-11-28,Vicarious Visions,THQ,#players:1 #genre:action>platformer #save:password #based #lang:en:fr:de,e84de432672187d3d0b8f4d4d654013b,fd66fa65ed2351c4493d4c3e32768fad9701e822,319c4705da1dd97364f803a3d89c589b5b80539f073e16634eac18a025259eed,1747ec0d48816cbb5fc845f48b831ef139f62114893e0bdb75351ae7a31d246bb876e6c9fd8795b35a741e3123010e6d6cfaf02a2ab9d4aa9dfedc28f8272bc4
Bob L'Éponge: Bataille pour Bikini Bottom,=,Bob L'Éponge: Bataille pour Bikini Bottom,SpongeBob SquarePants: Battle for Bikini Bottom / Bob L'Éponge: Bataille pour Bikini Bottom / SpongeBob Schwammkopf: Schlacht um Bikini Bottom,spongebobsquarepantsbattleforbikinibottom,France,2003-11-28,Vicarious Visions,THQ,#players:1 #genre:action>platformer #save:password #based #reboxed #lang:en:fr:de,e84de432672187d3d0b8f4d4d654013b,fd66fa65ed2351c4493d4c3e32768fad9701e822,319c4705da1dd97364f803a3d89c589b5b80539f073e16634eac18a025259eed,1747ec0d48816cbb5fc845f48b831ef139f62114893e0bdb75351ae7a31d246bb876e6c9fd8795b35a741e3123010e6d6cfaf02a2ab9d4aa9dfedc28f8272bc4
SpongeBob Schwammkopf: Schlacht um Bikini Bottom,=,SpongeBob Schwammkopf: Schlacht um Bikini Bottom,SpongeBob SquarePants: Battle for Bikini Bottom / Bob L'Éponge: Bataille pour Bikini Bottom / SpongeBob Schwammkopf: Schlacht um Bikini Bottom,spongebobsquarepantsbattleforbikinibottom,Germany,2003-11-28,Vicarious Visions,THQ/Toggo,#players:1 #genre:action>platformer #save:password #based #reboxed #lang:en:fr:de,e84de432672187d3d0b8f4d4d654013b,fd66fa65ed2351c4493d4c3e32768fad9701e822,319c4705da1dd97364f803a3d89c589b5b80539f073e16634eac18a025259eed,1747ec0d48816cbb5fc845f48b831ef139f62114893e0bdb75351ae7a31d246bb876e6c9fd8795b35a741e3123010e6d6cfaf02a2ab9d4aa9dfedc28f8272bc4
SpongeBob SquarePants: Battle for Bikini Bottom,=,SpongeBob SquarePants: Battle for Bikini Bottom,=,spongebobsquarepantsbattleforbikinibottom,USA,2003-10-31,Vicarious Visions,THQ,#players:1 #genre:action>platformer #save:password #based #lang:en,3992a0d8089401553ce3478bd9863aac,db3a7b838149765a28e939ba162f72202d302b40,0a6f08f0725a2c343f2ec1c3798e802dd58920b0356b2eaf04706a34a084c2df,2405a8e1aba41ac7b83ea21510d58586123700c594ad2546d466833efc7f9efa6c500b79817c7c554d02f234eae3771e16c5e776e85d18de9ca9e2fc76902ff7
SpongeBob SquarePants: Revenge of the Flying Dutchman,=,SpongeBob SquarePants: Revenge of the Flying Dutchman,=,spongebobsquarepantsrevengeoftheflyingdutchman,Europe,2003-03-28,Vicarious Visions,THQ,#players:1 #genre:action>platformer:minigames:rhythm #save:password #based #lang:en,0be6c13af62a0f75651bb2acbc397a56,f5e28f897edb62019addcf3635ab89df032186a0,6f5b328b9a2fe15708f4153f1ca8727babf490ea225eb4d98a3954c2e001a24c,58e774cb1bbb190690d1cb901f9122a0d57be2f8ee6ca3e7e8853a2940783d9af782e08fb10e350cd9750ec4866aab12d07f102613f21ba5e2403d4dcd82cda1
SpongeBob SquarePants: Revenge of the Flying Dutchman,=,SpongeBob SquarePants: Revenge of the Flying Dutchman,=,spongebobsquarepantsrevengeoftheflyingdutchman,USA,2002-09-10,Vicarious Visions,THQ,#players:1 #genre:action>platformer:minigames:rhythm #save:password #based #lang:en,0be6c13af62a0f75651bb2acbc397a56,f5e28f897edb62019addcf3635ab89df032186a0,6f5b328b9a2fe15708f4153f1ca8727babf490ea225eb4d98a3954c2e001a24c,58e774cb1bbb190690d1cb901f9122a0d57be2f8ee6ca3e7e8853a2940783d9af782e08fb10e350cd9750ec4866aab12d07f102613f21ba5e2403d4dcd82cda1
SpongeBob SquarePants: Revenge of the Flying Dutchman,=,SpongeBob SquarePants: Revenge of the Flying Dutchman,=,spongebobsquarepantsrevengeoftheflyingdutchman,USA/Europe,2002,Vicarious Visions,THQ,#players:1 #genre:action>platformer:minigames:rhythm #save:password #based #lang:en #unfinished:beta,f3f8de4d9497fde3be0a950a10bb2f5b,7d59035ecd7f7db78368de499667b79ff4899237,cb2aaaf09048e8653d9ed39d4334b6580d6196a537079adcba025932936b0e1e,b65c5e02ab201e70b646829bb4a249470bd82a7c6d88c76debc771fc337c3922a1d2f6ea53a10dccadfdd5ee0eab3056c92f3407370b26e06dd0356d03b5fbb1
SpongeBob SquarePants: SuperSponge,=,SpongeBob SquarePants,=,spongebobsquarepantssupersponge,USA,2001-11-05,Climax,THQ,#players:1 #genre:action>platformer #save:password #based #lang:en,c2bfa5c822f33eaed02ad2f94a0414b4,b67caab6316a8478129f43672572277f411f211d,e4e37b9b4213ffd3f309dcf418d0dbe191f2aac4674d90de7b2214df802b8cf0,5af5d5065f0c38b867e88121d24b4c695f038ed7fa43f1b9e62ab905820899883c7cb9d6c9410d6f66c772519feeeae0547a7cf0180d98515ceb686da191a905
SpongeBob SquarePants: SuperSponge,=,SpongeBob SquarePants,=,spongebobsquarepantssupersponge,Europe,2001-08-13,Climax,THQ,#players:1 #genre:action>platformer #save:password #based #lang:en,c2bfa5c822f33eaed02ad2f94a0414b4,b67caab6316a8478129f43672572277f411f211d,e4e37b9b4213ffd3f309dcf418d0dbe191f2aac4674d90de7b2214df802b8cf0,5af5d5065f0c38b867e88121d24b4c695f038ed7fa43f1b9e62ab905820899883c7cb9d6c9410d6f66c772519feeeae0547a7cf0180d98515ceb686da191a905
SpongeBob SquarePants: SuperSponge,=,SpongeBob SquarePants,=,spongebobsquarepantssupersponge,USA/Europe,2000-11-28,Climax,THQ,#players:1 #genre:action>platformer #save:password #based #lang:en #unfinished:beta,1f7d87cd45e6105577670cab74961993,b8dc30177eb1cefdbe7bf93023f70e73ee51f9d7,630e4e20ba075c5571e34a4f53c1d343704daa6fbd993c627a3fe14ecb4c2ffc,3f9b5370a1aff7fe6b2597c1f713ee0a80fe3ce7b1a40d4b76c63fc6dfc06ed52c2c7f9c0e75bd36d3a1354705d4176c0d00b00abafd32a0cb93579e5d7623fd
SpongeBob SquarePants: SuperSponge,=,SpongeBob SquarePants,=,spongebobsquarepantssupersponge,USA/Europe,2001-01-08,Climax,THQ,#players:1 #genre:action>platformer #save:password #based #lang:en #unfinished:beta,64a2d8dd1cfb869d4ad52c506819576f,d14787d2af88af2907f71744d4b4a933b38ee31a,4a8ebf4bd0be15f572824157f53e6fd50e2b234210c606b38f721bb51551df0f,915df83666aad7b567bfc1402b46cce0729c27acc44d8e0d8ab0d95456069fa2cd46fa191a1306bac6bf6db9aac50cbccbc4fbbcd9d37ddac86a49d82324399d
SpongeBob SquarePants: SuperSponge,=,SpongeBob SquarePants,=,spongebobsquarepantssupersponge,USA/Europe,2001-01-08,Climax,THQ,#players:1 #genre:action>platformer #save:password #based #lang:en #unfinished:beta #alt,510747757a8d81422637656652be1c29,bc0833743e90b6cff8f51906e12f15748fed4ed6,55c037a37b31e7b844b10a789a96d083ad424033ee545f74fb4994314a3b8233,e396d0bcf87c74708bf0dd16cd2a316d4a479fd5bdd41dd1e0d3598027c7a0a6f7e44a567cfea78af162a4d7f9438d8ca9679861fd09f9e700d392501a36f02b
SpongeBob SquarePants: SuperSponge,=,SpongeBob SquarePants,=,spongebobsquarepantssupersponge,USA/Europe,2001-02-05,Climax,THQ,#players:1 #genre:action>platformer #save:password #based #lang:en #unfinished:beta,1e04d15e21960028153dd09609103c63,b39363d72dc36bc066646ef71aeb4be8c871708c,28016a48420ddfee8916398dae74d5c402e1af63aef333bb4b0faa799d8dee48,4349a73e7ee40e151ab21157e9c373964d7237ceebeb1f9c8e37f663bbad66e1d151bb7360367c9d5918b05fa2ce26f695512cfdf8edddbac1aa65ff3b18f2c4
SpongeBob SquarePants: SuperSponge,=,SpongeBob SquarePants,=,spongebobsquarepantssupersponge,USA/Europe,2001-02-15,Climax,THQ,#players:1 #genre:action>platformer #save:password #based #lang:en #unfinished:beta,b85b495da78f807409dd55907d25d220,7da06ad1153f930f89ef590fde202d3de5d874ca,baedb1d394b736ac270c5cf4de2f093e4bdbe01ad9e0aad0ad9e818c741a7262,82dd8009ac946c328b7ffb2430d795b1e8697401edcc8fd73fa8c11049300208502566c342d4558219e010f0ef112276f01220a1060f929bf4fefbfd4369e83f
SpongeBob SquarePants: SuperSponge,=,SpongeBob SquarePants,=,spongebobsquarepantssupersponge,USA/Europe,2001-02-23,Climax,THQ,#players:1 #genre:action>platformer #save:password #based #lang:en #unfinished:beta,57ee08bdf1400798318d5cfa699d6aed,61f7280e5e397f08f7d055b37f9adccb9abff41e,fd17fc30a6543c6746cd8440dd98b2e5e218329e11c008120dd2f53a7b51dd33,cd90bb9bcda61c89197792c82b7511b614fd32216995afbc024cd69dd5879d51335fe4e724bacb79e8c5f57e0e640f01119bac2bc489001b3b93c164e857277a
SpongeBob SquarePants: SuperSponge,=,SpongeBob SquarePants,=,spongebobsquarepantssupersponge,USA/Europe,2001-02-26,Climax,THQ,#players:1 #genre:action>platformer #save:password #based #lang:en #unfinished:beta,000d041c067efea777a6608fb4ec2b7a,cc059a9b3da31b66824f57214b7affc2a074f136,5914d352ae5b9bce1e0acd3211345ff74a0e05f09ed9ff566f07b461f3cd1488,d59b88d4d5a58df6666d23b5ccad085bee0a6d847a5fa2b5f8d1438efdd8d9dc23bce4a688a09b58bd579d2b81a1f405c5f0f6be82582c68785082702214d3b7
SpongeBob SquarePants: SuperSponge,=,SpongeBob SquarePants,=,spongebobsquarepantssupersponge,USA/Europe,2001-03-01,Climax,THQ,#players:1 #genre:action>platformer #save:password #based #lang:en #unfinished:beta,ad5bc8554ad143698f62be566789c519,1599a3e273337f7c235ce118ffbff7e316d677b9,6470610be896986948082e8fed242438e82b2c7eb3ad66d3f3921feefecb45a0,81d119911e3c854fb9c2c9c712d25e0beada3516a4ce215ce1d9995f56ffc37e1e60a8b21c3a1dffd0a3cf698c14ae0cad625994d8098f9c07afb23bc6783a20
SpongeBob SquarePants: SuperSponge,=,SpongeBob SquarePants,=,spongebobsquarepantssupersponge,USA/Europe,2001-03-12,Climax,THQ,#players:1 #genre:action>platformer #save:password #based #lang:en #unfinished:beta,26cc5df15901f42782974643505e5159,1f0e72c487fa405b017528a36781f16c6625b1c2,54b4f125b6bae0bd09a1c9ac2d838b7be7e4b74f6311d8dce96beee648b041d0,bebd96bdabb672486761dbcd1eb2487600c54a72d9382a9ec63bd2bc9e318638b2c8b5f8f29e1e546613b3aecd59c212a557b48b85faa5f4d90e4516cdc25045
SpongeBob SquarePants: SuperSponge,=,SpongeBob SquarePants,=,spongebobsquarepantssupersponge,USA/Europe,2001-03-28,Climax,THQ,#players:1 #genre:action>platformer #save:password #based #lang:en #unfinished:beta,7844309a174e721757f6149fc7de3af0,2608c985c8ab5bffeae0687421bb21a46e34b681,704787354a60a01fcc982d7cd03b584cbaadd689c0e6b80c73434d5b921c2358,53c01fecf68aef1371913c53ab40a247966ffe131677ae68ba75388612db400632a7276bd3d8d0e9155251bf38582f9a9b8e79dc88fe2cf00ae6cae88196a301
SpongeBob SquarePants: SuperSponge,=,SpongeBob SquarePants,=,spongebobsquarepantssupersponge,USA/Europe,2001-03-14,Climax,THQ,#players:1 #genre:action>platformer #save:password #based #lang:en #unfinished:beta,b5826ea94a5b01ab8362eb5b50aaec2c,50916c543c4ae5f59c9c7f4062b9103228b0eaa4,c7d8cbf0290834f11135d01008dadc556031699e62ee52973dc1ea8a6930be09,83a410030420d524836e499e66800ebd3b45dc4cb2690e29d05e6d9450f9718b9eef31c8f9b14b4c269b99eedb985d12174a64a984c4f9924991d10de944d1c3
SpongeBob SquarePants: SuperSponge,=,SpongeBob SquarePants,=,spongebobsquarepantssupersponge,USA/Europe,2001-04-03,Climax,THQ,#players:1 #genre:action>platformer #save:password #based #lang:en #unfinished:beta,26711d7758259e9637b79fb3625b1a0c,c617321d405f4a5bb07c4fa769321df46a944bb8,258d9a6beab32ad1aa687a1e474ae4cbcca2c4a4380027c640f1a930303caec6,be1ac132ccdb883c5c8502b3f285368af801a67f4e53358d9121ae27d54f8ae5fd5c84c5958d345573b474328594ea73cd974e963e5a9ddcbd24334020dee2d2
SpongeBob SquarePants: SuperSponge,=,SpongeBob SquarePants,=,spongebobsquarepantssupersponge,USA/Europe,2001-04-04,Climax,THQ,#players:1 #genre:action>platformer #save:password #based #lang:en #unfinished:beta,04507c08f149756e262017efd3df4bee,0177808f1bcd65738c10fd0fba477ecdd46a791f,bc40e7306446dfb46623b4a96752dcaa8c6607b73501a1ffa5007f17ee7f0021,56c228514d2fd361af021d77155bbde67c290f7cd2fcef7d6704da4837bc4d600264e3d5cb3672ef5e2269bc8759f6c8cfcd87ee056693a713f167729fff7810
SpongeBob SquarePants: SuperSponge,=,SpongeBob SquarePants,=,spongebobsquarepantssupersponge,USA/Europe,2001-06-06,Climax,THQ,#players:1 #genre:action>platformer #save:password #based #lang:en #unfinished:beta,6ea76fbfa326b0b7fd31c5f6050f23ff,071e9a6c09ccd6e52d1d6cc40a0ebea3e8dd80c3,1722ead243402ccac5080b94d191885a2e20c9d544424c8f809566ad9dc022eb,7513afbb612de473c0e2543e1bd6681dfdaf369bb6b9628b7b144877e465b5c429f9747b40aba1a037a5132f39bbcd40615d39df6f556005c7394d726255b188
SpongeBob SquarePants: SuperSponge,=,SpongeBob SquarePants,=,spongebobsquarepantssupersponge,USA/Europe,2001-06-06,Climax,THQ,#players:1 #genre:action>platformer #save:password #based #lang:en #unfinished:beta #alt,c6badb88a556c59dd89b16809a2529b3,909a6cc0930818de20489cfcdd967280b403272b,1552e7b92f915bafcd12f0f7dcd2608b19eb4cfb777496e0f1022c7b892aa741,cfc3b3def6c999ac2993047a163e52fa10a9e0a95b8a2c2028e56262a83c6556553ee04535f5d96d5cbc8329fce99f5ba0b2ccf0f54671962495cfe2db14dd22
SpongeBob SquarePants: SuperSponge,=,SpongeBob SquarePants,=,spongebobsquarepantssupersponge,USA/Europe,2001-07-31,Climax,THQ,#players:1 #genre:action>platformer #save:password #based #lang:en #unfinished:beta,6745d2318412926b3e1118e83b8b1990,bb298d490ec9d8657cbd2fc402ae1e0a5792d406,d9b0661474f3f5d398142dc31a76c42fbe4ce62c722ec4ef4cf70dd42c2d5169,4ae7cf841e5873c2a8fadd7580f9938502d8a21563f45a72126281b853fb45a4e3bbb9315b7fe51198ab620544143151e49b8836b33e0b0a00dfc26a9bc480da
SpongeBob SquarePants and Friends in Freeze Frame Frenzy,=,SpongeBob SquarePants and Friends in Freeze Frame Frenzy,SpongeBob SquarePants and Friends in Freeze Frame Frenzy / Bob Esponja y sus Amigos: La Cámara Loca / Bob L'Eponge et ses amis: La Photo en Délire / SpongeBob SquarePants en zijn Vrienden: De Gekke Camera / SpongeBob Schwammkopf und seine Freunde im Fotofieber,nicktoonsfreezeframefrenzy,Europe,2004-11-26,Altron,THQ,#players:1 #genre:action:adventure #embedded:backup>eeprom #save:backup #based #lang:en:es:fr:nl:de,a27db836275aa6f0ba559c6fcfbcde0b,68e3393496e93704a9484e544aec87cdb81acb04,2e47d3c81da9b9bc3c524e7c2188ccdf509f10c0e45c2f6d5d946bda2d0bebd7,b68cefb8e752b6a0ad085a6225b724496a25d76e712965235a8dd292842c95e0543b70c210c8124c41aafbbc1260850d585239563ccea9c1b1e335fc85c1401b
Bob L'Éponge et ses amis: La Photo en Délire,=,Bob L'Eponge et ses amis: La Photo en Délire,SpongeBob SquarePants and Friends in Freeze Frame Frenzy / Bob Esponja y sus Amigos: La Cámara Loca / Bob L'Eponge et ses amis: La Photo en Délire / SpongeBob SquarePants en zijn Vrienden: De Gekke Camera / SpongeBob Schwammkopf und seine Freunde im Fotofieber,nicktoonsfreezeframefrenzy,France,2004-11-26,Altron,THQ,#players:1 #genre:action:adventure #embedded:backup>eeprom #save:backup #based #reboxed #lang:en:es:fr:nl:de,a27db836275aa6f0ba559c6fcfbcde0b,68e3393496e93704a9484e544aec87cdb81acb04,2e47d3c81da9b9bc3c524e7c2188ccdf509f10c0e45c2f6d5d946bda2d0bebd7,b68cefb8e752b6a0ad085a6225b724496a25d76e712965235a8dd292842c95e0543b70c210c8124c41aafbbc1260850d585239563ccea9c1b1e335fc85c1401b
SpongeBob Schwammkopf und seine Freunde im Fotofieber,=,SpongeBob Schwammkopf und seine Freunde im Fotofieber,SpongeBob SquarePants and Friends in Freeze Frame Frenzy / Bob Esponja y sus Amigos: La Cámara Loca / Bob L'Eponge et ses amis: La Photo en Délire / SpongeBob SquarePants en zijn Vrienden: De Gekke Camera / SpongeBob Schwammkopf und seine Freunde im Fotofieber,nicktoonsfreezeframefrenzy,Germany,2004-11-26,Altron,THQ,#players:1 #genre:action:adventure #embedded:backup>eeprom #save:backup #based #reboxed #lang:en:es:fr:nl:de,a27db836275aa6f0ba559c6fcfbcde0b,68e3393496e93704a9484e544aec87cdb81acb04,2e47d3c81da9b9bc3c524e7c2188ccdf509f10c0e45c2f6d5d946bda2d0bebd7,b68cefb8e752b6a0ad085a6225b724496a25d76e712965235a8dd292842c95e0543b70c210c8124c41aafbbc1260850d585239563ccea9c1b1e335fc85c1401b
SpongeBob SquarePants en zijn Vrienden: De Gekke Camera,=,SpongeBob SquarePants en zijn Vrienden: De Gekke Camera,SpongeBob SquarePants and Friends in Freeze Frame Frenzy / Bob Esponja y sus Amigos: La Cámara Loca / Bob L'Eponge et ses amis: La Photo en Délire / SpongeBob SquarePants en zijn Vrienden: De Gekke Camera / SpongeBob Schwammkopf und seine Freunde im Fotofieber,nicktoonsfreezeframefrenzy,Netherlands,2004-11-26,Altron,THQ,#players:1 #genre:action:adventure #embedded:backup>eeprom #save:backup #based #reboxed #lang:en:es:fr:nl:de,a27db836275aa6f0ba559c6fcfbcde0b,68e3393496e93704a9484e544aec87cdb81acb04,2e47d3c81da9b9bc3c524e7c2188ccdf509f10c0e45c2f6d5d946bda2d0bebd7,b68cefb8e752b6a0ad085a6225b724496a25d76e712965235a8dd292842c95e0543b70c210c8124c41aafbbc1260850d585239563ccea9c1b1e335fc85c1401b
Spy Hunter / Super Sprint,=,Spy Hunter / Super Sprint,=,spyhuntersupersprint,USA,2005-08-16,Black Lantern,DSI,#players:1 #genre:shmup>v:racing:sports>formula1 #port:arcade #compilation:spyhunter:supersprint #lang:en,2b58ab05006a99c7b075a72141c39346,b0b7c1bc5bc222eee353fc7889e591d87d33f0a2,6e1eec252d093ccb1c94bac0b97296b1d410d3ab1157e9ee9b3630f376ca839c,ef05545cf8fd49dcbd0831add705a5ef4313625129c43c126a103b4ef58c83728ccfcaff9633028767ec19198934226a90ba992bcd50e44cc0ace9b41542a38e
Spy Hunter & Super Sprint,=,Spy Hunter / Super Sprint,=,spyhuntersupersprint,Europe,2005-09-16,Black Lantern,Zoo,#players:1 #genre:shmup>v:racing:sports>formula1 #port:arcade #compilation:spyhunter:supersprint #lang:en:fr:de:es:it,2644a4b5adb2bfe2ca1263b9db9649fc,e280870419c5c462e3a3a90c59cf42307098e75a,60e000f3faf5117114f10ccfcc6ed694c3f3cf0b07a0c5d1a56cdc96bb9747bd,f9aed29d463aa4170b51a81b6cb63a2c04faf0e089a8267a65c1572540f9b52e8033df812eb092f9e71dfacc930f95a3b16cec9d7397d4551e44c6f7ac831d81
Stuntman,=,Stuntman,=,stuntman,Europe,2003-08-08,Velez & Dubail,Atari,#players:2:vs #genre:action:sim>driving:racing #addon:link>gbalinkcable #embedded:backup>eeprom #save:backup #port:sony>playstation2 #lang:en:fr:de:es:it,dfd7387e205c01a4f044e3a1d4aaea68,fb61638e964a02e3dbda9f4c1b3bbe7b195bba9c,49d4f37c1ff622c3161500570e39bf6403c6e05cd32862632e83fe1e652a5af2,ead3d1a268c494afaf7e92f51b3b08c8c244d75750fc01b32bf855686ce04455f36be39ace782d77eb7182ec8afb5eba5107cb0825925558e3c06bb6a48c5d8d
Stuntman,=,Stuntman,=,stuntman,USA,2003-06-24,Velez & Dubail,Atari,#players:2:vs #genre:action:sim>driving:racing #addon:link>gbalinkcable #embedded:backup>eeprom #save:backup #port:sony>playstation2 #lang:en:fr:es,870aaedb84a214fa52b167a37c94b591,b9f5fdc3bc755490439440ffcd95e53b3f9f6c06,9c90dad99b5b58c5bd2a08857577b17ca145addc8c37d8f868e10417a1db9443,da317007a0137af1de7fed54a7138eb239647ab1e4d61f734721a269057ea1aba1a701bfb97528250e99090ab8ae7b35f1f9a685f7162e7887f9247a0629c2bf
Super Black Bass Advance,=,Super Black Bass Advance,=,superblackbassadvance,Europe,2002-02-05,Starfish,Ubisoft,#players:4:vs #genre:sim>fishing #addon:link>gbalinkcable #embedded:backup>eeprom #save:backup #lang:en,fe1bd7d414d0a710ef17d38cec1a76cc,f29fa04bcd4c1a2bfd466d6046ac6eb86071b2fc,5849b0bccf9233e464c0dfabdb54123a0b8f88ccd616b5e63d6ceda5dd6368d5,1001d8130de833e553a69d6702078b75e558d9cc5eb91623c5da9319371e8b868162f9313eea205e8215866ead8ffdebe2afc9565ab7cd15ba218be24c44dbcb
Super Black Bass Advance,Super Black Bass Advance スーパーブラックバス アドバンス,Super Black Bass Advance,=,superblackbassadvance,Japan,2001-08-10,Starfish,Starfish,#players:4:vs #genre:sim>fishing #addon:link>gbalinkcable #embedded:backup>flashram #save:backup #lang:ja,624a73d3cb69e50c0a1cc9de726083ec,2d71d6d29729ac5d3302f1d14e2e774afe7a06a8,7fa6b62e5aee6f67a8f2d3f9c2988ff358d3547c7d8c1e83d2bbf8e34381dd11,34c9c7e5b1b3a35ddb55a0b723c8349f9380870f7e77b8c37682f170cd0830d93cc143bb20dca6a503b0a3598928420a7e03a809e277da2360a8c81115e370cf
Super Breakout & Millipede & Lunar Lander: Triple the Fun! 3 Games in One!,=,Super Breakout / Millipede / Lunar Lander,=,superbreakoutmillipedelunarlander,Europe,2005-09-02,Gravity-i,Zoo,#players:1 #genre:action>blockbreaker:shmup #port:arcade #compilation:superbreakout:millipede:lunarlander #lang:en:fr:de:es:it,426846f424d7463a86f637fdb1765080,d3d6ec5c0817a0375c81167c70d92350996a21df,a19a2d832ce554412b089c58d244aa3c0502e5de6b42665602273a07d5637f76,261f1cebc6987b6e2ef7fbb5785854f6d986f2e840d93ab896e33bcb23f8d91a1cfbcd4f358dd7b7d82119ae418ad55692e2281737e18c31bde55848febd4722
Super Breakout / Millipede / Lunar Lander: Triple the Fun! 3 Games in One!,=,Super Breakout / Millipede / Lunar Lander,=,superbreakoutmillipedelunarlander,USA,2005-08-15,Gravity-i,DSI,#players:1 #genre:action>blockbreaker:shmup #port:arcade #compilation:superbreakout:millipede:lunarlander #lang:en,1739ddafb47c12da4709e9529c103d68,a520e5fc2fe3605c58ef4844f7fccfe7f8ddf5d1,c0ffe65ffa6c612cdfe71c00207928fc346ab14b1bf5751a3c47a6d08ab8776c,b1d3529c43127fe3f38e3757a6e3d4f18a49ff17722337d1bd1cb5d9567764020a73e15f3d3d985177235a0ee9656d9e6b2d3a31744f39644c637700929ad9ff
Super Dodge Ball Advance,=,Super Dodge Ball Advance,=,bakunetsudodgeballfighters,Europe,2001-11-16,Million,Ubisoft,#players:2:vs #genre:sports>dodgeball #addon:link>gbalinkcable #embedded:backup>battery #save:backup #lang:en,b4863030186e7e1da0a6009dada06cd5,a0ac6be19f385eef6bc48bca8d54520d4e8a00e7,80c2857f188e1f6d7c64637fab8b7b23e6e97116c6f576f4abe6c5335ee31717,a4265e9a9062d1683606addd2d7be0a6f49b54737457b34ede7b92c5a8fc4482f96e08a1555df684c68a2695c42133056b28d0b7633ae2cd6a54bb0272f86308
Super Dodge Ball Advance,=,Super Dodge Ball Advance,=,bakunetsudodgeballfighters,USA,2001-06-10,Million,Atlus,#players:2:vs #genre:sports>dodgeball #addon:link>gbalinkcable #embedded:backup>battery #save:backup #lang:en,816db888cae935e71a74a4ae6c461bee,5fc95814ea7695d1301df4b545614a1ffae95218,16e3d35c3282210b324295e4f836c86fcd8151d03cfd39952e32a6e1471946e1,e6806b4fe28ad209cc7184ea4a4eccb664664001de4a972d2a97ea37b0f9c42920b4fb0e5cf131958a8076e3047945130cc9a986d086a62ea7dc99eb9fca42f7
Super Dodge Ball Advance,=,Super Dodge Ball Advance,=,bakunetsudodgeballfighters,USA,2001,Million,Atlus,#players:2:vs #genre:sports>dodgeball #addon:link>gbalinkcable #embedded:backup>battery #save:backup #lang:en #unfinished:beta,2221038e601e260c39b5b5937064d4e4,66405cb265a5df8ea33b3c1e287b9b1098e90fbd,d9ac3900b78e0519de7a97cff2d8ea86d29eb5b611a26b643e6cd2c35aab9997,9b574d2c451879d895176e8e2e8f7112aadd7c205cd86c01b02b558b8d40a4e2da2381ff70415d2d987773ba6c4d2aedfe197ebbb161ebb6c5de4e4cd7a14e21
Super Dodge Ball Advance,=,Super Dodge Ball Advance,=,bakunetsudodgeballfighters,USA,,Million,Atlus,#players:2:vs #genre:sports>dodgeball #addon:link>gbalinkcable #embedded:backup>battery #save:backup #lang:en #rev:1,091ea9b529fcc8e05b87091e21f749c4,29561789fcb3bcd106a5d27dea47f29b393191f6,4dd78e4f989d027d35e4ea79317fccf6bf36a196982ef8d713338a8b8fe66882,b65d4de79717af4600f64b4274378d0bfb6271ae37dd9ba7b0c71f8be4b6e698a3a008e85789807e52eebebc8db156ad80f190e97828696cec932b559a0b581a
Tak and the Power of Juju,=,Tak and the Power of Juju,Tak and the Power of Juju / Tak & le Pouvoir de Juju / Tak und die Macht des Juju,takandthepowerofjuju,Europe,2004-12-16,Helixe/Factor 5,THQ,#players:1 #genre:action>platformer #embedded:backup>eeprom #save:backup #lang:en:fr:de,ab74d01622e145a4687ffc3e8af5f86b,1c1bd37eea1eff3fe83b902b55362efde51a723b,60f0b155a034e0581dec643b4d7fa320948c37bf530de0f1edfd2677313d5c02,d936a567af442b5ebb5d19b5e62c43c21013eb7201dc3ef84e273de0df1efba8c328f025da8e7851ab07b1138bc9770a2b55591edc6ad2e1588e79df89183da1
Tak & le Pouvoir de Juju,=,Tak & le Pouvoir de Juju,Tak and the Power of Juju / Tak & le Pouvoir de Juju / Tak und die Macht des Juju,takandthepowerofjuju,France,2004-12-16,Helixe/Factor 5,THQ,#players:1 #genre:action>platformer #embedded:backup>eeprom #save:backup #reboxed #lang:en:fr:de,ab74d01622e145a4687ffc3e8af5f86b,1c1bd37eea1eff3fe83b902b55362efde51a723b,60f0b155a034e0581dec643b4d7fa320948c37bf530de0f1edfd2677313d5c02,d936a567af442b5ebb5d19b5e62c43c21013eb7201dc3ef84e273de0df1efba8c328f025da8e7851ab07b1138bc9770a2b55591edc6ad2e1588e79df89183da1
Tak und die Macht des Juju,=,Tak und die Macht des Juju,Tak and the Power of Juju / Tak & le Pouvoir de Juju / Tak und die Macht des Juju,takandthepowerofjuju,Germany,2004-12-16,Helixe/Factor 5,THQ,#players:1 #genre:action>platformer #embedded:backup>eeprom #save:backup #reboxed #lang:en:fr:de,ab74d01622e145a4687ffc3e8af5f86b,1c1bd37eea1eff3fe83b902b55362efde51a723b,60f0b155a034e0581dec643b4d7fa320948c37bf530de0f1edfd2677313d5c02,d936a567af442b5ebb5d19b5e62c43c21013eb7201dc3ef84e273de0df1efba8c328f025da8e7851ab07b1138bc9770a2b55591edc6ad2e1588e79df89183da1
Tak y el Poder Juju,=,Tak y el Poder Juju,Tak y el Poder Juju / Tak e la Magia Juju,takandthepowerofjuju,Spain,2004-12-16,Helixe/Factor 5,THQ,#players:1 #genre:action>platformer #embedded:backup>eeprom #save:backup #lang:es:it,dce9d2624293ec80bd9e2937d9d3d0f1,d9e93f0ecf548b0adb31194d44bf1d3d070f680f,8657ddf732f6261a6b91df27ae773ca76715dbcc3e795f065f58c9412fad7b2a,e2d57744249b97332869a91367e21338f81d2bb27ae0950ba6754bfaa35adfb40fbfc8ff972ebd9e8721d71cfff8c81a247f5cba3652dda146b2062ff08b8617
Tak e la Magia Juju,=,Tak e la Magia Juju,Tak y el Poder Juju / Tak e la Magia Juju,takandthepowerofjuju,Italy,2004-12-16,Helixe/Factor 5,THQ,#players:1 #genre:action>platformer #embedded:backup>eeprom #save:backup #reboxed #lang:es:it,dce9d2624293ec80bd9e2937d9d3d0f1,d9e93f0ecf548b0adb31194d44bf1d3d070f680f,8657ddf732f6261a6b91df27ae773ca76715dbcc3e795f065f58c9412fad7b2a,e2d57744249b97332869a91367e21338f81d2bb27ae0950ba6754bfaa35adfb40fbfc8ff972ebd9e8721d71cfff8c81a247f5cba3652dda146b2062ff08b8617
Tak and the Power of Juju,=,Tak and the Power of Juju,=,takandthepowerofjuju,USA,2003-10-15,Helixe/Factor 5,THQ,#players:1 #genre:action>platformer #embedded:backup>eeprom #save:backup #lang:en,438be22c9e03529e2a03779a00d17b62,6d34590d88c541650a7bd2e17a338de82c5e84cb,b1dea3c30fd2d2d3c9602eeb0b7b9b60e313707084a8ce667d52f11c94fac6bb,df3ac846676866bc4103d6b92ee056b54bb9ba814ba932943397795832fc6c57deaa4d46bbdd2f88270f2eb378a8f5b7beac76e238e5455dd51774a761e36d47
Texas Hold 'em Poker,=,Texas Hold 'em Poker,=,texasholdempoker,USA,2004-11-01,Skyworks,Majesco,#players:1 #genre:board>cards #save:password #lang:en,07397d508982f2c340c296d2c057db8a,5fcc9958210d8bde94a429516b15ca669427fe6d,6b6787b2c91ad5e30a7c668424962122eb2fa8811a93dc4e61d41dbaecd030e3,1ca9368b2e1e2ce999528198ab9ab28f9f5539b126f78cd8cc578e632d1bc0573614eb12994f94eb70a3bcb82125bdd12db3838715f0d35164909a09cad5b545
The Adventures of Jimmy Neutron Boy Genius vs. Jimmy Negatron,=,Jimmy Neutron vs. Jimmy Negatron,=,theadventuresofjimmyneutronboygeniusversusjimmynegatron,Germany,2003-02-07,Human Soft,THQ,#players:4:vs #genre:action>platformer:adventure #addon:link>gbalinkcable #save:password #based #lang:de,fcba36d00eb7347a5836f1cfb8b31cc1,290f38966500a19e8151773e20335cb2bdf0b8c3,25f783d61a3323c168df008124e3e96523b5846979f350902fe0fd23f0ac4bca,3b33dc858d82f57143c76168c014321ca4ea686f43cd77bcff0530ff5f5f4d966878235640e510fe1db7ecd704da152ddfb91059bdb6160d0a86d1e43fd2876a
The Adventures of Jimmy Neutron Boy Genius vs. Jimmy Negatron,=,Jimmy Neutron vs. Jimmy Negatron,=,theadventuresofjimmyneutronboygeniusversusjimmynegatron,Germany,,Human Soft,THQ,#players:4:vs #genre:action>platformer:adventure #addon:link>gbalinkcable #save:password #based #lang:de #unfinished:beta,451ad2324cce205bab6913abd02e5f1e,c6d06002f71b3023b9d93a5d237b289cec51242e,468f81ed7907a63cde810e63b37f81e534f27a8b5d68203d0d202890ed64b8aa,6bb7639a0529a1a5976d83e895e7786e98c790e798f159d516f7c4786766f6cde15d4242fbf3889dd7871215e034f31d71cdc408ddb97a83d2aaede4ed08ecc4
The Adventures of Jimmy Neutron Boy Genius vs. Jimmy Negatron,=,The Adventures of Jimmy Neutron vs Jimmy Negatron,=,theadventuresofjimmyneutronboygeniusversusjimmynegatron,Europe,2003-02-07,Human Soft,THQ,#players:4:vs #genre:action>platformer:adventure #addon:link>gbalinkcable #save:password #based #lang:en,fce7adb1c33f9a75a03e1c425cb9930d,5a4b0f5782e42f04040a4b0fc0073e726e725681,20ea655f5ffe031183aaec8f9ad79253b0ce20e62a9413cf6928d62be1d414a7,c9ce6adf3eceae0e2e2761ae14fbbc40fb51f5af484ac9007403cfe54c1602ad8474b7c57050f36e1451dbec209987d552aba93245e2b473e752a5761492986f
The Adventures of Jimmy Neutron Boy Genius vs. Jimmy Negatron,=,The Adventures of Jimmy Neutron vs Jimmy Negatron,=,theadventuresofjimmyneutronboygeniusversusjimmynegatron,USA,2002-09-25,Human Soft,THQ,#players:4:vs #genre:action>platformer:adventure #addon:link>gbalinkcable #save:password #based #lang:en,fce7adb1c33f9a75a03e1c425cb9930d,5a4b0f5782e42f04040a4b0fc0073e726e725681,20ea655f5ffe031183aaec8f9ad79253b0ce20e62a9413cf6928d62be1d414a7,c9ce6adf3eceae0e2e2761ae14fbbc40fb51f5af484ac9007403cfe54c1602ad8474b7c57050f36e1451dbec209987d552aba93245e2b473e752a5761492986f
The Fairly OddParents! Breakin' da Rules,=,The Fairly OddParents! Breakin' da Rules,=,thefairlyoddparentsbreakindarules,USA,2003-11-03,Helixe/Factor 5,THQ,#players:1 #genre:action>runandgun #save:password #based #lang:en,e7af002a857d9960e3b5ce7a7f524813,35a84d39bfa1bf2c528d770e9b3d70a69a623973,148facea06f1bb7fe0b3157b1c3d28a2c3f448a0fdd7f06e8b8713cb873809df,ce1a6f6f0997eb173b1c5f3a226eab527a29408efa1814976a73e89e50ccd881651e2a5b5d615a9d7cc4f94853d324e8b50f39e4bf5c2d2f640092f62a72b66b
The Fairly OddParents! Enter the Cleft,=,The Fairly OddParents! Enter the Cleft,=,thefairlyoddparentsenterthecleft,USA,2002-11-04,Altron,THQ,#players:1 #genre:action>platformer #save:password #based #lang:en,e4ac9d76d7153c94919ce5a73dc984a4,cd9bd32cbf86d83688fa86aa24604391a779e5ab,12e5ea609248609b1abd7949aebc096ebf5218342e44dc87701da36c110c3877,b6e8bff74a963924714a4ebc261ab08d0a1c11e73bdd2d3120c9452e0c12142a73381ca3a4e96adcf51f4b9a7c824311447125752105b8e9f212cee25ac37045
The Fairly OddParents! Shadow Showdown,=,The Fairly OddParents! Shadow Showdown,=,thefairlyoddparentsshadowshowdown,Europe,2005-04-08,Helixe/Factor 5,THQ,#players:1 #genre:action>platformer #save:password #based #lang:en,12b7a60b8faba2b44b1fdf1396578037,cb645e6be17d2f0f5467804b5cdfa12fc312c881,4f933c2004483918804c8984b6d73425463a22ab42f681c6a418acfce6c45b55,22bc593236aa77ad99b9be9e343ba8e2130e3e09fbae1c78f08eb50dc98bbc93fe7bf19aa9a1d21f1f0d3fbc6e67ad23c4cec4e21b1bce16f05d3cd0e9206e03
The Fairly OddParents! Shadow Showdown,=,The Fairly OddParents! Shadow Showdown,=,thefairlyoddparentsshadowshowdown,USA,2004-09-08,Helixe/Factor 5,THQ,#players:1 #genre:action>platformer #save:password #based #lang:en,2d7e907c4e4741f1a2fcf4c4caae030e,6dcab3a6a888cc992e0b9432b828e692424e404b,e560a4e55220805d3590284c5953f7c5ffe3a0f32785bf14caddf00e7134dc6c,72d60780844059fbacb4ae3a30523bb941aa17632ba3f2c424d35e29f541fce473e2ef0b4fc075108e05e6d33bf4dc83986bbb8c7fe22f1046b2ddbee5c5e782
The Incredibles,=,The Incredibles,=,theincredibles,USA,2004-10-31,Helixe/Factor 5,THQ,#players:1 #genre:brawler #save:password #based:movie:disney #lang:en,97cc2aeb06142aedc38b672e90e04a11,091f81ab8bdb4032b772b94e14292b9a2cde5151,008e1d141cb764982568488b0262fe4bad64d5cc76bb3c8b9b2414af3f4313cf,9538c95abf115ea3f6cc544a58088a6408ba446268c4537a0ca0cf8821359d8e4f1576a5b74c894274356b9e9929911266b27327e173bda73caa7fa4defbcb30
The Incredibles,=,The Incredibles,=,theincredibles,United Kingdom/Ireland,2004-11-05,Helixe/Factor 5,THQ,#players:1 #genre:brawler #save:password #based:movie:disney #lang:en,97cc2aeb06142aedc38b672e90e04a11,091f81ab8bdb4032b772b94e14292b9a2cde5151,008e1d141cb764982568488b0262fe4bad64d5cc76bb3c8b9b2414af3f4313cf,9538c95abf115ea3f6cc544a58088a6408ba446268c4537a0ca0cf8821359d8e4f1576a5b74c894274356b9e9929911266b27327e173bda73caa7fa4defbcb30
The Incredibles,=,The Incredibles,Les Indestructibles / The Incredibles,theincredibles,Netherlands,2004-11-05,Helixe/Factor 5,THQ,#players:1 #genre:brawler #save:password #based:movie:disney #lang:nl:fr,30f5a0d49aa5672707ac5751ebd1996e,2306008618b5e4b61eac29a882f31fd11fde02e9,6bdfd1638136c08e9c6f1a1ece75c535c836c8498db0ab665a5a23e3f1207000,e6d087b7206099f5e2a2b9fe5ccfb842a9f9758dd534efd1207625e9c8868cccaee08d428d0e7411eec12f8f51087adb8b0b90e6d7bbdd6d966c32483a566f9b
Les Indestructibles,=,Les Indestructibles,Les Indestructibles / The Incredibles,theincredibles,France,2004-11-05,Helixe/Factor 5,THQ,#players:1 #genre:brawler #save:password #based:movie:disney #reboxed #lang:nl:fr,30f5a0d49aa5672707ac5751ebd1996e,2306008618b5e4b61eac29a882f31fd11fde02e9,6bdfd1638136c08e9c6f1a1ece75c535c836c8498db0ab665a5a23e3f1207000,e6d087b7206099f5e2a2b9fe5ccfb842a9f9758dd534efd1207625e9c8868cccaee08d428d0e7411eec12f8f51087adb8b0b90e6d7bbdd6d966c32483a566f9b
The Lion King,Disney's The Lion King,The Lion King,Disney: The Lion King / Disney: Løvernes Konge / Disney's De Leeuwenkoning / Disney: Le Roi Lion / Disney: Der König der Löwen / Disney: Il Re Leone / Disney: El Rey León / Disney: Lejon Kungen,thelionking1andahalf,Europe,2003-10-31,Vicarious Visions,THQ,#players:1 #genre:action>platformer #embedded:backup>eeprom #save:backup #based:movie:disney #lang:en:fr:de:es:it:nl:sv:da,3f1cb5398649ff0c43673e73cad3010e,41ee9ed772264a2bb2edb8adfc7e9d3a58b00392,784850586e24e51475a8fe3f0e26b6af2f44b535da98aa6b2111be928fc37bca,73d1184dd2ac84bda1aea8cecef66a3a4df9cbba589a2c454c29c9558c5a80158a0ad9e14041d76e3fcd7fc09e9e7478db8620acbb190477d124be47c670e6fa
Der König der Löwen,Disneys Der König der Löwen,Der König der Löwen,Disney: The Lion King / Disney: Løvernes Konge / Disney's De Leeuwenkoning / Disney: Le Roi Lion / Disney: Der König der Löwen / Disney: Il Re Leone / Disney: El Rey León / Disney: Lejon Kungen,thelionking1andahalf,Germany,2003-10-31,Vicarious Visions,THQ,#players:1 #genre:action>platformer #embedded:backup>eeprom #save:backup #based:movie:disney #reboxed #lang:en:fr:de:es:it:nl:sv:da,3f1cb5398649ff0c43673e73cad3010e,41ee9ed772264a2bb2edb8adfc7e9d3a58b00392,784850586e24e51475a8fe3f0e26b6af2f44b535da98aa6b2111be928fc37bca,73d1184dd2ac84bda1aea8cecef66a3a4df9cbba589a2c454c29c9558c5a80158a0ad9e14041d76e3fcd7fc09e9e7478db8620acbb190477d124be47c670e6fa
El Rey León,Disney: El Rey León,El Rey León,Disney: The Lion King / Disney: Løvernes Konge / Disney's De Leeuwenkoning / Disney: Le Roi Lion / Disney: Der König der Löwen / Disney: Il Re Leone / Disney: El Rey León / Disney: Lejon Kungen,thelionking1andahalf,Spain,2003-10-31,Vicarious Visions,THQ,#players:1 #genre:action>platformer #embedded:backup>eeprom #save:backup #based:movie:disney #reboxed #lang:en:fr:de:es:it:nl:sv:da,3f1cb5398649ff0c43673e73cad3010e,41ee9ed772264a2bb2edb8adfc7e9d3a58b00392,784850586e24e51475a8fe3f0e26b6af2f44b535da98aa6b2111be928fc37bca,73d1184dd2ac84bda1aea8cecef66a3a4df9cbba589a2c454c29c9558c5a80158a0ad9e14041d76e3fcd7fc09e9e7478db8620acbb190477d124be47c670e6fa
Il Re Leone,Disney: Il Re Leone,Il Re Leone,Disney: The Lion King / Disney: Løvernes Konge / Disney's De Leeuwenkoning / Disney: Le Roi Lion / Disney: Der König der Löwen / Disney: Il Re Leone / Disney: El Rey León / Disney: Lejon Kungen,thelionking1andahalf,Italy,2003-10-31,Vicarious Visions,THQ,#players:1 #genre:action>platformer #embedded:backup>eeprom #save:backup #based:movie:disney #reboxed #lang:en:fr:de:es:it:nl:sv:da,3f1cb5398649ff0c43673e73cad3010e,41ee9ed772264a2bb2edb8adfc7e9d3a58b00392,784850586e24e51475a8fe3f0e26b6af2f44b535da98aa6b2111be928fc37bca,73d1184dd2ac84bda1aea8cecef66a3a4df9cbba589a2c454c29c9558c5a80158a0ad9e14041d76e3fcd7fc09e9e7478db8620acbb190477d124be47c670e6fa
Le Roi Lion,Disney: Le Roi Lion,Le Roi Lion,Disney: The Lion King / Disney: Løvernes Konge / Disney's De Leeuwenkoning / Disney: Le Roi Lion / Disney: Der König der Löwen / Disney: Il Re Leone / Disney: El Rey León / Disney: Lejon Kungen,thelionking1andahalf,France,2003-10-31,Vicarious Visions,THQ,#players:1 #genre:action>platformer #embedded:backup>eeprom #save:backup #based:movie:disney #reboxed #lang:en:fr:de:es:it:nl:sv:da,3f1cb5398649ff0c43673e73cad3010e,41ee9ed772264a2bb2edb8adfc7e9d3a58b00392,784850586e24e51475a8fe3f0e26b6af2f44b535da98aa6b2111be928fc37bca,73d1184dd2ac84bda1aea8cecef66a3a4df9cbba589a2c454c29c9558c5a80158a0ad9e14041d76e3fcd7fc09e9e7478db8620acbb190477d124be47c670e6fa
The Lion King 1½,Disney's The Lion King 1½,The Lion King 1½,Disney: The Lion King 1½,thelionking1andahalf,USA,2003-09-30,Vicarious Visions,Disney,#players:1 #genre:action>platformer #embedded:backup>eeprom #save:backup #based:movie:disney #lang:en,6a987dc5a8f0e87e1e055ee65f7e99c9,382de6da61c5dc5c2844f5ffa28a1827d15319b1,42fda2c2ee0048ab926b929de99176a5f47b740c8d68f03c59a9128b325aed7e,46c57a39600ea08ade7e3b24a1c27c05bf1e4a625b35fb866e935b49ca59a900659a07c0ca0d140aadb89949bfc18eefa288313a94012252714da5a0d060da9a
The SpongeBob SquarePants Movie,=,The SpongeBob SquarePants Movie,The SpongeBob SquarePants Movie / Bob L'Éponge: Le Film / De SpongeBob SquarePants Film / SpongeBob: Il Film / Der SpongeBob Schwammkopf Film / Bob Esponja: La Película,thespongebobsquarepantsmovie,Europe,2005-02-04,WayForward,THQ,#players:1 #genre:action>platformer #save:password #based:movie #lang:en:fr:nl:it:de:es,8ea169d37c038ea5f0cf9a1fb39554b7,08161f0f5ca8884a94e73a526afd5a35a5da93de,965a93d0d1a355cb563db32010534995ac5321d8b14f490e098f9f102de3f526,1ab1362adcbe5984739de07f4ed4dcf7c22accf6cb49efd3771e323cb12fd3549511927b900219353ae05d17a88a6da8da15c6f0d24b4919f86c9b448bad70ce
Bob Esponja: La Película,=,Bob Esponja: La Película,The SpongeBob SquarePants Movie / Bob L'Éponge: Le Film / De SpongeBob SquarePants Film / SpongeBob: Il Film / Der SpongeBob Schwammkopf Film / Bob Esponja: La Película,thespongebobsquarepantsmovie,Spain,2005-02-04,WayForward,THQ,#players:1 #genre:action>platformer #save:password #based:movie #reboxed #lang:en:fr:nl:it:de:es,8ea169d37c038ea5f0cf9a1fb39554b7,08161f0f5ca8884a94e73a526afd5a35a5da93de,965a93d0d1a355cb563db32010534995ac5321d8b14f490e098f9f102de3f526,1ab1362adcbe5984739de07f4ed4dcf7c22accf6cb49efd3771e323cb12fd3549511927b900219353ae05d17a88a6da8da15c6f0d24b4919f86c9b448bad70ce
Bob L'Éponge: Le Film,=,Bob L'Éponge: Le Film,The SpongeBob SquarePants Movie / Bob L'Éponge: Le Film / De SpongeBob SquarePants Film / SpongeBob: Il Film / Der SpongeBob Schwammkopf Film / Bob Esponja: La Película,thespongebobsquarepantsmovie,France,2005-02-04,WayForward,THQ,#players:1 #genre:action>platformer #save:password #based:movie #reboxed #lang:en:fr:nl:it:de:es,8ea169d37c038ea5f0cf9a1fb39554b7,08161f0f5ca8884a94e73a526afd5a35a5da93de,965a93d0d1a355cb563db32010534995ac5321d8b14f490e098f9f102de3f526,1ab1362adcbe5984739de07f4ed4dcf7c22accf6cb49efd3771e323cb12fd3549511927b900219353ae05d17a88a6da8da15c6f0d24b4919f86c9b448bad70ce
De SpongeBob SquarePants Film,=,De SpongeBob SquarePants Film,The SpongeBob SquarePants Movie / Bob L'Éponge: Le Film / De SpongeBob SquarePants Film / SpongeBob: Il Film / Der SpongeBob Schwammkopf Film / Bob Esponja: La Película,thespongebobsquarepantsmovie,Netherlands,2005-02-04,WayForward,THQ,#players:1 #genre:action>platformer #save:password #based:movie #reboxed #lang:en:fr:nl:it:de:es,8ea169d37c038ea5f0cf9a1fb39554b7,08161f0f5ca8884a94e73a526afd5a35a5da93de,965a93d0d1a355cb563db32010534995ac5321d8b14f490e098f9f102de3f526,1ab1362adcbe5984739de07f4ed4dcf7c22accf6cb49efd3771e323cb12fd3549511927b900219353ae05d17a88a6da8da15c6f0d24b4919f86c9b448bad70ce
Der SpongeBob Schwammkopf Film,=,Der SpongeBob Schwammkopf Film,The SpongeBob SquarePants Movie / Bob L'Éponge: Le Film / De SpongeBob SquarePants Film / SpongeBob: Il Film / Der SpongeBob Schwammkopf Film / Bob Esponja: La Película,thespongebobsquarepantsmovie,Germany,2005-02-04,WayForward,THQ,#players:1 #genre:action>platformer #save:password #based:movie #reboxed #lang:en:fr:nl:it:de:es,8ea169d37c038ea5f0cf9a1fb39554b7,08161f0f5ca8884a94e73a526afd5a35a5da93de,965a93d0d1a355cb563db32010534995ac5321d8b14f490e098f9f102de3f526,1ab1362adcbe5984739de07f4ed4dcf7c22accf6cb49efd3771e323cb12fd3549511927b900219353ae05d17a88a6da8da15c6f0d24b4919f86c9b448bad70ce
SpongeBob: Il Film,=,SpongeBob: Il Film,The SpongeBob SquarePants Movie / Bob L'Éponge: Le Film / De SpongeBob SquarePants Film / SpongeBob: Il Film / Der SpongeBob Schwammkopf Film / Bob Esponja: La Película,thespongebobsquarepantsmovie,Italy,2005-02-04,WayForward,THQ,#players:1 #genre:action>platformer #save:password #based:movie #reboxed #lang:en:fr:nl:it:de:es,8ea169d37c038ea5f0cf9a1fb39554b7,08161f0f5ca8884a94e73a526afd5a35a5da93de,965a93d0d1a355cb563db32010534995ac5321d8b14f490e098f9f102de3f526,1ab1362adcbe5984739de07f4ed4dcf7c22accf6cb49efd3771e323cb12fd3549511927b900219353ae05d17a88a6da8da15c6f0d24b4919f86c9b448bad70ce
The SpongeBob SquarePants Movie,=,The SpongeBob SquarePants Movie,=,thespongebobsquarepantsmovie,USA,2004-10-27,WayForward,THQ,#players:1 #genre:action>platformer #save:password #based:movie #lang:en,8d76ff1a5411fbd8ba0010dbcd0e5aa2,4509e7c3f2ea17d98a3cd3974d9c936713b45f67,4c2f3bea041530f6998d61f5cc8ac5864d20d396a94780c456a40d6aee79d31b,2c245411775414591675100999d3d369a9cfc579cdf7ceed5fc8e760f9d4dbe0a4aa6e9517de5b3bbc1fdd14562214c710bced7d259206fd193d8e3940c7e484
The SpongeBob SquarePants Movie,=,The SpongeBob SquarePants Movie,=,thespongebobsquarepantsmovie,USA,2004,WayForward,THQ,#players:1 #genre:action>platformer #save:password #based:movie #lang:en #unfinished:beta>1,effa1b8ae6a342dc47f1ad1228c78965,68c7be5be01db6d428a4fe7c5b54ec58f6f793e4,5f9824e33ffebaf42dc4b5ac618482ced3feb04ccf386a81923be39f4e06ad20,111d3e2032d0f3e6563e6b0cf2678c51af949c15fe62dd89c89a8325e7830255f88893a7658d9650c65fb1e0aba1bcad8176afb6f7be2e2e5ae7437ba4334fe1
The SpongeBob SquarePants Movie,=,The SpongeBob SquarePants Movie,=,thespongebobsquarepantsmovie,USA,2004,WayForward,THQ,#players:1 #genre:action>platformer #save:password #based:movie #lang:en #unfinished:beta>2,17dd0e3e76207e30614768482078cc3f,3e7a5a0f62a7319d0ebf3d302377b08f3f4cdd8e,ec94dcbb9cb1a341c38d10edf729ca559347ebb3dced6ef60e20347d9b8bef86,c1bb880e692915e8452bfbcc99a73256a048a440072686aca88563b03815352faefcac4e0ce3116cb07f5421cd7627145638fd8a4d4d60dc44dbd73fdcb29d1e
The Wild Thornberrys Movie,=,The Wild Thornberrys Movie,=,thewildthornberrysmovie,Europe,2002-12-12,Human Soft,THQ,#players:1 #genre:action:adventure #save:password #based:movie #lang:en,2c278a2282ea14997ef4202d205f91bb,6bed328b3ce2c6d228e81c9fa7dc0806ee697b94,53dadc585472af4b250faf522dd2e3c80320f1f909cc629cd4bf1d57509bfcd6,00797ed489c0039ef6404ad26476717c49408b650795b67e57bc50f0799227a112c9bd3bd8577c05d580407de952ec5ed60f0564fa3b5be0dc70a8ce05493e9c
The Wild Thornberrys Movie,=,The Wild Thornberrys Movie,=,thewildthornberrysmovie,USA,2002-11-13,Human Soft,THQ,#players:1 #genre:action:adventure #save:password #based:movie #lang:en,2c278a2282ea14997ef4202d205f91bb,6bed328b3ce2c6d228e81c9fa7dc0806ee697b94,53dadc585472af4b250faf522dd2e3c80320f1f909cc629cd4bf1d57509bfcd6,00797ed489c0039ef6404ad26476717c49408b650795b67e57bc50f0799227a112c9bd3bd8577c05d580407de952ec5ed60f0564fa3b5be0dc70a8ce05493e9c
The Wild Thornberrys Movie,=,The Wild Thornberrys Movie,=,thewildthornberrysmovie,USA/Europe,2002,Human Soft,THQ,#players:1 #genre:action:adventure #save:password #based:movie #lang:en #unfinished:beta,2af652bd8eaae10cac539bf9f2491e45,a70b9d4898ae6a943abd3602f5ee3b351cc8dcc1,9c60e94a712b141a8a241937e6c4b3a1ad08777d59c6a2cf587ff74e6bde4c9a,f8ea5f95ce2764ca086c57fa07e13ca83a323e5d7bd0d743b4ad4ceb5dca4c5315b2721e02636fa0ffe38a63d658a77c926f664d3be8cfb556da7673cbed9cfb
Titeuf: Méga Compet',=,Titeuf: Méga Compet',=,titeufmegacompet,France,2004-09-29,Eden/Dream On Studio,Atari,#players:2:vs #genre:minigames:shmup:rhythm #save:password #based #lang:fr,8735e3aaab28d157cd5cb0b0c6666b0d,ff59a9810adc3270295763282c9d86d549f58a6f,96e79ebf8237368f3abd151dad8098e0522757899e5d76b0a48aba21b114c03a,4f2421585cbb10f275af2c86388453931790e210c11ae1ac059bb53803f67ac2e9af4d11a488a42431a24cc2b8f6c0d3bc332eeb8713e6b91a804c8474aea9f3
Titeuf: Méga Compet',=,Titeuf: Méga Compet',=,titeufmegacompet,France,2004,Eden/Dream On Studio,Atari,#players:2:vs #genre:minigames:shmup #save:password #based #lang:fr #unfinished:beta,9b4f26154fa4cd9501dfe75fb155207e,1ed43c7419b22b1147bd7e3198de52f4c8d3003d,f637bfbebc5055bdbaa8a391d7e0deebf6dcf8333a9440e7749985ff4fd686ca,dd9106ff38b19c727ceb690751801d839e238e69a4036bca2ddecbc38e2d4c4e33a81750c1b7f66e19e55dd697f608cccd0bb24999112491335e789bc4123b5b
Titeuf: Ze Gag Machine,=,Titeuf: Ze Gagmachine,=,titeufzegagmachine,France,2002-11-29,Teddy's Day/3D Light Team,Infogrames,#players:1 #genre:action:adventure #save:password #based #lang:fr,6c09cbd11ae826b83fe54e3f99a17477,1802756418ea97fde2f9a685f56c6fe6ef0418b6,b80a467771fa285490b9bd4c029a9274533b2989e2e32ff63f07f0e6f78c042c,3d0ae0f9eaa51824db2382a78f2997692d87ce295510e7049b6301856047338eb4f2ee0cab48e96ce33d203e80db5f05706e80a8756f851138af97ae8bf2fd9d
Tony Hawk's Underground,=,Tony Hawk's Underground,=,tonyhawksunderground,Europe,2003-11-21,Vicarious Visions,Activision,#players:2:vs #genre:action:sports>skateboarding #addon:link>gbalinkcable #embedded:backup>eeprom #save:backup #search:keyword>endorsed #lang:en,cf489b93e646c5f102ef2c8cc8fa64cf,54584741d76d2bd136cc56d5b858f6a3bcd81e0b,74c7ac7cfdb488c109ac931791b723fbe9ff16351eb8d6c48b40393a6eeb5860,da8011baac88360b8483c8a2ff733870fead25ac6c23530fd47b08af8220d588cd8a6af04bb9bb3b034fb36d581256ff7cf9f61228f086704a2b556ab89ff6c9
Tony Hawk's Underground,=,Tony Hawk's Underground,=,tonyhawksunderground,USA,2003-10-27,Vicarious Visions,Activision,#players:2:vs #genre:action:sports>skateboarding #addon:link>gbalinkcable #embedded:backup>eeprom #save:backup #search:keyword>endorsed #lang:en,cf489b93e646c5f102ef2c8cc8fa64cf,54584741d76d2bd136cc56d5b858f6a3bcd81e0b,74c7ac7cfdb488c109ac931791b723fbe9ff16351eb8d6c48b40393a6eeb5860,da8011baac88360b8483c8a2ff733870fead25ac6c23530fd47b08af8220d588cd8a6af04bb9bb3b034fb36d581256ff7cf9f61228f086704a2b556ab89ff6c9
(Tootuff: The Gag Machine),=,Tootuff: The Gagmachine,Titeuf: Ze Gag Machine / Titeuf: La Máquina de Bromas / Titeuf: Il Crakkatronic / Titeuf: Se Gagmachine / Tootuff: The Gagmachine,titeufzegagmachine,Europe,2002,3D Light Team,Infogrames,#players:1 #genre:action:adventure #save:password #based #lang:fr:es:it:de:en #unfinished:proto,904f77bb71669ae4e525857af2c0d23c,c58bdd97903f0b61742516a0cd21bc4551868c30,28249c2d1f7da4f870ba941baf76c70093a2573a03ce6f4d5fa6a89f42a3a2df,71abac013cbbb6a77b78d0bf7d5357c2d71813556b2e382fd5f9b4ea016b6c7cd021a5b2e918cb4201f782051f4944ba6b45e0ee38c5d2fb5a487561ae1b7bcb
Vecinos Invasores,DreamWorks: Vecinos Invasores,Vecinos Invasores,DreamWorks: Vecinos Invasores,overthehedge,Spain,2006-06-23,Vicarious Visions,Activision,#players:1 #genre:action:adventure #embedded:backup>eeprom #save:backup #based:movie #lang:es,cec79164d58deace2122ba2e4a9cdd65,3fd93347ca0fa8fda2a5bf88ff26dfd1d2de1d9e,1829d8996944908d3132ca2c496e0dd34fc9801bfae7177f5d78b2c18aa1c740,0a1a8daddbbee1f4796952763dc95c8f4748b270f353f09bda8feb10f6c55b32777d1f017e28ee9b990ec6554d824404f4f184a801b04effc96444653d7fd493
V-Rally 3,=,V-Rally 3,=,vrally3,Europe,2002-06-21,Velez & Dubail,Atari,#players:2:vs #genre:racing:sports>rally #addon:link>gbalinkcable #embedded:backup>eeprom #save:backup #search:keyword>brand #lang:en:fr:de:es:it,37205e649905cc4f714ffbb0f3b41307,edc0dce8388b92e89bbe34cdeefc1320f4c392a1,b974a2a1a2864223d7849cd601308464017223930ab6b05a44813998ff39f71a,6128664a2e7bbb8cd97fea663d2e27ae7ca108bbb80c424e4eabcbef20badd279e8faf9c8481c14f9adddad4443a605771720c7b5e527c9a9831b894048e85b6
V-Rally 3,=,V-Rally 3,=,vrally3,Japan,2002-06-27,Velez & Dubail,Atari,#players:2:vs #genre:racing:sports>rally #addon:link>gbalinkcable #embedded:backup>eeprom #save:backup #search:keyword>brand #lang:ja,70f0e0ba86c9bc154a32e9d583963825,26b1acecf2704829438ff693ec37c227a7bdddd4,a0d12343ccd24e68437c2f6b3fe4b221d23ca7bef26b650dd1b41e4705095c95,b2f9c9aeaa9327309017cbc5665dc565281f831c2270651cdccb31231b6fb2b2ea3b45a04df2f6c56c36629d66ed4ce3c14b6feddb14000f2c4a88c4895e198e
V-Rally 3,=,V-Rally 3,=,vrally3,USA,2002-09-30,Velez & Dubail,Atari,#players:2:vs #genre:racing:sports>rally #addon:link>gbalinkcable #embedded:backup>eeprom #save:backup #search:keyword>brand #lang:en:fr:es,cf1673c920ef1d24c4f4b21effcc03f0,00a44c715aadd4ad3674f8d108271cdcb791cc16,5818fa74fdcacf39b53a1acea99432c4362979dd656c8153fd9861094aca51f7,f38cfe86ecd7aebb3bffee924e6e47e03a6cf58cfa263cee0bbb55707d2c5df2e3b30222fcf122eb8f36593421d7aae3aa526cb9bc38aaa4a11f0013905ac69b
X-Men 2: Wolverine's Revenge,=,X2: Wolverine's Revenge,=,x2wolverinesrevenge,Europe,2003-04-17,Vicarious Vision,Activision,#players:1 #genre:action>hackandslash #based:movie:marvel #search:feature>xmen #lang:en,69662d33f665b2e00e4f95aa75b16a6a,dc2e861013a9b6a65b9bcd122f070c8f55d1471b,26eac12f29b1bec1cd0f206c3a050dc50b8be91a210b19f210a2176df5308f40,1dd26dbd72d1fdb45372724477bc28c4fc546941b31485737d04c2520c997557e1b35f24a8b321c4fcfa36812546e548452e197df23448aa05936a128cc9b9a1
X2: Wolverine's Revenge,=,X2: Wolverine's Revenge,=,x2wolverinesrevenge,USA,2003-04-15,Vicarious Vision,Activision,#players:1 #genre:action>hackandslash #embedded:backup>eeprom #save:backup #based:movie:marvel #search:feature>xmen #lang:en,69662d33f665b2e00e4f95aa75b16a6a,dc2e861013a9b6a65b9bcd122f070c8f55d1471b,26eac12f29b1bec1cd0f206c3a050dc50b8be91a210b19f210a2176df5308f40,1dd26dbd72d1fdb45372724477bc28c4fc546941b31485737d04c2520c997557e1b35f24a8b321c4fcfa36812546e548452e197df23448aa05936a128cc9b9a1
X-Men 2: La Vengeance de Wolverine,=,X-Men 2: La Vengeance de Wolverine,X2: X-Men 2: La Vengeance de Wolverine,x2wolverinesrevenge,France,2003-04-17,Vicarious Vision,Activision,#players:1 #genre:action>hackandslash #based:movie:marvel #search:feature>xmen #lang:fr,01af1ed83c07af653edd6f6a314f1a3a,2d9f5f0d5143f92ce1585cb86684b29fbdc75594,5a61f7b1626dce0c0afea38bd0621e6af85fd80c49b217dd7c88a4242cfcd338,4041a0fc8537b0cb756408ad021d7400f603e9173dd052444661183c499d8b59331cedfb8d5030081322b942fb9569a51054fec18f99613d06ee470161b0a504
Zoku Bokura no Taiyō: Taiyō Shōnen Django,続・ボクらの太陽 太陽少年ジャンゴ,Zoku Bokura no Taiyō: Taiyō Shōnen Django,続・ボクらの太陽 太陽少年ジャンゴ,zokubokuranotaiyoutaiyoushounendjango,Japan,2004-07-22,KCEJ,Konami,#players:4:vs #genre:rpg>a #addon:link>gbalinkcable>wirelessadapter #embedded:uvsensor:chip>rtc:backup>battery>eeprom #save:backup #lang:ja,f4e3dead5af182598623cf89f9a428f4,54a4dcdeca2ee9a22559eb104b88586386639097,dbdd96dc07d23f12f9044e072507d2be1915fd4f40b6f40876bc0ebf34b11fc7,354b4dafe047f5b3d2abbdaa7744b7d4ed7d5c3552db7789ca364c4db222b9612dfe46465f34037ac91d163be1355a1e27846e51a7a2e6de4e82912fec1661e6
Zoku Bokura no Taiyō: Taiyō Shōnen Django (Konami The Best),続 ボクらの太陽 太陽少年ジャンゴ (コナミ ザ・ベスト),Zoku Bokura no Taiyō: Taiyō Shōnen Django,続 ボクらの太陽 太陽少年ジャンゴ,zokubokuranotaiyoutaiyoushounendjango,Japan,,KCEJ,Konami,#players:4:vs #genre:rpg>a #addon:link>gbalinkcable>wirelessadapter #embedded:uvsensor:chip>rtc:backup>battery>eeprom #save:backup #reboxed:konamithebest #lang:ja #rev:1,6449dc62cdf67c4d4d293febd38dcfda,1a81843c3070decea4cbca20c4563541400b2437,65856f9d2eff795ae2aa5c3162e6a5f093dad40bedcb148be5a7d72c8d8ee7e3,666eea7b60b5b64e8becbe4f26cb02e84274ba7179bcd1406e46889665137b7af9ec5adeadb1b94fa2d1e9c4cf1c9cb021d30161f493dbb407b6f93d43959ce8
